,avg,prod,staff,temp,humid,wind,rain,hour,dow,month,tariff_season,labor_mult
avg,1.0,0.758,0.715,0.072,-0.099,0.128,-0.021,0.127,-0.4,0.037,0.053,-0.253
prod,0.758,1.0,0.993,0.123,-0.065,0.083,-0.001,0.082,-0.423,0.117,0.104,-0.208
staff,0.715,0.993,1.0,0.105,-0.063,0.076,-0.003,0.067,-0.409,0.105,0.09,-0.182
temp,0.072,0.123,0.105,1.0,0.351,-0.152,0.049,0.105,0.011,0.875,0.834,-0.191
humid,-0.099,-0.065,-0.063,0.351,1.0,-0.434,0.441,-0.153,0.047,0.538,0.517,0.307
wind,0.128,0.083,0.076,-0.152,-0.434,1.0,-0.01,0.106,0.002,-0.251,-0.26,-0.366
rain,-0.021,-0.001,-0.003,0.049,0.441,-0.01,1.0,-0.006,-0.002,0.123,0.111,-0.019
hour,0.127,0.082,0.067,0.105,-0.153,0.106,-0.006,1.0,0.0,0.0,0.0,-0.167
dow,-0.4,-0.423,-0.409,0.011,0.047,0.002,-0.002,0.0,1.0,-0.012,-0.02,-0.003
month,0.037,0.117,0.105,0.875,0.538,-0.251,0.123,0.0,-0.012,1.0,0.843,0.006
tariff_season,0.053,0.104,0.09,0.834,0.517,-0.26,0.111,0.0,-0.02,0.843,1.0,0.007
labor_mult,-0.253,-0.208,-0.182,-0.191,0.307,-0.366,-0.019,-0.167,-0.003,0.006,0.007,1.0
