scenario,alpha,가동일 일피크 평균 감소(kW),가동일 일피크 평균 감소(%),월최대피크 평균 감소(kW),요금적용전력 전(kW),요금적용전력 후(kW),연간 기본요금 절감(원),전력량요금 변화(원/기간),시나리오
S1,0.1,0.8,0.4,0.0,222.0,222.0,0.0,-380.1,S1 순차 기동(기동부하 1~2h 선기동)
S1,0.2,0.8,0.4,0.0,222.0,222.0,0.0,-380.1,S1 순차 기동(기동부하 1~2h 선기동)
S1,0.3,0.8,0.4,0.0,222.0,222.0,0.0,-380.1,S1 순차 기동(기동부하 1~2h 선기동)
S2,0.1,0.2,0.1,0.0,222.0,222.0,0.0,-75.4,S2 점심 교대(13시 재가동 분산)
S2,0.2,0.2,0.1,0.0,222.0,222.0,0.0,-75.4,S2 점심 교대(13시 재가동 분산)
S2,0.3,0.2,0.1,0.0,222.0,222.0,0.0,-75.4,S2 점심 교대(13시 재가동 분산)
S3,0.1,10.8,5.4,13.7,222.0,206.4,1398384.0,7374.2,S3 주간→저녁 생산 이전(17~22시)
S3,0.2,19.7,9.8,24.2,222.0,194.8,2438208.0,16853.9,S3 주간→저녁 생산 이전(17~22시)
S3,0.3,24.2,12.1,26.0,222.0,194.0,2509920.0,1287.5,S3 주간→저녁 생산 이전(17~22시)
S4,0.1,11.2,5.6,13.7,222.0,206.4,1398384.0,-2720.6,S4 ±2h 가동시점 최적화(상한)
S4,0.2,22.4,11.3,24.2,222.0,194.8,2438208.0,-29097.9,S4 ±2h 가동시점 최적화(상한)
S4,0.3,32.5,16.3,34.6,222.0,183.5,3451140.0,-88020.3,S4 ±2h 가동시점 최적화(상한)
