date,month,orig_peak,orig_cost,scenario,alpha,new_peak,new_cost
2021-07-01,7,206.0,367421.9,S1,0.1,206.0,367421.9
2021-07-01,7,206.0,367421.9,S1,0.2,206.0,367421.9
2021-07-01,7,206.0,367421.9,S1,0.3,206.0,367421.9
2021-07-01,7,206.0,367421.9,S2,0.1,197.0,367346.525
2021-07-01,7,206.0,367421.9,S2,0.2,197.0,367346.525
2021-07-01,7,206.0,367421.9,S2,0.3,197.0,367346.525
2021-07-01,7,206.0,367421.9,S3,0.1,195.7,367421.9
2021-07-01,7,206.0,367421.9,S3,0.2,185.4,367532.45
2021-07-01,7,206.0,367421.9,S3,0.3,175.1,367034.13749999995
2021-07-01,7,206.0,367421.9,S4,0.1,195.7,367421.89999999997
2021-07-01,7,206.0,367421.9,S4,0.2,185.4,367189.075
2021-07-01,7,206.0,367421.9,S4,0.3,175.1,366343.145
2021-07-02,7,187.0,346997.9,S1,0.1,187.0,346997.9
2021-07-02,7,187.0,346997.9,S1,0.2,187.0,346997.9
2021-07-02,7,187.0,346997.9,S1,0.3,187.0,346997.9
2021-07-02,7,187.0,346997.9,S2,0.1,187.0,346997.9
2021-07-02,7,187.0,346997.9,S2,0.2,187.0,346997.9
2021-07-02,7,187.0,346997.9,S2,0.3,187.0,346997.9
2021-07-02,7,187.0,346997.9,S3,0.1,178.95,347065.7375
2021-07-02,7,187.0,346997.9,S3,0.2,175.0,347131.89999999997
2021-07-02,7,187.0,346997.9,S3,0.3,175.0,347131.89999999997
2021-07-02,7,187.0,346997.9,S4,0.1,178.95000000000002,346971.9375
2021-07-02,7,187.0,346997.9,S4,0.2,170.89999999999998,346733.25
2021-07-02,7,187.0,346997.9,S4,0.3,162.85000000000002,346064.445
2021-07-03,7,112.0,102228.82499999998,S1,0.1,112.0,102228.82499999998
2021-07-03,7,112.0,102228.82499999998,S1,0.2,112.0,102228.82499999998
2021-07-03,7,112.0,102228.82499999998,S1,0.3,112.0,102228.82499999998
2021-07-03,7,112.0,102228.82499999998,S2,0.1,112.0,102228.82499999998
2021-07-03,7,112.0,102228.82499999998,S2,0.2,112.0,102228.82499999998
2021-07-03,7,112.0,102228.82499999998,S2,0.3,112.0,102228.82499999998
2021-07-03,7,112.0,102228.82499999998,S3,0.1,112.0,102228.82499999998
2021-07-03,7,112.0,102228.82499999998,S3,0.2,112.0,102228.82499999998
2021-07-03,7,112.0,102228.82499999998,S3,0.3,112.0,102228.82499999998
2021-07-03,7,112.0,102228.82499999998,S4,0.1,112.0,102228.82499999998
2021-07-03,7,112.0,102228.82499999998,S4,0.2,112.0,102228.82499999998
2021-07-03,7,112.0,102228.82499999998,S4,0.3,112.0,102228.82499999998
2021-07-04,7,28.0,59191.799999999996,S1,0.1,28.0,59191.799999999996
2021-07-04,7,28.0,59191.799999999996,S1,0.2,28.0,59191.799999999996
2021-07-04,7,28.0,59191.799999999996,S1,0.3,28.0,59191.799999999996
2021-07-04,7,28.0,59191.799999999996,S2,0.1,28.0,59191.799999999996
2021-07-04,7,28.0,59191.799999999996,S2,0.2,28.0,59191.799999999996
2021-07-04,7,28.0,59191.799999999996,S2,0.3,28.0,59191.799999999996
2021-07-04,7,28.0,59191.799999999996,S3,0.1,28.0,59191.799999999996
2021-07-04,7,28.0,59191.799999999996,S3,0.2,28.0,59191.799999999996
2021-07-04,7,28.0,59191.799999999996,S3,0.3,28.0,59191.799999999996
2021-07-04,7,28.0,59191.799999999996,S4,0.1,28.0,59191.799999999996
2021-07-04,7,28.0,59191.799999999996,S4,0.2,28.0,59191.799999999996
2021-07-04,7,28.0,59191.799999999996,S4,0.3,28.0,59191.799999999996
2021-07-05,7,185.0,294787.1,S1,0.1,185.0,294787.1
2021-07-05,7,185.0,294787.1,S1,0.2,185.0,294787.1
2021-07-05,7,185.0,294787.1,S1,0.3,185.0,294787.1
2021-07-05,7,185.0,294787.1,S2,0.1,185.0,294787.1
2021-07-05,7,185.0,294787.1,S2,0.2,185.0,294787.1
2021-07-05,7,185.0,294787.1,S2,0.3,185.0,294787.1
2021-07-05,7,185.0,294787.1,S3,0.1,168.8,295371.675
2021-07-05,7,185.0,294787.1,S3,0.2,163.0,294837.35000000003
2021-07-05,7,185.0,294787.1,S3,0.3,163.0,294837.35000000003
2021-07-05,7,185.0,294787.1,S4,0.1,168.8,294682.45999999996
2021-07-05,7,185.0,294787.1,S4,0.2,152.6,292253.57999999996
2021-07-05,7,185.0,294787.1,S4,0.3,145.1907407407413,289741.04888888885
2021-07-06,7,193.0,351262.65,S1,0.1,193.0,351262.65
2021-07-06,7,193.0,351262.65,S1,0.2,193.0,351262.65
2021-07-06,7,193.0,351262.65,S1,0.3,193.0,351262.65
2021-07-06,7,193.0,351262.65,S2,0.1,193.0,351262.65
2021-07-06,7,193.0,351262.65,S2,0.2,193.0,351262.65
2021-07-06,7,193.0,351262.65,S2,0.3,193.0,351262.65
2021-07-06,7,193.0,351262.65,S3,0.1,184.0,351346.4
2021-07-06,7,193.0,351262.65,S3,0.2,175.0,351656.275
2021-07-06,7,193.0,351262.65,S3,0.3,166.0,351430.15
2021-07-06,7,193.0,351262.65,S4,0.1,184.0,351262.65
2021-07-06,7,193.0,351262.65,S4,0.2,175.0,351104.67500000005
2021-07-06,7,193.0,351262.65,S4,0.3,166.0,350319.425
2021-07-07,7,203.0,356245.02499999997,S1,0.1,203.0,356245.02499999997
2021-07-07,7,203.0,356245.02499999997,S1,0.2,203.0,356245.02499999997
2021-07-07,7,203.0,356245.02499999997,S1,0.3,203.0,356245.02499999997
2021-07-07,7,203.0,356245.02499999997,S2,0.1,203.0,356245.02499999997
2021-07-07,7,203.0,356245.02499999997,S2,0.2,203.0,356245.02499999997
2021-07-07,7,203.0,356245.02499999997,S2,0.3,203.0,356245.02499999997
2021-07-07,7,203.0,356245.02499999997,S3,0.1,193.2,356327.1
2021-07-07,7,203.0,356245.02499999997,S3,0.2,183.4,356546.525
2021-07-07,7,203.0,356245.02499999997,S3,0.3,179.0,356755.9
2021-07-07,7,203.0,356245.02499999997,S4,0.1,193.2,356245.025
2021-07-07,7,203.0,356245.02499999997,S4,0.2,183.4,356245.025
2021-07-07,7,203.0,356245.02499999997,S4,0.3,173.6,355822.83499999996
2021-07-08,7,201.0,360609.6,S1,0.1,201.0,360609.6
2021-07-08,7,201.0,360609.6,S1,0.2,201.0,360609.6
2021-07-08,7,201.0,360609.6,S1,0.3,201.0,360609.6
2021-07-08,7,201.0,360609.6,S2,0.1,201.0,360609.6
2021-07-08,7,201.0,360609.6,S2,0.2,201.0,360609.6
2021-07-08,7,201.0,360609.6,S2,0.3,201.0,360609.6
2021-07-08,7,201.0,360609.6,S3,0.1,191.1,360692.5125
2021-07-08,7,201.0,360609.6,S3,0.2,181.2,361001.55
2021-07-08,7,201.0,360609.6,S3,0.3,171.3,360001.57499999995
2021-07-08,7,201.0,360609.6,S4,0.1,191.1,360619.64999999997
2021-07-08,7,201.0,360609.6,S4,0.2,181.2,360154.0
2021-07-08,7,201.0,360609.6,S4,0.3,171.3,359345.77999999997
2021-07-09,7,192.0,347934.6,S1,0.1,192.0,347934.6
2021-07-09,7,192.0,347934.6,S1,0.2,192.0,347934.6
2021-07-09,7,192.0,347934.6,S1,0.3,192.0,347934.6
2021-07-09,7,192.0,347934.6,S2,0.1,192.0,347934.6
2021-07-09,7,192.0,347934.6,S2,0.2,192.0,347934.6
2021-07-09,7,192.0,347934.6,S2,0.3,192.0,347934.6
2021-07-09,7,192.0,347934.6,S3,0.1,183.2,347974.8
2021-07-09,7,192.0,347934.6,S3,0.2,174.4,348133.925
2021-07-09,7,192.0,347934.6,S3,0.3,174.0,348143.975
2021-07-09,7,192.0,347934.6,S4,0.1,183.2,347934.6
2021-07-09,7,192.0,347934.6,S4,0.2,174.4,347929.57499999995
2021-07-09,7,192.0,347934.6,S4,0.3,165.60000000000002,347056.83499999996
2021-07-10,7,106.0,104877.025,S1,0.1,106.0,104877.025
2021-07-10,7,106.0,104877.025,S1,0.2,106.0,104877.025
2021-07-10,7,106.0,104877.025,S1,0.3,106.0,104877.025
2021-07-10,7,106.0,104877.025,S2,0.1,106.0,104877.025
2021-07-10,7,106.0,104877.025,S2,0.2,106.0,104877.025
2021-07-10,7,106.0,104877.025,S2,0.3,106.0,104877.025
2021-07-10,7,106.0,104877.025,S3,0.1,106.0,104877.025
2021-07-10,7,106.0,104877.025,S3,0.2,106.0,104877.025
2021-07-10,7,106.0,104877.025,S3,0.3,106.0,104877.025
2021-07-10,7,106.0,104877.025,S4,0.1,106.0,104877.025
2021-07-10,7,106.0,104877.025,S4,0.2,106.0,104877.025
2021-07-10,7,106.0,104877.025,S4,0.3,106.0,104877.025
2021-07-11,7,28.0,59568.325,S1,0.1,28.0,59568.325
2021-07-11,7,28.0,59568.325,S1,0.2,28.0,59568.325
2021-07-11,7,28.0,59568.325,S1,0.3,28.0,59568.325
2021-07-11,7,28.0,59568.325,S2,0.1,28.0,59568.325
2021-07-11,7,28.0,59568.325,S2,0.2,28.0,59568.325
2021-07-11,7,28.0,59568.325,S2,0.3,28.0,59568.325
2021-07-11,7,28.0,59568.325,S3,0.1,28.0,59568.325
2021-07-11,7,28.0,59568.325,S3,0.2,28.0,59568.325
2021-07-11,7,28.0,59568.325,S3,0.3,28.0,59568.325
2021-07-11,7,28.0,59568.325,S4,0.1,28.0,59568.325
2021-07-11,7,28.0,59568.325,S4,0.2,28.0,59568.325
2021-07-11,7,28.0,59568.325,S4,0.3,28.0,59568.325
2021-07-12,7,198.0,312207.44999999995,S1,0.1,190.0,312033.3
2021-07-12,7,198.0,312207.44999999995,S1,0.2,190.0,312033.3
2021-07-12,7,198.0,312207.44999999995,S1,0.3,190.0,312033.3
2021-07-12,7,198.0,312207.44999999995,S2,0.1,198.0,312207.44999999995
2021-07-12,7,198.0,312207.44999999995,S2,0.2,198.0,312207.44999999995
2021-07-12,7,198.0,312207.44999999995,S2,0.3,198.0,312207.44999999995
2021-07-12,7,198.0,312207.44999999995,S3,0.1,180.5,313032.3875
2021-07-12,7,198.0,312207.44999999995,S3,0.2,175.0,312567.57499999995
2021-07-12,7,198.0,312207.44999999995,S3,0.3,175.0,312567.57499999995
2021-07-12,7,198.0,312207.44999999995,S4,0.1,180.5,311817.425
2021-07-12,7,198.0,312207.44999999995,S4,0.2,163.0,309637.325
2021-07-12,7,198.0,312207.44999999995,S4,0.3,154.10000000000048,306751.13
2021-07-14,7,195.0,345895.69999999995,S1,0.1,195.0,345895.69999999995
2021-07-14,7,195.0,345895.69999999995,S1,0.2,195.0,345895.69999999995
2021-07-14,7,195.0,345895.69999999995,S1,0.3,195.0,345895.69999999995
2021-07-14,7,195.0,345895.69999999995,S2,0.1,195.0,345895.69999999995
2021-07-14,7,195.0,345895.69999999995,S2,0.2,195.0,345895.69999999995
2021-07-14,7,195.0,345895.69999999995,S2,0.3,195.0,345895.69999999995
2021-07-14,7,195.0,345895.69999999995,S3,0.1,185.65,346002.48125
2021-07-14,7,195.0,345895.69999999995,S3,0.2,179.0,346364.7
2021-07-14,7,195.0,345895.69999999995,S3,0.3,179.0,346364.7
2021-07-14,7,195.0,345895.69999999995,S4,0.1,185.65,345864.7125
2021-07-14,7,195.0,345895.69999999995,S4,0.2,176.30000000000004,345389.475
2021-07-14,7,195.0,345895.69999999995,S4,0.3,166.95000000000002,344544.02375
2021-07-16,7,197.0,349699.15,S1,0.1,197.0,349699.15
2021-07-16,7,197.0,349699.15,S1,0.2,197.0,349699.15
2021-07-16,7,197.0,349699.15,S1,0.3,197.0,349699.15
2021-07-16,7,197.0,349699.15,S2,0.1,197.0,349699.15
2021-07-16,7,197.0,349699.15,S2,0.2,197.0,349699.15
2021-07-16,7,197.0,349699.15,S2,0.3,197.0,349699.15
2021-07-16,7,197.0,349699.15,S3,0.1,187.25,349847.80624999997
2021-07-16,7,197.0,349699.15,S3,0.2,177.5,350452.9
2021-07-16,7,197.0,349699.15,S3,0.3,176.0,350360.775
2021-07-16,7,197.0,349699.15,S4,0.1,187.25,349617.49375
2021-07-16,7,197.0,349699.15,S4,0.2,177.5,349135.175
2021-07-16,7,197.0,349699.15,S4,0.3,167.75,348320.80624999997
2021-07-17,7,110.0,100216.4,S1,0.1,110.0,100216.4
2021-07-17,7,110.0,100216.4,S1,0.2,110.0,100216.4
2021-07-17,7,110.0,100216.4,S1,0.3,110.0,100216.4
2021-07-17,7,110.0,100216.4,S2,0.1,110.0,100216.4
2021-07-17,7,110.0,100216.4,S2,0.2,110.0,100216.4
2021-07-17,7,110.0,100216.4,S2,0.3,110.0,100216.4
2021-07-17,7,110.0,100216.4,S3,0.1,110.0,100216.4
2021-07-17,7,110.0,100216.4,S3,0.2,110.0,100216.4
2021-07-17,7,110.0,100216.4,S3,0.3,110.0,100216.4
2021-07-17,7,110.0,100216.4,S4,0.1,110.0,100216.4
2021-07-17,7,110.0,100216.4,S4,0.2,110.0,100216.4
2021-07-17,7,110.0,100216.4,S4,0.3,110.0,100216.4
2021-07-18,7,28.0,59756.42499999999,S1,0.1,28.0,59756.42499999999
2021-07-18,7,28.0,59756.42499999999,S1,0.2,28.0,59756.42499999999
2021-07-18,7,28.0,59756.42499999999,S1,0.3,28.0,59756.42499999999
2021-07-18,7,28.0,59756.42499999999,S2,0.1,28.0,59756.42499999999
2021-07-18,7,28.0,59756.42499999999,S2,0.2,28.0,59756.42499999999
2021-07-18,7,28.0,59756.42499999999,S2,0.3,28.0,59756.42499999999
2021-07-18,7,28.0,59756.42499999999,S3,0.1,28.0,59756.42499999999
2021-07-18,7,28.0,59756.42499999999,S3,0.2,28.0,59756.42499999999
2021-07-18,7,28.0,59756.42499999999,S3,0.3,28.0,59756.42499999999
2021-07-18,7,28.0,59756.42499999999,S4,0.1,28.0,59756.42499999999
2021-07-18,7,28.0,59756.42499999999,S4,0.2,28.0,59756.42499999999
2021-07-18,7,28.0,59756.42499999999,S4,0.3,28.0,59756.42499999999
2021-07-19,7,222.0,320500.85000000003,S1,0.1,222.0,320500.85000000003
2021-07-19,7,222.0,320500.85000000003,S1,0.2,222.0,320500.85000000003
2021-07-19,7,222.0,320500.85000000003,S1,0.3,222.0,320500.85000000003
2021-07-19,7,222.0,320500.85000000003,S2,0.1,222.0,320500.85000000003
2021-07-19,7,222.0,320500.85000000003,S2,0.2,222.0,320500.85000000003
2021-07-19,7,222.0,320500.85000000003,S2,0.3,222.0,320500.85000000003
2021-07-19,7,222.0,320500.85000000003,S3,0.1,202.1,320566.17500000005
2021-07-19,7,222.0,320500.85000000003,S3,0.2,190.0,320886.1
2021-07-19,7,222.0,320500.85000000003,S3,0.3,190.0,320886.1
2021-07-19,7,222.0,320500.85000000003,S4,0.1,202.1,320508.3875
2021-07-19,7,222.0,320500.85000000003,S4,0.2,182.2,319804.545
2021-07-19,7,222.0,320500.85000000003,S4,0.3,162.3,315590.30999999994
2021-07-20,7,201.0,372098.35,S1,0.1,201.0,372098.35
2021-07-20,7,201.0,372098.35,S1,0.2,201.0,372098.35
2021-07-20,7,201.0,372098.35,S1,0.3,201.0,372098.35
2021-07-20,7,201.0,372098.35,S2,0.1,201.0,372098.35
2021-07-20,7,201.0,372098.35,S2,0.2,201.0,372098.35
2021-07-20,7,201.0,372098.35,S2,0.3,201.0,372098.35
2021-07-20,7,201.0,372098.35,S3,0.1,191.15,372491.55625
2021-07-20,7,201.0,372098.35,S3,0.2,182.0,372944.225
2021-07-20,7,201.0,372098.35,S3,0.3,182.0,372944.225
2021-07-20,7,201.0,372098.35,S4,0.1,191.15,372099.60625
2021-07-20,7,201.0,372098.35,S4,0.2,181.3,371416.68499999994
2021-07-20,7,201.0,372098.35,S4,0.3,171.45,370139.43875
2021-07-21,7,214.0,374473.17499999993,S1,0.1,214.0,374473.17499999993
2021-07-21,7,214.0,374473.17499999993,S1,0.2,214.0,374473.17499999993
2021-07-21,7,214.0,374473.17499999993,S1,0.3,214.0,374473.17499999993
2021-07-21,7,214.0,374473.17499999993,S2,0.1,214.0,374473.17499999993
2021-07-21,7,214.0,374473.17499999993,S2,0.2,214.0,374473.17499999993
2021-07-21,7,214.0,374473.17499999993,S2,0.3,214.0,374473.17499999993
2021-07-21,7,214.0,374473.17499999993,S3,0.1,202.6,374642.35
2021-07-21,7,214.0,374473.17499999993,S3,0.2,191.2,375221.89999999997
2021-07-21,7,214.0,374473.17499999993,S3,0.3,179.8,374079.54999999993
2021-07-21,7,214.0,374473.17499999993,S4,0.1,202.6,374444.69999999995
2021-07-21,7,214.0,374473.17499999993,S4,0.2,191.2,374167.91500000004
2021-07-21,7,214.0,374473.17499999993,S4,0.3,179.8,372441.42
2021-07-22,7,213.0,357609.6,S1,0.1,213.0,357609.6
2021-07-22,7,213.0,357609.6,S1,0.2,213.0,357609.6
2021-07-22,7,213.0,357609.6,S1,0.3,213.0,357609.6
2021-07-22,7,213.0,357609.6,S2,0.1,213.0,357609.6
2021-07-22,7,213.0,357609.6,S2,0.2,213.0,357609.6
2021-07-22,7,213.0,357609.6,S2,0.3,213.0,357609.6
2021-07-22,7,213.0,357609.6,S3,0.1,201.6,357705.07499999995
2021-07-22,7,213.0,357609.6,S3,0.2,190.2,357966.375
2021-07-22,7,213.0,357609.6,S3,0.3,178.8,358909.4
2021-07-22,7,213.0,357609.6,S4,0.1,201.6,357609.6
2021-07-22,7,213.0,357609.6,S4,0.2,190.20000000000002,357459.075
2021-07-22,7,213.0,357609.6,S4,0.3,178.8,356739.535
2021-07-23,7,206.0,362065.325,S1,0.1,206.0,362065.325
2021-07-23,7,206.0,362065.325,S1,0.2,206.0,362065.325
2021-07-23,7,206.0,362065.325,S1,0.3,206.0,362065.325
2021-07-23,7,206.0,362065.325,S2,0.1,206.0,362065.325
2021-07-23,7,206.0,362065.325,S2,0.2,206.0,362065.325
2021-07-23,7,206.0,362065.325,S2,0.3,206.0,362065.325
2021-07-23,7,206.0,362065.325,S3,0.1,195.35,362151.58749999997
2021-07-23,7,206.0,362065.325,S3,0.2,184.7,362507.525
2021-07-23,7,206.0,362065.325,S3,0.3,178.0,361914.57499999995
2021-07-23,7,206.0,362065.325,S4,0.1,195.35,362065.325
2021-07-23,7,206.0,362065.325,S4,0.2,184.7,361852.22
2021-07-23,7,206.0,362065.325,S4,0.3,174.05,360654.15249999997
2021-07-24,7,104.0,102387.85,S1,0.1,104.0,102387.85
2021-07-24,7,104.0,102387.85,S1,0.2,104.0,102387.85
2021-07-24,7,104.0,102387.85,S1,0.3,104.0,102387.85
2021-07-24,7,104.0,102387.85,S2,0.1,104.0,102387.85
2021-07-24,7,104.0,102387.85,S2,0.2,104.0,102387.85
2021-07-24,7,104.0,102387.85,S2,0.3,104.0,102387.85
2021-07-24,7,104.0,102387.85,S3,0.1,104.0,102387.85
2021-07-24,7,104.0,102387.85,S3,0.2,104.0,102387.85
2021-07-24,7,104.0,102387.85,S3,0.3,104.0,102387.85
2021-07-24,7,104.0,102387.85,S4,0.1,104.0,102387.85
2021-07-24,7,104.0,102387.85,S4,0.2,104.0,102387.85
2021-07-24,7,104.0,102387.85,S4,0.3,104.0,102387.85
2021-07-25,7,29.0,61881.9,S1,0.1,29.0,61881.9
2021-07-25,7,29.0,61881.9,S1,0.2,29.0,61881.9
2021-07-25,7,29.0,61881.9,S1,0.3,29.0,61881.9
2021-07-25,7,29.0,61881.9,S2,0.1,29.0,61881.9
2021-07-25,7,29.0,61881.9,S2,0.2,29.0,61881.9
2021-07-25,7,29.0,61881.9,S2,0.3,29.0,61881.9
2021-07-25,7,29.0,61881.9,S3,0.1,29.0,61881.9
2021-07-25,7,29.0,61881.9,S3,0.2,29.0,61881.9
2021-07-25,7,29.0,61881.9,S3,0.3,29.0,61881.9
2021-07-25,7,29.0,61881.9,S4,0.1,29.0,61881.9
2021-07-25,7,29.0,61881.9,S4,0.2,29.0,61881.9
2021-07-25,7,29.0,61881.9,S4,0.3,29.0,61881.9
2021-07-26,7,217.0,311271.04999999993,S1,0.1,207.0,311206.54999999993
2021-07-26,7,217.0,311271.04999999993,S1,0.2,207.0,311206.54999999993
2021-07-26,7,217.0,311271.04999999993,S1,0.3,207.0,311206.54999999993
2021-07-26,7,217.0,311271.04999999993,S2,0.1,217.0,311271.04999999993
2021-07-26,7,217.0,311271.04999999993,S2,0.2,217.0,311271.04999999993
2021-07-26,7,217.0,311271.04999999993,S2,0.3,217.0,311271.04999999993
2021-07-26,7,217.0,311271.04999999993,S3,0.1,197.7,311580.08749999997
2021-07-26,7,217.0,311271.04999999993,S3,0.2,186.0,312033.17499999993
2021-07-26,7,217.0,311271.04999999993,S3,0.3,186.0,312033.17499999993
2021-07-26,7,217.0,311271.04999999993,S4,0.1,197.7,311292.82499999995
2021-07-26,7,217.0,311271.04999999993,S4,0.2,178.4,310417.19999999995
2021-07-26,7,217.0,311271.04999999993,S4,0.3,159.10000000000002,307079.475
2021-07-27,7,211.0,385649.975,S1,0.1,211.0,385649.975
2021-07-27,7,211.0,385649.975,S1,0.2,211.0,385649.975
2021-07-27,7,211.0,385649.975,S1,0.3,211.0,385649.975
2021-07-27,7,211.0,385649.975,S2,0.1,211.0,385649.975
2021-07-27,7,211.0,385649.975,S2,0.2,211.0,385649.975
2021-07-27,7,211.0,385649.975,S2,0.3,211.0,385649.975
2021-07-27,7,211.0,385649.975,S3,0.1,200.5,385767.225
2021-07-27,7,211.0,385649.975,S3,0.2,190.0,385733.725
2021-07-27,7,211.0,385649.975,S3,0.3,184.0,384879.4749999999
2021-07-27,7,211.0,385649.975,S4,0.1,200.5,385440.6
2021-07-27,7,211.0,385649.975,S4,0.2,190.0,385050.15
2021-07-27,7,211.0,385649.975,S4,0.3,179.5,383987.475
2021-07-28,7,212.0,383970.82499999995,S1,0.1,212.0,383970.82499999995
2021-07-28,7,212.0,383970.82499999995,S1,0.2,212.0,383970.82499999995
2021-07-28,7,212.0,383970.82499999995,S1,0.3,212.0,383970.82499999995
2021-07-28,7,212.0,383970.82499999995,S2,0.1,212.0,383970.82499999995
2021-07-28,7,212.0,383970.82499999995,S2,0.2,212.0,383970.82499999995
2021-07-28,7,212.0,383970.82499999995,S2,0.3,212.0,383970.82499999995
2021-07-28,7,212.0,383970.82499999995,S3,0.1,202.5,383995.94999999995
2021-07-28,7,212.0,383970.82499999995,S3,0.2,193.0,384473.32499999995
2021-07-28,7,212.0,383970.82499999995,S3,0.3,190.0,384372.825
2021-07-28,7,212.0,383970.82499999995,S4,0.1,202.5,383803.32499999995
2021-07-28,7,212.0,383970.82499999995,S4,0.2,193.0,383345.775
2021-07-28,7,212.0,383970.82499999995,S4,0.3,183.5,382210.07499999995
2021-07-29,7,211.0,377209.275,S1,0.1,211.0,377209.275
2021-07-29,7,211.0,377209.275,S1,0.2,211.0,377209.275
2021-07-29,7,211.0,377209.275,S1,0.3,211.0,377209.275
2021-07-29,7,211.0,377209.275,S2,0.1,211.0,377209.275
2021-07-29,7,211.0,377209.275,S2,0.2,211.0,377209.275
2021-07-29,7,211.0,377209.275,S2,0.3,211.0,377209.275
2021-07-29,7,211.0,377209.275,S3,0.1,200.65,377296.375
2021-07-29,7,211.0,377209.275,S3,0.2,190.3,377834.05
2021-07-29,7,211.0,377209.275,S3,0.3,181.0,377267.9
2021-07-29,7,211.0,377209.275,S4,0.1,200.65,376988.175
2021-07-29,7,211.0,377209.275,S4,0.2,190.3,376511.16
2021-07-29,7,211.0,377209.275,S4,0.3,179.95,375315.50375
2021-07-30,7,212.0,383970.82499999995,S1,0.1,212.0,383970.82499999995
2021-07-30,7,212.0,383970.82499999995,S1,0.2,212.0,383970.82499999995
2021-07-30,7,212.0,383970.82499999995,S1,0.3,212.0,383970.82499999995
2021-07-30,7,212.0,383970.82499999995,S2,0.1,212.0,383970.82499999995
2021-07-30,7,212.0,383970.82499999995,S2,0.2,212.0,383970.82499999995
2021-07-30,7,212.0,383970.82499999995,S2,0.3,212.0,383970.82499999995
2021-07-30,7,212.0,383970.82499999995,S3,0.1,202.5,383995.94999999995
2021-07-30,7,212.0,383970.82499999995,S3,0.2,193.0,384473.32499999995
2021-07-30,7,212.0,383970.82499999995,S3,0.3,190.0,384372.825
2021-07-30,7,212.0,383970.82499999995,S4,0.1,202.5,383803.32499999995
2021-07-30,7,212.0,383970.82499999995,S4,0.2,193.0,383345.775
2021-07-30,7,212.0,383970.82499999995,S4,0.3,183.5,382210.07499999995
2021-07-31,7,28.0,54298.84999999999,S1,0.1,28.0,54298.84999999999
2021-07-31,7,28.0,54298.84999999999,S1,0.2,28.0,54298.84999999999
2021-07-31,7,28.0,54298.84999999999,S1,0.3,28.0,54298.84999999999
2021-07-31,7,28.0,54298.84999999999,S2,0.1,28.0,54298.84999999999
2021-07-31,7,28.0,54298.84999999999,S2,0.2,28.0,54298.84999999999
2021-07-31,7,28.0,54298.84999999999,S2,0.3,28.0,54298.84999999999
2021-07-31,7,28.0,54298.84999999999,S3,0.1,28.0,54298.84999999999
2021-07-31,7,28.0,54298.84999999999,S3,0.2,28.0,54298.84999999999
2021-07-31,7,28.0,54298.84999999999,S3,0.3,28.0,54298.84999999999
2021-07-31,7,28.0,54298.84999999999,S4,0.1,28.0,54298.84999999999
2021-07-31,7,28.0,54298.84999999999,S4,0.2,28.0,54298.84999999999
2021-07-31,7,28.0,54298.84999999999,S4,0.3,28.0,54298.84999999999
2021-08-01,8,28.0,54327.049999999996,S1,0.1,28.0,54327.049999999996
2021-08-01,8,28.0,54327.049999999996,S1,0.2,28.0,54327.049999999996
2021-08-01,8,28.0,54327.049999999996,S1,0.3,28.0,54327.049999999996
2021-08-01,8,28.0,54327.049999999996,S2,0.1,28.0,54327.049999999996
2021-08-01,8,28.0,54327.049999999996,S2,0.2,28.0,54327.049999999996
2021-08-01,8,28.0,54327.049999999996,S2,0.3,28.0,54327.049999999996
2021-08-01,8,28.0,54327.049999999996,S3,0.1,28.0,54327.049999999996
2021-08-01,8,28.0,54327.049999999996,S3,0.2,28.0,54327.049999999996
2021-08-01,8,28.0,54327.049999999996,S3,0.3,28.0,54327.049999999996
2021-08-01,8,28.0,54327.049999999996,S4,0.1,28.0,54327.049999999996
2021-08-01,8,28.0,54327.049999999996,S4,0.2,28.0,54327.049999999996
2021-08-01,8,28.0,54327.049999999996,S4,0.3,28.0,54327.049999999996
2021-08-02,8,26.0,54293.59999999999,S1,0.1,26.0,54293.59999999999
2021-08-02,8,26.0,54293.59999999999,S1,0.2,26.0,54293.59999999999
2021-08-02,8,26.0,54293.59999999999,S1,0.3,26.0,54293.59999999999
2021-08-02,8,26.0,54293.59999999999,S2,0.1,26.0,54293.59999999999
2021-08-02,8,26.0,54293.59999999999,S2,0.2,26.0,54293.59999999999
2021-08-02,8,26.0,54293.59999999999,S2,0.3,26.0,54293.59999999999
2021-08-02,8,26.0,54293.59999999999,S3,0.1,26.0,54293.59999999999
2021-08-02,8,26.0,54293.59999999999,S3,0.2,26.0,54293.59999999999
2021-08-02,8,26.0,54293.59999999999,S3,0.3,26.0,54293.59999999999
2021-08-02,8,26.0,54293.59999999999,S4,0.1,26.0,54293.59999999999
2021-08-02,8,26.0,54293.59999999999,S4,0.2,26.0,54293.59999999999
2021-08-02,8,26.0,54293.59999999999,S4,0.3,26.0,54293.59999999999
2021-08-03,8,26.0,54665.524999999994,S1,0.1,26.0,54665.524999999994
2021-08-03,8,26.0,54665.524999999994,S1,0.2,26.0,54665.524999999994
2021-08-03,8,26.0,54665.524999999994,S1,0.3,26.0,54665.524999999994
2021-08-03,8,26.0,54665.524999999994,S2,0.1,26.0,54665.524999999994
2021-08-03,8,26.0,54665.524999999994,S2,0.2,26.0,54665.524999999994
2021-08-03,8,26.0,54665.524999999994,S2,0.3,26.0,54665.524999999994
2021-08-03,8,26.0,54665.524999999994,S3,0.1,26.0,54665.524999999994
2021-08-03,8,26.0,54665.524999999994,S3,0.2,26.0,54665.524999999994
2021-08-03,8,26.0,54665.524999999994,S3,0.3,26.0,54665.524999999994
2021-08-03,8,26.0,54665.524999999994,S4,0.1,26.0,54665.524999999994
2021-08-03,8,26.0,54665.524999999994,S4,0.2,26.0,54665.524999999994
2021-08-03,8,26.0,54665.524999999994,S4,0.3,26.0,54665.524999999994
2021-08-04,8,26.0,54219.17499999999,S1,0.1,26.0,54219.17499999999
2021-08-04,8,26.0,54219.17499999999,S1,0.2,26.0,54219.17499999999
2021-08-04,8,26.0,54219.17499999999,S1,0.3,26.0,54219.17499999999
2021-08-04,8,26.0,54219.17499999999,S2,0.1,26.0,54219.17499999999
2021-08-04,8,26.0,54219.17499999999,S2,0.2,26.0,54219.17499999999
2021-08-04,8,26.0,54219.17499999999,S2,0.3,26.0,54219.17499999999
2021-08-04,8,26.0,54219.17499999999,S3,0.1,26.0,54219.17499999999
2021-08-04,8,26.0,54219.17499999999,S3,0.2,26.0,54219.17499999999
2021-08-04,8,26.0,54219.17499999999,S3,0.3,26.0,54219.17499999999
2021-08-04,8,26.0,54219.17499999999,S4,0.1,26.0,54219.17499999999
2021-08-04,8,26.0,54219.17499999999,S4,0.2,26.0,54219.17499999999
2021-08-04,8,26.0,54219.17499999999,S4,0.3,26.0,54219.17499999999
2021-08-05,8,26.0,54456.49999999999,S1,0.1,26.0,54456.49999999999
2021-08-05,8,26.0,54456.49999999999,S1,0.2,26.0,54456.49999999999
2021-08-05,8,26.0,54456.49999999999,S1,0.3,26.0,54456.49999999999
2021-08-05,8,26.0,54456.49999999999,S2,0.1,26.0,54456.49999999999
2021-08-05,8,26.0,54456.49999999999,S2,0.2,26.0,54456.49999999999
2021-08-05,8,26.0,54456.49999999999,S2,0.3,26.0,54456.49999999999
2021-08-05,8,26.0,54456.49999999999,S3,0.1,26.0,54456.49999999999
2021-08-05,8,26.0,54456.49999999999,S3,0.2,26.0,54456.49999999999
2021-08-05,8,26.0,54456.49999999999,S3,0.3,26.0,54456.49999999999
2021-08-05,8,26.0,54456.49999999999,S4,0.1,26.0,54456.49999999999
2021-08-05,8,26.0,54456.49999999999,S4,0.2,26.0,54456.49999999999
2021-08-05,8,26.0,54456.49999999999,S4,0.3,26.0,54456.49999999999
2021-08-06,8,27.0,55593.24999999999,S1,0.1,27.0,55593.24999999999
2021-08-06,8,27.0,55593.24999999999,S1,0.2,27.0,55593.24999999999
2021-08-06,8,27.0,55593.24999999999,S1,0.3,27.0,55593.24999999999
2021-08-06,8,27.0,55593.24999999999,S2,0.1,27.0,55593.24999999999
2021-08-06,8,27.0,55593.24999999999,S2,0.2,27.0,55593.24999999999
2021-08-06,8,27.0,55593.24999999999,S2,0.3,27.0,55593.24999999999
2021-08-06,8,27.0,55593.24999999999,S3,0.1,27.0,55593.24999999999
2021-08-06,8,27.0,55593.24999999999,S3,0.2,27.0,55593.24999999999
2021-08-06,8,27.0,55593.24999999999,S3,0.3,27.0,55593.24999999999
2021-08-06,8,27.0,55593.24999999999,S4,0.1,27.0,55593.24999999999
2021-08-06,8,27.0,55593.24999999999,S4,0.2,27.0,55593.24999999999
2021-08-06,8,27.0,55593.24999999999,S4,0.3,27.0,55593.24999999999
2021-08-07,8,26.0,54567.674999999996,S1,0.1,26.0,54567.674999999996
2021-08-07,8,26.0,54567.674999999996,S1,0.2,26.0,54567.674999999996
2021-08-07,8,26.0,54567.674999999996,S1,0.3,26.0,54567.674999999996
2021-08-07,8,26.0,54567.674999999996,S2,0.1,26.0,54567.674999999996
2021-08-07,8,26.0,54567.674999999996,S2,0.2,26.0,54567.674999999996
2021-08-07,8,26.0,54567.674999999996,S2,0.3,26.0,54567.674999999996
2021-08-07,8,26.0,54567.674999999996,S3,0.1,26.0,54567.674999999996
2021-08-07,8,26.0,54567.674999999996,S3,0.2,26.0,54567.674999999996
2021-08-07,8,26.0,54567.674999999996,S3,0.3,26.0,54567.674999999996
2021-08-07,8,26.0,54567.674999999996,S4,0.1,26.0,54567.674999999996
2021-08-07,8,26.0,54567.674999999996,S4,0.2,26.0,54567.674999999996
2021-08-07,8,26.0,54567.674999999996,S4,0.3,26.0,54567.674999999996
2021-08-08,8,26.0,53959.67499999999,S1,0.1,26.0,53959.67499999999
2021-08-08,8,26.0,53959.67499999999,S1,0.2,26.0,53959.67499999999
2021-08-08,8,26.0,53959.67499999999,S1,0.3,26.0,53959.67499999999
2021-08-08,8,26.0,53959.67499999999,S2,0.1,26.0,53959.67499999999
2021-08-08,8,26.0,53959.67499999999,S2,0.2,26.0,53959.67499999999
2021-08-08,8,26.0,53959.67499999999,S2,0.3,26.0,53959.67499999999
2021-08-08,8,26.0,53959.67499999999,S3,0.1,26.0,53959.67499999999
2021-08-08,8,26.0,53959.67499999999,S3,0.2,26.0,53959.67499999999
2021-08-08,8,26.0,53959.67499999999,S3,0.3,26.0,53959.67499999999
2021-08-08,8,26.0,53959.67499999999,S4,0.1,26.0,53959.67499999999
2021-08-08,8,26.0,53959.67499999999,S4,0.2,26.0,53959.67499999999
2021-08-08,8,26.0,53959.67499999999,S4,0.3,26.0,53959.67499999999
2021-08-09,8,215.0,303348.05,S1,0.1,201.0,303212.6
2021-08-09,8,215.0,303348.05,S1,0.2,201.0,303212.6
2021-08-09,8,215.0,303348.05,S1,0.3,201.0,303212.6
2021-08-09,8,215.0,303348.05,S2,0.1,215.0,303348.05
2021-08-09,8,215.0,303348.05,S2,0.2,215.0,303348.05
2021-08-09,8,215.0,303348.05,S2,0.3,215.0,303348.05
2021-08-09,8,215.0,303348.05,S3,0.1,195.60000000000008,303671.32499999995
2021-08-09,8,215.0,303348.05,S3,0.2,176.2,303076.69999999995
2021-08-09,8,215.0,303348.05,S3,0.3,169.0,301848.925
2021-08-09,8,215.0,303348.05,S4,0.1,195.60000000000002,303348.04999999993
2021-08-09,8,215.0,303348.05,S4,0.2,176.2,302024.035
2021-08-09,8,215.0,303348.05,S4,0.3,156.80000000000004,297086.58
2021-08-10,8,195.0,352270.75,S1,0.1,195.0,352270.75
2021-08-10,8,195.0,352270.75,S1,0.2,195.0,352270.75
2021-08-10,8,195.0,352270.75,S1,0.3,195.0,352270.75
2021-08-10,8,195.0,352270.75,S2,0.1,195.0,352270.75
2021-08-10,8,195.0,352270.75,S2,0.2,195.0,352270.75
2021-08-10,8,195.0,352270.75,S2,0.3,195.0,352270.75
2021-08-10,8,195.0,352270.75,S3,0.1,185.15,352596.95625000005
2021-08-10,8,195.0,352270.75,S3,0.2,175.3,353137.5625
2021-08-10,8,195.0,352270.75,S3,0.3,168.0,352187.0
2021-08-10,8,195.0,352270.75,S4,0.1,185.15,352282.89375000005
2021-08-10,8,195.0,352270.75,S4,0.2,175.3,351579.76249999995
2021-08-10,8,195.0,352270.75,S4,0.3,165.45,350295.4225
2021-08-11,8,218.0,367964.65,S1,0.1,218.0,367964.65
2021-08-11,8,218.0,367964.65,S1,0.2,218.0,367964.65
2021-08-11,8,218.0,367964.65,S1,0.3,218.0,367964.65
2021-08-11,8,218.0,367964.65,S2,0.1,218.0,367964.65
2021-08-11,8,218.0,367964.65,S2,0.2,218.0,367964.65
2021-08-11,8,218.0,367964.65,S2,0.3,218.0,367964.65
2021-08-11,8,218.0,367964.65,S3,0.1,206.4,368108.7
2021-08-11,8,218.0,367964.65,S3,0.2,194.8,368396.80000000005
2021-08-11,8,218.0,367964.65,S3,0.3,194.0,368416.9
2021-08-11,8,218.0,367964.65,S4,0.1,206.4,367964.65
2021-08-11,8,218.0,367964.65,S4,0.2,194.8,367964.65
2021-08-11,8,218.0,367964.65,S4,0.3,183.20000000000002,367653.19999999995
2021-08-12,8,199.0,362968.02499999997,S1,0.1,199.0,362968.02499999997
2021-08-12,8,199.0,362968.02499999997,S1,0.2,199.0,362968.02499999997
2021-08-12,8,199.0,362968.02499999997,S1,0.3,199.0,362968.02499999997
2021-08-12,8,199.0,362968.02499999997,S2,0.1,199.0,362968.02499999997
2021-08-12,8,199.0,362968.02499999997,S2,0.2,199.0,362968.02499999997
2021-08-12,8,199.0,362968.02499999997,S2,0.3,199.0,362968.02499999997
2021-08-12,8,199.0,362968.02499999997,S3,0.1,189.4,363100.35
2021-08-12,8,199.0,362968.02499999997,S3,0.2,182.0,363403.52499999997
2021-08-12,8,199.0,362968.02499999997,S3,0.3,182.0,363403.52499999997
2021-08-12,8,199.0,362968.02499999997,S4,0.1,189.4,362887.625
2021-08-12,8,199.0,362968.02499999997,S4,0.2,179.8,362520.96499999997
2021-08-12,8,199.0,362968.02499999997,S4,0.3,170.2,361620.25499999995
2021-08-13,8,207.0,369893.3,S1,0.1,207.0,369893.3
2021-08-13,8,207.0,369893.3,S1,0.2,207.0,369893.3
2021-08-13,8,207.0,369893.3,S1,0.3,207.0,369893.3
2021-08-13,8,207.0,369893.3,S2,0.1,207.0,369893.3
2021-08-13,8,207.0,369893.3,S2,0.2,207.0,369893.3
2021-08-13,8,207.0,369893.3,S2,0.3,207.0,369893.3
2021-08-13,8,207.0,369893.3,S3,0.1,196.9,370046.5625
2021-08-13,8,207.0,369893.3,S3,0.2,186.8,370437.675
2021-08-13,8,207.0,369893.3,S3,0.3,177.0,369064.17500000005
2021-08-13,8,207.0,369893.3,S4,0.1,196.9,369832.1625
2021-08-13,8,207.0,369893.3,S4,0.2,186.8,369380.625
2021-08-13,8,207.0,369893.3,S4,0.3,176.7,368291.8275
2021-08-14,8,108.0,96861.37499999999,S1,0.1,108.0,96861.37499999999
2021-08-14,8,108.0,96861.37499999999,S1,0.2,108.0,96861.37499999999
2021-08-14,8,108.0,96861.37499999999,S1,0.3,108.0,96861.37499999999
2021-08-14,8,108.0,96861.37499999999,S2,0.1,108.0,96861.37499999999
2021-08-14,8,108.0,96861.37499999999,S2,0.2,108.0,96861.37499999999
2021-08-14,8,108.0,96861.37499999999,S2,0.3,108.0,96861.37499999999
2021-08-14,8,108.0,96861.37499999999,S3,0.1,108.0,96861.37499999999
2021-08-14,8,108.0,96861.37499999999,S3,0.2,108.0,96861.37499999999
2021-08-14,8,108.0,96861.37499999999,S3,0.3,108.0,96861.37499999999
2021-08-14,8,108.0,96861.37499999999,S4,0.1,108.0,96861.37499999999
2021-08-14,8,108.0,96861.37499999999,S4,0.2,108.0,96861.37499999999
2021-08-14,8,108.0,96861.37499999999,S4,0.3,108.0,96861.37499999999
2021-08-15,8,28.0,55627.125,S1,0.1,28.0,55627.125
2021-08-15,8,28.0,55627.125,S1,0.2,28.0,55627.125
2021-08-15,8,28.0,55627.125,S1,0.3,28.0,55627.125
2021-08-15,8,28.0,55627.125,S2,0.1,28.0,55627.125
2021-08-15,8,28.0,55627.125,S2,0.2,28.0,55627.125
2021-08-15,8,28.0,55627.125,S2,0.3,28.0,55627.125
2021-08-15,8,28.0,55627.125,S3,0.1,28.0,55627.125
2021-08-15,8,28.0,55627.125,S3,0.2,28.0,55627.125
2021-08-15,8,28.0,55627.125,S3,0.3,28.0,55627.125
2021-08-15,8,28.0,55627.125,S4,0.1,28.0,55627.125
2021-08-15,8,28.0,55627.125,S4,0.2,28.0,55627.125
2021-08-15,8,28.0,55627.125,S4,0.3,28.0,55627.125
2021-08-16,8,190.0,253532.2,S1,0.1,190.0,253532.2
2021-08-16,8,190.0,253532.2,S1,0.2,190.0,253532.2
2021-08-16,8,190.0,253532.2,S1,0.3,190.0,253532.2
2021-08-16,8,190.0,253532.2,S2,0.1,190.0,253532.2
2021-08-16,8,190.0,253532.2,S2,0.2,190.0,253532.2
2021-08-16,8,190.0,253532.2,S2,0.3,190.0,253532.2
2021-08-16,8,190.0,253532.2,S3,0.1,173.15,254085.78749999998
2021-08-16,8,190.0,253532.2,S3,0.2,156.3,255053.09999999998
2021-08-16,8,190.0,253532.2,S3,0.3,139.44999999999982,253621.39375
2021-08-16,8,190.0,253532.2,S4,0.1,173.15,253503.81999999998
2021-08-16,8,190.0,253532.2,S4,0.2,156.3,252723.9475
2021-08-16,8,190.0,253532.2,S4,0.3,139.45,250716.8225
2021-08-17,8,173.0,328407.82499999995,S1,0.1,173.0,328407.82499999995
2021-08-17,8,173.0,328407.82499999995,S1,0.2,173.0,328407.82499999995
2021-08-17,8,173.0,328407.82499999995,S1,0.3,173.0,328407.82499999995
2021-08-17,8,173.0,328407.82499999995,S2,0.1,173.0,328407.82499999995
2021-08-17,8,173.0,328407.82499999995,S2,0.2,173.0,328407.82499999995
2021-08-17,8,173.0,328407.82499999995,S2,0.3,173.0,328407.82499999995
2021-08-17,8,173.0,328407.82499999995,S3,0.1,165.15,328528.425
2021-08-17,8,173.0,328407.82499999995,S3,0.2,158.0,328910.325
2021-08-17,8,173.0,328407.82499999995,S3,0.3,158.0,328910.325
2021-08-17,8,173.0,328407.82499999995,S4,0.1,165.15,328278.85
2021-08-17,8,173.0,328407.82499999995,S4,0.2,157.3,327679.115
2021-08-17,8,173.0,328407.82499999995,S4,0.3,149.45,326508.58375
2021-08-18,8,188.0,344109.5,S1,0.1,188.0,344109.5
2021-08-18,8,188.0,344109.5,S1,0.2,188.0,344109.5
2021-08-18,8,188.0,344109.5,S1,0.3,188.0,344109.5
2021-08-18,8,188.0,344109.5,S2,0.1,188.0,344109.5
2021-08-18,8,188.0,344109.5,S2,0.2,188.0,344109.5
2021-08-18,8,188.0,344109.5,S2,0.3,188.0,344109.5
2021-08-18,8,188.0,344109.5,S3,0.1,186.0,344109.5
2021-08-18,8,188.0,344109.5,S3,0.2,186.0,344109.5
2021-08-18,8,188.0,344109.5,S3,0.3,186.0,344109.5
2021-08-18,8,188.0,344109.5,S4,0.1,178.6,344047.52499999997
2021-08-18,8,188.0,344109.5,S4,0.2,169.20000000000002,343719.225
2021-08-18,8,188.0,344109.5,S4,0.3,159.8,342553.18499999994
2021-08-19,8,188.0,350801.19999999995,S1,0.1,188.0,350801.19999999995
2021-08-19,8,188.0,350801.19999999995,S1,0.2,188.0,350801.19999999995
2021-08-19,8,188.0,350801.19999999995,S1,0.3,188.0,350801.19999999995
2021-08-19,8,188.0,350801.19999999995,S2,0.1,188.0,350801.19999999995
2021-08-19,8,188.0,350801.19999999995,S2,0.2,188.0,350801.19999999995
2021-08-19,8,188.0,350801.19999999995,S2,0.3,188.0,350801.19999999995
2021-08-19,8,188.0,350801.19999999995,S3,0.1,179.3,350871.54999999993
2021-08-19,8,188.0,350801.19999999995,S3,0.2,170.6,351243.39999999997
2021-08-19,8,188.0,350801.19999999995,S3,0.3,162.0,350198.19999999995
2021-08-19,8,188.0,350801.19999999995,S4,0.1,179.3,350791.9875
2021-08-19,8,188.0,350801.19999999995,S4,0.2,170.6,350513.90499999997
2021-08-19,8,188.0,350801.19999999995,S4,0.3,161.9,349320.8825
2021-08-20,8,193.0,345790.525,S1,0.1,193.0,345790.525
2021-08-20,8,193.0,345790.525,S1,0.2,193.0,345790.525
2021-08-20,8,193.0,345790.525,S1,0.3,193.0,345790.525
2021-08-20,8,193.0,345790.525,S2,0.1,193.0,345790.525
2021-08-20,8,193.0,345790.525,S2,0.2,193.0,345790.525
2021-08-20,8,193.0,345790.525,S2,0.3,193.0,345790.525
2021-08-20,8,193.0,345790.525,S3,0.1,183.8,345790.525
2021-08-20,8,193.0,345790.525,S3,0.2,174.6,345830.725
2021-08-20,8,193.0,345790.525,S3,0.3,165.4000000000001,345031.75
2021-08-20,8,193.0,345790.525,S4,0.1,183.8,345683.32499999995
2021-08-20,8,193.0,345790.525,S4,0.2,174.6,345309.8
2021-08-20,8,193.0,345790.525,S4,0.3,165.4,344553.525
2021-08-21,8,110.0,101066.69999999998,S1,0.1,110.0,101066.69999999998
2021-08-21,8,110.0,101066.69999999998,S1,0.2,110.0,101066.69999999998
2021-08-21,8,110.0,101066.69999999998,S1,0.3,110.0,101066.69999999998
2021-08-21,8,110.0,101066.69999999998,S2,0.1,110.0,101066.69999999998
2021-08-21,8,110.0,101066.69999999998,S2,0.2,110.0,101066.69999999998
2021-08-21,8,110.0,101066.69999999998,S2,0.3,110.0,101066.69999999998
2021-08-21,8,110.0,101066.69999999998,S3,0.1,110.0,101066.69999999998
2021-08-21,8,110.0,101066.69999999998,S3,0.2,110.0,101066.69999999998
2021-08-21,8,110.0,101066.69999999998,S3,0.3,110.0,101066.69999999998
2021-08-21,8,110.0,101066.69999999998,S4,0.1,110.0,101066.69999999998
2021-08-21,8,110.0,101066.69999999998,S4,0.2,110.0,101066.69999999998
2021-08-21,8,110.0,101066.69999999998,S4,0.3,110.0,101066.69999999998
2021-08-22,8,27.0,57581.85,S1,0.1,27.0,57581.85
2021-08-22,8,27.0,57581.85,S1,0.2,27.0,57581.85
2021-08-22,8,27.0,57581.85,S1,0.3,27.0,57581.85
2021-08-22,8,27.0,57581.85,S2,0.1,27.0,57581.85
2021-08-22,8,27.0,57581.85,S2,0.2,27.0,57581.85
2021-08-22,8,27.0,57581.85,S2,0.3,27.0,57581.85
2021-08-22,8,27.0,57581.85,S3,0.1,27.0,57581.85
2021-08-22,8,27.0,57581.85,S3,0.2,27.0,57581.85
2021-08-22,8,27.0,57581.85,S3,0.3,27.0,57581.85
2021-08-22,8,27.0,57581.85,S4,0.1,27.0,57581.85
2021-08-22,8,27.0,57581.85,S4,0.2,27.0,57581.85
2021-08-22,8,27.0,57581.85,S4,0.3,27.0,57581.85
2021-08-23,8,196.0,305726.32499999995,S1,0.1,196.0,305726.32499999995
2021-08-23,8,196.0,305726.32499999995,S1,0.2,196.0,305726.32499999995
2021-08-23,8,196.0,305726.32499999995,S1,0.3,196.0,305726.32499999995
2021-08-23,8,196.0,305726.32499999995,S2,0.1,196.0,305726.32499999995
2021-08-23,8,196.0,305726.32499999995,S2,0.2,196.0,305726.32499999995
2021-08-23,8,196.0,305726.32499999995,S2,0.3,196.0,305726.32499999995
2021-08-23,8,196.0,305726.32499999995,S3,0.1,179.0,305927.32499999995
2021-08-23,8,196.0,305726.32499999995,S3,0.2,179.0,305927.32499999995
2021-08-23,8,196.0,305726.32499999995,S3,0.3,179.0,305927.32499999995
2021-08-23,8,196.0,305726.32499999995,S4,0.1,178.5999999999999,305307.57499999995
2021-08-23,8,196.0,305726.32499999995,S4,0.2,161.2,302033.21
2021-08-23,8,196.0,305726.32499999995,S4,0.3,151.74761904761988,298882.2885714286
2021-08-24,8,201.0,361447.875,S1,0.1,201.0,361447.875
2021-08-24,8,201.0,361447.875,S1,0.2,201.0,361447.875
2021-08-24,8,201.0,361447.875,S1,0.3,201.0,361447.875
2021-08-24,8,201.0,361447.875,S2,0.1,201.0,361447.875
2021-08-24,8,201.0,361447.875,S2,0.2,201.0,361447.875
2021-08-24,8,201.0,361447.875,S2,0.3,201.0,361447.875
2021-08-24,8,201.0,361447.875,S3,0.1,191.45,361490.5875
2021-08-24,8,201.0,361447.875,S3,0.2,181.9,361795.4375
2021-08-24,8,201.0,361447.875,S3,0.3,172.35,360914.80625
2021-08-24,8,201.0,361447.875,S4,0.1,191.45,361447.875
2021-08-24,8,201.0,361447.875,S4,0.2,181.9,361321.755
2021-08-24,8,201.0,361447.875,S4,0.3,172.35,360298.9375
2021-08-25,8,189.0,354058.525,S1,0.1,189.0,354058.525
2021-08-25,8,189.0,354058.525,S1,0.2,189.0,354058.525
2021-08-25,8,189.0,354058.525,S1,0.3,189.0,354058.525
2021-08-25,8,189.0,354058.525,S2,0.1,189.0,354058.525
2021-08-25,8,189.0,354058.525,S2,0.2,189.0,354058.525
2021-08-25,8,189.0,354058.525,S2,0.3,189.0,354058.525
2021-08-25,8,189.0,354058.525,S3,0.1,180.65,354195.875
2021-08-25,8,189.0,354058.525,S3,0.2,176.0,354410.275
2021-08-25,8,189.0,354058.525,S3,0.3,176.0,354410.275
2021-08-25,8,189.0,354058.525,S4,0.1,180.65,354128.45625
2021-08-25,8,189.0,354058.525,S4,0.2,172.3,353987.3375
2021-08-25,8,189.0,354058.525,S4,0.3,163.95,352906.90499999997
2021-08-26,8,202.0,366869.875,S1,0.1,202.0,366869.875
2021-08-26,8,202.0,366869.875,S1,0.2,202.0,366869.875
2021-08-26,8,202.0,366869.875,S1,0.3,202.0,366869.875
2021-08-26,8,202.0,366869.875,S2,0.1,202.0,366869.875
2021-08-26,8,202.0,366869.875,S2,0.2,202.0,366869.875
2021-08-26,8,202.0,366869.875,S2,0.3,202.0,366869.875
2021-08-26,8,202.0,366869.875,S3,0.1,192.2,367005.54999999993
2021-08-26,8,202.0,366869.875,S3,0.2,182.4,367563.32499999995
2021-08-26,8,202.0,366869.875,S3,0.3,172.60000000000002,366194.85000000003
2021-08-26,8,202.0,366869.875,S4,0.1,192.2,366869.875
2021-08-26,8,202.0,366869.875,S4,0.2,182.4000000000001,366440.45
2021-08-26,8,202.0,366869.875,S4,0.3,172.6,364953.99
2021-08-27,8,190.0,340970.95,S1,0.1,190.0,340970.95
2021-08-27,8,190.0,340970.95,S1,0.2,190.0,340970.95
2021-08-27,8,190.0,340970.95,S1,0.3,190.0,340970.95
2021-08-27,8,190.0,340970.95,S2,0.1,190.0,340970.95
2021-08-27,8,190.0,340970.95,S2,0.2,190.0,340970.95
2021-08-27,8,190.0,340970.95,S2,0.3,190.0,340970.95
2021-08-27,8,190.0,340970.95,S3,0.1,181.3,341120.025
2021-08-27,8,190.0,340970.95,S3,0.2,172.6,341558.875
2021-08-27,8,190.0,340970.95,S3,0.3,163.9,340815.17500000005
2021-08-27,8,190.0,340970.95,S4,0.1,181.3,340970.95
2021-08-27,8,190.0,340970.95,S4,0.2,172.6,340636.98000000004
2021-08-27,8,190.0,340970.95,S4,0.3,163.9,339644.705
2021-08-30,8,186.0,301841.57499999995,S1,0.1,186.0,301841.57499999995
2021-08-30,8,186.0,301841.57499999995,S1,0.2,186.0,301841.57499999995
2021-08-30,8,186.0,301841.57499999995,S1,0.3,186.0,301841.57499999995
2021-08-30,8,186.0,301841.57499999995,S2,0.1,186.0,301841.57499999995
2021-08-30,8,186.0,301841.57499999995,S2,0.2,186.0,301841.57499999995
2021-08-30,8,186.0,301841.57499999995,S2,0.3,186.0,301841.57499999995
2021-08-30,8,186.0,301841.57499999995,S3,0.1,172.0,302268.69999999995
2021-08-30,8,186.0,301841.57499999995,S3,0.2,172.0,302268.69999999995
2021-08-30,8,186.0,301841.57499999995,S3,0.3,172.0,302268.69999999995
2021-08-30,8,186.0,301841.57499999995,S4,0.1,169.4000000000001,301722.64999999997
2021-08-30,8,186.0,301841.57499999995,S4,0.2,152.79999999999998,298201.64
2021-08-30,8,186.0,301841.57499999995,S4,0.3,148.99272727272728,296632.6612727273
2021-08-31,8,187.0,354561.05,S1,0.1,187.0,354561.05
2021-08-31,8,187.0,354561.05,S1,0.2,187.0,354561.05
2021-08-31,8,187.0,354561.05,S1,0.3,187.0,354561.05
2021-08-31,8,187.0,354561.05,S2,0.1,187.0,354561.05
2021-08-31,8,187.0,354561.05,S2,0.2,187.0,354561.05
2021-08-31,8,187.0,354561.05,S2,0.3,187.0,354561.05
2021-08-31,8,187.0,354561.05,S3,0.1,178.75,354718.08125
2021-08-31,8,187.0,354561.05,S3,0.2,170.5,355109.61250000005
2021-08-31,8,187.0,354561.05,S3,0.3,162.25,354253.26875
2021-08-31,8,187.0,354561.05,S4,0.1,178.75,354561.05
2021-08-31,8,187.0,354561.05,S4,0.2,170.5,354611.30000000005
2021-08-31,8,187.0,354561.05,S4,0.3,162.25,353460.73750000005
2021-09-01,9,198.0,305466.225,S1,0.1,198.0,305466.225
2021-09-01,9,198.0,305466.225,S1,0.2,198.0,305466.225
2021-09-01,9,198.0,305466.225,S1,0.3,198.0,305466.225
2021-09-01,9,198.0,305466.225,S2,0.1,198.0,305466.225
2021-09-01,9,198.0,305466.225,S2,0.2,198.0,305466.225
2021-09-01,9,198.0,305466.225,S2,0.3,198.0,305466.225
2021-09-01,9,198.0,305466.225,S3,0.1,188.6,305621.745
2021-09-01,9,198.0,305466.225,S3,0.2,180.0,305903.025
2021-09-01,9,198.0,305466.225,S3,0.3,180.0,305903.025
2021-09-01,9,198.0,305466.225,S4,0.1,188.6,305496.94499999995
2021-09-01,9,198.0,305466.225,S4,0.2,179.2,305508.225
2021-09-01,9,198.0,305466.225,S4,0.3,169.8,304831.42500000005
2021-09-02,9,198.0,306422.475,S1,0.1,198.0,306422.475
2021-09-02,9,198.0,306422.475,S1,0.2,198.0,306422.475
2021-09-02,9,198.0,306422.475,S1,0.3,198.0,306422.475
2021-09-02,9,198.0,306422.475,S2,0.1,198.0,306422.475
2021-09-02,9,198.0,306422.475,S2,0.2,198.0,306422.475
2021-09-02,9,198.0,306422.475,S2,0.3,198.0,306422.475
2021-09-02,9,198.0,306422.475,S3,0.1,189.1,306507.91500000004
2021-09-02,9,198.0,306422.475,S3,0.2,180.2,306668.235
2021-09-02,9,198.0,306422.475,S3,0.3,173.0,306508.87499999994
2021-09-02,9,198.0,306422.475,S4,0.1,189.1,306422.475
2021-09-02,9,198.0,306422.475,S4,0.2,180.20000000000002,306387.915
2021-09-02,9,198.0,306422.475,S4,0.3,171.29999999999995,305836.03500000003
2021-09-03,9,190.0,290605.125,S1,0.1,190.0,290605.125
2021-09-03,9,190.0,290605.125,S1,0.2,190.0,290605.125
2021-09-03,9,190.0,290605.125,S1,0.3,190.0,290605.125
2021-09-03,9,190.0,290605.125,S2,0.1,190.0,290605.125
2021-09-03,9,190.0,290605.125,S2,0.2,190.0,290605.125
2021-09-03,9,190.0,290605.125,S2,0.3,190.0,290605.125
2021-09-03,9,190.0,290605.125,S3,0.1,181.55,290605.125
2021-09-03,9,190.0,290605.125,S3,0.2,173.1,290675.685
2021-09-03,9,190.0,290605.125,S3,0.3,170.0,290523.525
2021-09-03,9,190.0,290605.125,S4,0.1,181.55,290505.28500000003
2021-09-03,9,190.0,290605.125,S4,0.2,173.1,290343.045
2021-09-03,9,190.0,290605.125,S4,0.3,164.65,289995.405
2021-09-04,9,116.0,106570.95000000001,S1,0.1,116.0,106570.95000000001
2021-09-04,9,116.0,106570.95000000001,S1,0.2,116.0,106570.95000000001
2021-09-04,9,116.0,106570.95000000001,S1,0.3,116.0,106570.95000000001
2021-09-04,9,116.0,106570.95000000001,S2,0.1,116.0,106570.95000000001
2021-09-04,9,116.0,106570.95000000001,S2,0.2,116.0,106570.95000000001
2021-09-04,9,116.0,106570.95000000001,S2,0.3,116.0,106570.95000000001
2021-09-04,9,116.0,106570.95000000001,S3,0.1,116.0,106570.95000000001
2021-09-04,9,116.0,106570.95000000001,S3,0.2,116.0,106570.95000000001
2021-09-04,9,116.0,106570.95000000001,S3,0.3,116.0,106570.95000000001
2021-09-04,9,116.0,106570.95000000001,S4,0.1,116.0,106570.95000000001
2021-09-04,9,116.0,106570.95000000001,S4,0.2,116.0,106570.95000000001
2021-09-04,9,116.0,106570.95000000001,S4,0.3,116.0,106570.95000000001
2021-09-05,9,28.0,49341.725,S1,0.1,28.0,49341.725
2021-09-05,9,28.0,49341.725,S1,0.2,28.0,49341.725
2021-09-05,9,28.0,49341.725,S1,0.3,28.0,49341.725
2021-09-05,9,28.0,49341.725,S2,0.1,28.0,49341.725
2021-09-05,9,28.0,49341.725,S2,0.2,28.0,49341.725
2021-09-05,9,28.0,49341.725,S2,0.3,28.0,49341.725
2021-09-05,9,28.0,49341.725,S3,0.1,28.0,49341.725
2021-09-05,9,28.0,49341.725,S3,0.2,28.0,49341.725
2021-09-05,9,28.0,49341.725,S3,0.3,28.0,49341.725
2021-09-05,9,28.0,49341.725,S4,0.1,28.0,49341.725
2021-09-05,9,28.0,49341.725,S4,0.2,28.0,49341.725
2021-09-05,9,28.0,49341.725,S4,0.3,28.0,49341.725
2021-09-06,9,190.0,232443.82499999998,S1,0.1,190.0,232443.82499999998
2021-09-06,9,190.0,232443.82499999998,S1,0.2,190.0,232443.82499999998
2021-09-06,9,190.0,232443.82499999998,S1,0.3,190.0,232443.82499999998
2021-09-06,9,190.0,232443.82499999998,S2,0.1,190.0,232443.82499999998
2021-09-06,9,190.0,232443.82499999998,S2,0.2,190.0,232443.82499999998
2021-09-06,9,190.0,232443.82499999998,S2,0.3,190.0,232443.82499999998
2021-09-06,9,190.0,232443.82499999998,S3,0.1,173.2,232583.025
2021-09-06,9,190.0,232443.82499999998,S3,0.2,156.4,232327.665
2021-09-06,9,190.0,232443.82499999998,S3,0.3,154.0,232122.22499999998
2021-09-06,9,190.0,232443.82499999998,S4,0.1,173.2,232394.865
2021-09-06,9,190.0,232443.82499999998,S4,0.2,156.39999999999998,231921.10499999998
2021-09-06,9,190.0,232443.82499999998,S4,0.3,142.60754716981182,230669.65443396225
2021-09-07,9,192.0,299519.525,S1,0.1,192.0,299519.525
2021-09-07,9,192.0,299519.525,S1,0.2,192.0,299519.525
2021-09-07,9,192.0,299519.525,S1,0.3,192.0,299519.525
2021-09-07,9,192.0,299519.525,S2,0.1,192.0,299519.525
2021-09-07,9,192.0,299519.525,S2,0.2,192.0,299519.525
2021-09-07,9,192.0,299519.525,S2,0.3,192.0,299519.525
2021-09-07,9,192.0,299519.525,S3,0.1,183.25,299561.525
2021-09-07,9,192.0,299519.525,S3,0.2,174.5,299632.32499999995
2021-09-07,9,192.0,299519.525,S3,0.3,165.75,299242.325
2021-09-07,9,192.0,299519.525,S4,0.1,183.25,299469.125
2021-09-07,9,192.0,299519.525,S4,0.2,174.5,299358.725
2021-09-07,9,192.0,299519.525,S4,0.3,165.75,298831.92500000005
2021-09-08,9,183.0,284588.19999999995,S1,0.1,183.0,284588.19999999995
2021-09-08,9,183.0,284588.19999999995,S1,0.2,183.0,284588.19999999995
2021-09-08,9,183.0,284588.19999999995,S1,0.3,183.0,284588.19999999995
2021-09-08,9,183.0,284588.19999999995,S2,0.1,183.0,284588.19999999995
2021-09-08,9,183.0,284588.19999999995,S2,0.2,183.0,284588.19999999995
2021-09-08,9,183.0,284588.19999999995,S2,0.3,183.0,284588.19999999995
2021-09-08,9,183.0,284588.19999999995,S3,0.1,182.0,284588.19999999995
2021-09-08,9,183.0,284588.19999999995,S3,0.2,182.0,284588.19999999995
2021-09-08,9,183.0,284588.19999999995,S3,0.3,182.0,284588.19999999995
2021-09-08,9,183.0,284588.19999999995,S4,0.1,175.85,284558.67999999993
2021-09-08,9,183.0,284588.19999999995,S4,0.2,168.7,284584.83999999997
2021-09-08,9,183.0,284588.19999999995,S4,0.3,161.55,284575.78
2021-09-09,9,190.0,293696.02499999997,S1,0.1,190.0,293696.02499999997
2021-09-09,9,190.0,293696.02499999997,S1,0.2,190.0,293696.02499999997
2021-09-09,9,190.0,293696.02499999997,S1,0.3,190.0,293696.02499999997
2021-09-09,9,190.0,293696.02499999997,S2,0.1,190.0,293696.02499999997
2021-09-09,9,190.0,293696.02499999997,S2,0.2,190.0,293696.02499999997
2021-09-09,9,190.0,293696.02499999997,S2,0.3,190.0,293696.02499999997
2021-09-09,9,190.0,293696.02499999997,S3,0.1,181.1,293724.345
2021-09-09,9,190.0,293696.02499999997,S3,0.2,172.2,293816.985
2021-09-09,9,190.0,293696.02499999997,S3,0.3,172.0,293820.82499999995
2021-09-09,9,190.0,293696.02499999997,S4,0.1,181.1,293696.02499999997
2021-09-09,9,190.0,293696.02499999997,S4,0.2,172.20000000000002,293593.30499999993
2021-09-09,9,190.0,293696.02499999997,S4,0.3,163.3,293295.225
2021-09-10,9,204.0,294729.45,S1,0.1,204.0,294729.45
2021-09-10,9,204.0,294729.45,S1,0.2,204.0,294729.45
2021-09-10,9,204.0,294729.45,S1,0.3,204.0,294729.45
2021-09-10,9,204.0,294729.45,S2,0.1,204.0,294729.45
2021-09-10,9,204.0,294729.45,S2,0.2,204.0,294729.45
2021-09-10,9,204.0,294729.45,S2,0.3,204.0,294729.45
2021-09-10,9,204.0,294729.45,S3,0.1,193.85,294778.17000000004
2021-09-10,9,204.0,294729.45,S3,0.2,183.7,294882.57
2021-09-10,9,204.0,294729.45,S3,0.3,173.55,294886.89
2021-09-10,9,204.0,294729.45,S4,0.1,193.85,294729.45
2021-09-10,9,204.0,294729.45,S4,0.2,183.7,294708.81
2021-09-10,9,204.0,294729.45,S4,0.3,173.54999999999995,294402.80999999994
2021-09-11,9,107.0,88852.4,S1,0.1,107.0,88852.4
2021-09-11,9,107.0,88852.4,S1,0.2,107.0,88852.4
2021-09-11,9,107.0,88852.4,S1,0.3,107.0,88852.4
2021-09-11,9,107.0,88852.4,S2,0.1,107.0,88852.4
2021-09-11,9,107.0,88852.4,S2,0.2,107.0,88852.4
2021-09-11,9,107.0,88852.4,S2,0.3,107.0,88852.4
2021-09-11,9,107.0,88852.4,S3,0.1,107.0,88852.4
2021-09-11,9,107.0,88852.4,S3,0.2,107.0,88852.4
2021-09-11,9,107.0,88852.4,S3,0.3,107.0,88852.4
2021-09-11,9,107.0,88852.4,S4,0.1,107.0,88852.4
2021-09-11,9,107.0,88852.4,S4,0.2,107.0,88852.4
2021-09-11,9,107.0,88852.4,S4,0.3,107.0,88852.4
2021-09-12,9,28.0,50108.3,S1,0.1,28.0,50108.3
2021-09-12,9,28.0,50108.3,S1,0.2,28.0,50108.3
2021-09-12,9,28.0,50108.3,S1,0.3,28.0,50108.3
2021-09-12,9,28.0,50108.3,S2,0.1,28.0,50108.3
2021-09-12,9,28.0,50108.3,S2,0.2,28.0,50108.3
2021-09-12,9,28.0,50108.3,S2,0.3,28.0,50108.3
2021-09-12,9,28.0,50108.3,S3,0.1,28.0,50108.3
2021-09-12,9,28.0,50108.3,S3,0.2,28.0,50108.3
2021-09-12,9,28.0,50108.3,S3,0.3,28.0,50108.3
2021-09-12,9,28.0,50108.3,S4,0.1,28.0,50108.3
2021-09-12,9,28.0,50108.3,S4,0.2,28.0,50108.3
2021-09-12,9,28.0,50108.3,S4,0.3,28.0,50108.3
2021-09-13,9,196.0,249071.075,S1,0.1,191.0,249065.075
2021-09-13,9,196.0,249071.075,S1,0.2,191.0,249065.075
2021-09-13,9,196.0,249071.075,S1,0.3,191.0,249065.075
2021-09-13,9,196.0,249071.075,S2,0.1,196.0,249071.075
2021-09-13,9,196.0,249071.075,S2,0.2,196.0,249071.075
2021-09-13,9,196.0,249071.075,S2,0.3,196.0,249071.075
2021-09-13,9,196.0,249071.075,S3,0.1,178.7,249432.995
2021-09-13,9,196.0,249071.075,S3,0.2,167.0,248687.07499999998
2021-09-13,9,196.0,249071.075,S3,0.3,167.0,248687.07499999998
2021-09-13,9,196.0,249071.075,S4,0.1,178.7,248885.435
2021-09-13,9,196.0,249071.075,S4,0.2,161.4,247791.155
2021-09-13,9,196.0,249071.075,S4,0.3,153.32142857142878,246696.70357142854
2021-09-14,9,184.0,289759.02499999997,S1,0.1,184.0,289759.02499999997
2021-09-14,9,184.0,289759.02499999997,S1,0.2,184.0,289759.02499999997
2021-09-14,9,184.0,289759.02499999997,S1,0.3,184.0,289759.02499999997
2021-09-14,9,184.0,289759.02499999997,S2,0.1,184.0,289759.02499999997
2021-09-14,9,184.0,289759.02499999997,S2,0.2,184.0,289759.02499999997
2021-09-14,9,184.0,289759.02499999997,S2,0.3,184.0,289759.02499999997
2021-09-14,9,184.0,289759.02499999997,S3,0.1,176.35,289803.66500000004
2021-09-14,9,184.0,289759.02499999997,S3,0.2,171.0,289883.825
2021-09-14,9,184.0,289759.02499999997,S3,0.3,171.0,289883.825
2021-09-14,9,184.0,289759.02499999997,S4,0.1,176.35,289741.505
2021-09-14,9,184.0,289759.02499999997,S4,0.2,168.70000000000002,289658.105
2021-09-14,9,184.0,289759.02499999997,S4,0.3,161.05,289530.725
