방법,구간,MAE(전체일),MAE(가동일),Bias(가동일),MAPE%(가동일)
15분 예측의 일 최대값(최종 모델),CV(7~8월),11.71,14.65,-12.25,7.21
15분 예측의 일 최대값(최종 모델),시험(9/1~14),11.57,14.7,-14.7,7.53
P90 분위수의 일 최대값,CV(7~8월),8.86,9.87,-3.39,4.93
P90 분위수의 일 최대값,시험(9/1~14),6.35,6.72,-4.23,3.45
규칙(직전 가동일 최대값),CV(7~8월),10.04,8.55,-0.08,4.29
규칙(직전 가동일 최대값),시험(9/1~14),6.86,7.1,0.3,3.69
일 단위 LightGBM,CV(7~8월),9.9,10.67,-4.03,5.32
일 단위 LightGBM,시험(9/1~14),7.01,7.94,-3.92,4.09
피크 앙상블(제안),CV(7~8월),8.55,8.04,-2.06,4.01
피크 앙상블(제안),시험(9/1~14),5.49,5.82,-1.81,3.0
