모델,MAE,RMSE,CV(RMSE)%,NMAE%,Bias,MAE(생산시간),DailyPeak_MAE,DailyPeak_MAE(가동일),PeakTime_within1h%,PeriodPeak_err,PeakEvent_F1,PeakEvent_Precision,PeakEvent_Recall,예측시점,피처,가중치,학습·예측 시간(s)
B1 Naive(지난주 동시각),19.875,40.609,39.685,19.423,-10.357,25.309,30.13,33.711,15.789,0.0,0.5,0.55,0.459,하루 전,full,none,0.0
B2 규칙(직전 가동일 프로파일),17.295,30.369,29.678,16.902,1.129,16.102,12.654,8.553,34.211,0.0,0.632,0.632,0.631,하루 전,full,none,0.1
Ridge 회귀,22.367,28.155,27.515,21.859,-7.774,23.462,33.349,38.552,15.789,-4.027,0.016,0.161,0.008,하루 전,plan,none,0.2
RandomForest(가이드북 모델),9.326,15.633,15.277,9.114,0.643,10.121,11.99,14.513,36.842,-18.138,0.577,0.625,0.536,하루 전,plan,none,58.6
MLP(심층신경망),15.746,24.031,23.484,15.388,4.76,16.715,16.35,16.717,26.316,161.864,0.565,0.494,0.66,하루 전,plan,none,539.7
XGBoost,8.122,11.789,11.52,7.937,0.241,9.784,11.136,13.862,28.947,-19.081,0.56,0.619,0.511,하루 전,plan,none,6.5
CatBoost,8.559,11.855,11.585,8.364,-0.272,9.734,12.13,14.686,34.211,-20.156,0.519,0.633,0.44,하루 전,plan,none,23.0
LightGBM,8.193,11.919,11.647,8.006,0.047,9.85,11.476,14.547,28.947,-21.189,0.54,0.614,0.482,하루 전,plan,none,12.2
LightGBM + 전력지연값,12.933,18.348,17.931,12.639,-1.302,12.484,17.808,19.878,28.947,-22.689,0.412,0.667,0.298,하루 전,full,none,13.3
LightGBM + 전력지연값 + 증강가중,11.737,16.82,16.437,11.47,-2.732,12.692,16.712,20.004,31.579,-23.814,0.347,0.651,0.237,하루 전,full,aug_inv,13.4
LightGBM 1시간전(지연값 포함),8.435,12.174,11.897,8.243,-0.996,9.964,14.596,16.274,13.158,-11.951,0.443,0.661,0.333,1시간 전,full,none,14.0
LightGBM - 기상 제외,9.509,13.713,13.401,9.292,1.011,10.555,13.615,16.11,28.947,-18.057,0.482,0.581,0.411,하루 전,plan_noW,none,11.6
LightGBM + 증강가중,8.883,14.053,13.734,8.681,0.3,10.029,10.831,13.673,21.053,-20.172,0.566,0.621,0.519,하루 전,plan,aug_inv,12.3
앙상블(LightGBM+CatBoost),8.22,11.646,11.381,8.033,-0.112,9.641,11.783,14.757,28.947,-22.456,0.544,0.636,0.475,하루 전,plan,none,
