모델,백테스트 MAE,백테스트 RMSE,구간별 MAE 표준편차,LightGBM 기본값보다 나은 구간 수(8개 중),백테스트 일최대 MAE(가동일),시험 MAE,시험 RMSE,시험 일최대 MAE(가동일)
ExtraTrees(탐색),7.361,10.881,1.056,6,14.648,6.467,8.91,14.7
앙상블: 비음수 가중 평균(NNLS),7.462,10.987,1.29,7,15.287,6.397,8.827,14.768
앙상블: 전체 7종 중앙값,7.622,11.176,1.49,7,14.753,6.463,8.902,14.506
XGBoost(탐색),7.746,11.373,1.458,6,14.103,6.673,9.222,14.888
앙상블: 스태킹(Ridge 메타모델),7.776,11.449,1.596,7,15.464,6.319,8.766,13.697
앙상블: 부스팅 3종 평균,7.837,11.305,1.573,7,14.929,6.567,9.062,14.111
앙상블: 전체 7종 평균,7.858,11.383,1.664,5,15.088,6.474,8.94,14.922
HistGradientBoosting(탐색),8.094,11.721,1.403,3,14.155,6.81,9.24,13.714
XGBoost(기본값),8.122,11.789,1.768,4,13.862,7.324,9.58,13.663
LightGBM(탐색),8.165,11.747,1.712,2,14.182,6.714,9.26,12.264
LightGBM(기본값),8.193,11.919,1.824,0,14.547,6.849,9.333,13.084
CatBoost(탐색),8.2,11.627,1.823,4,16.387,6.79,9.297,13.556
CatBoost(기본값),8.559,11.855,1.969,3,14.686,7.206,9.654,13.323
RandomForest(탐색),8.577,13.334,2.54,5,15.044,6.739,9.336,14.644
MLP(탐색),12.645,20.872,3.275,0,16.494,8.541,12.072,7.654
