시각,표본수,MAE,RMSE,Bias,평균부하,오차 기여%
0,268,4.44,6.25,-0.92,56.81,2.48
1,268,6.22,8.1,1.33,79.53,3.47
2,268,5.5,7.15,0.56,82.21,3.07
3,268,6.18,8.27,2.19,79.0,3.45
4,268,5.73,7.4,0.63,81.35,3.2
5,268,5.95,7.6,1.49,70.21,3.32
6,268,7.43,9.83,2.01,81.75,4.14
7,268,9.5,13.23,1.2,96.21,5.3
8,268,7.87,10.6,0.15,136.11,4.39
9,268,7.99,10.55,0.17,135.64,4.46
10,268,8.27,11.02,-0.18,130.96,4.62
11,270,8.79,11.92,-1.38,137.08,4.94
12,270,7.99,11.26,-0.63,85.98,4.49
13,272,8.31,11.35,1.77,130.53,4.71
14,272,8.45,11.44,-1.79,133.77,4.78
15,272,9.51,13.36,0.58,122.9,5.39
16,272,8.41,11.36,-1.22,126.76,4.76
17,270,8.92,13.8,-0.61,104.04,5.02
18,268,8.83,16.17,-1.28,120.69,4.92
19,268,8.78,14.35,-1.48,111.11,4.9
20,268,7.66,10.72,1.26,92.97,4.27
21,268,6.2,8.66,0.01,92.15,3.46
22,268,5.71,7.9,0.51,85.13,3.18
23,268,5.88,8.28,-0.79,81.37,3.28
