date,month,orig_peak,orig_cost,has_type1,has_type2,restart_day,temp_max,full_workday,measure,alpha,new_peak,new_cost
2021-07-01,7,206.0,367421.9,1,1,0,27.3,1,A,0.1,197.0,367421.9
2021-07-01,7,206.0,367421.9,1,1,0,27.3,1,A,0.2,197.0,367421.9
2021-07-01,7,206.0,367421.9,1,1,0,27.3,1,A,0.3,197.0,367421.9
2021-07-01,7,206.0,367421.9,1,1,0,27.3,1,B,0.1,206.0,367421.9
2021-07-01,7,206.0,367421.9,1,1,0,27.3,1,B,0.2,206.0,367421.9
2021-07-01,7,206.0,367421.9,1,1,0,27.3,1,B,0.3,206.0,367421.9
2021-07-01,7,206.0,367421.9,1,1,0,27.3,1,AB,0.1,195.7,367421.9
2021-07-01,7,206.0,367421.9,1,1,0,27.3,1,AB,0.2,185.4,367135.48
2021-07-01,7,206.0,367421.9,1,1,0,27.3,1,AB,0.3,175.1,366367.28
2021-07-01,7,206.0,367421.9,1,1,0,27.3,1,UB,0.1,195.7,367421.9
2021-07-01,7,206.0,367421.9,1,1,0,27.3,1,UB,0.2,185.4,367189.08
2021-07-01,7,206.0,367421.9,1,1,0,27.3,1,UB,0.3,175.1,366343.14
2021-07-02,7,187.0,346997.9,0,1,0,24.5,1,A,0.1,187.0,346997.9
2021-07-02,7,187.0,346997.9,0,1,0,24.5,1,A,0.2,187.0,346997.9
2021-07-02,7,187.0,346997.9,0,1,0,24.5,1,A,0.3,187.0,346997.9
2021-07-02,7,187.0,346997.9,0,1,0,24.5,1,B,0.1,179.0,347064.9
2021-07-02,7,187.0,346997.9,0,1,0,24.5,1,B,0.2,179.0,347064.9
2021-07-02,7,187.0,346997.9,0,1,0,24.5,1,B,0.3,179.0,347064.9
2021-07-02,7,187.0,346997.9,0,1,0,24.5,1,AB,0.1,179.0,347064.9
2021-07-02,7,187.0,346997.9,0,1,0,24.5,1,AB,0.2,179.0,347064.9
2021-07-02,7,187.0,346997.9,0,1,0,24.5,1,AB,0.3,179.0,347064.9
2021-07-02,7,187.0,346997.9,0,1,0,24.5,1,UB,0.1,178.95,346971.94
2021-07-02,7,187.0,346997.9,0,1,0,24.5,1,UB,0.2,170.9,346733.25
2021-07-02,7,187.0,346997.9,0,1,0,24.5,1,UB,0.3,162.85,346064.44
2021-07-03,7,112.0,102228.82,0,0,0,23.2,0,A,0.1,112.0,102228.82
2021-07-03,7,112.0,102228.82,0,0,0,23.2,0,A,0.2,112.0,102228.82
2021-07-03,7,112.0,102228.82,0,0,0,23.2,0,A,0.3,112.0,102228.82
2021-07-03,7,112.0,102228.82,0,0,0,23.2,0,B,0.1,112.0,102228.82
2021-07-03,7,112.0,102228.82,0,0,0,23.2,0,B,0.2,112.0,102228.82
2021-07-03,7,112.0,102228.82,0,0,0,23.2,0,B,0.3,112.0,102228.82
2021-07-03,7,112.0,102228.82,0,0,0,23.2,0,AB,0.1,112.0,102228.82
2021-07-03,7,112.0,102228.82,0,0,0,23.2,0,AB,0.2,112.0,102228.82
2021-07-03,7,112.0,102228.82,0,0,0,23.2,0,AB,0.3,112.0,102228.82
2021-07-03,7,112.0,102228.82,0,0,0,23.2,0,UB,0.1,112.0,102228.82
2021-07-03,7,112.0,102228.82,0,0,0,23.2,0,UB,0.2,112.0,102228.82
2021-07-03,7,112.0,102228.82,0,0,0,23.2,0,UB,0.3,112.0,102228.82
2021-07-04,7,28.0,59191.8,0,0,0,31.3,0,A,0.1,28.0,59191.8
2021-07-04,7,28.0,59191.8,0,0,0,31.3,0,A,0.2,28.0,59191.8
2021-07-04,7,28.0,59191.8,0,0,0,31.3,0,A,0.3,28.0,59191.8
2021-07-04,7,28.0,59191.8,0,0,0,31.3,0,B,0.1,28.0,59191.8
2021-07-04,7,28.0,59191.8,0,0,0,31.3,0,B,0.2,28.0,59191.8
2021-07-04,7,28.0,59191.8,0,0,0,31.3,0,B,0.3,28.0,59191.8
2021-07-04,7,28.0,59191.8,0,0,0,31.3,0,AB,0.1,28.0,59191.8
2021-07-04,7,28.0,59191.8,0,0,0,31.3,0,AB,0.2,28.0,59191.8
2021-07-04,7,28.0,59191.8,0,0,0,31.3,0,AB,0.3,28.0,59191.8
2021-07-04,7,28.0,59191.8,0,0,0,31.3,0,UB,0.1,27.5,59191.8
2021-07-04,7,28.0,59191.8,0,0,0,31.3,0,UB,0.2,27.0,59191.8
2021-07-04,7,28.0,59191.8,0,0,0,31.3,0,UB,0.3,27.0,59191.8
2021-07-05,7,185.0,294787.1,1,1,1,26.0,1,A,0.1,185.0,294787.1
2021-07-05,7,185.0,294787.1,1,1,1,26.0,1,A,0.2,185.0,294787.1
2021-07-05,7,185.0,294787.1,1,1,1,26.0,1,A,0.3,185.0,294787.1
2021-07-05,7,185.0,294787.1,1,1,1,26.0,1,B,0.1,183.0,294803.85
2021-07-05,7,185.0,294787.1,1,1,1,26.0,1,B,0.2,183.0,294803.85
2021-07-05,7,185.0,294787.1,1,1,1,26.0,1,B,0.3,183.0,294803.85
2021-07-05,7,185.0,294787.1,1,1,1,26.0,1,AB,0.1,175.0,294946.22
2021-07-05,7,185.0,294787.1,1,1,1,26.0,1,AB,0.2,175.0,294946.22
2021-07-05,7,185.0,294787.1,1,1,1,26.0,1,AB,0.3,175.0,294946.22
2021-07-05,7,185.0,294787.1,1,1,1,26.0,1,UB,0.1,168.8,294682.46
2021-07-05,7,185.0,294787.1,1,1,1,26.0,1,UB,0.2,152.6,292253.58
2021-07-05,7,185.0,294787.1,1,1,1,26.0,1,UB,0.3,145.19,289741.05
2021-07-06,7,193.0,351262.65,0,1,0,24.6,1,A,0.1,193.0,351262.65
2021-07-06,7,193.0,351262.65,0,1,0,24.6,1,A,0.2,193.0,351262.65
2021-07-06,7,193.0,351262.65,0,1,0,24.6,1,A,0.3,193.0,351262.65
2021-07-06,7,193.0,351262.65,0,1,0,24.6,1,B,0.1,184.0,351346.4
2021-07-06,7,193.0,351262.65,0,1,0,24.6,1,B,0.2,177.0,351547.4
2021-07-06,7,193.0,351262.65,0,1,0,24.6,1,B,0.3,177.0,351547.4
2021-07-06,7,193.0,351262.65,0,1,0,24.6,1,AB,0.1,184.0,351346.4
2021-07-06,7,193.0,351262.65,0,1,0,24.6,1,AB,0.2,177.0,351547.4
2021-07-06,7,193.0,351262.65,0,1,0,24.6,1,AB,0.3,177.0,351547.4
2021-07-06,7,193.0,351262.65,0,1,0,24.6,1,UB,0.1,184.0,351262.65
2021-07-06,7,193.0,351262.65,0,1,0,24.6,1,UB,0.2,175.0,351104.68
2021-07-06,7,193.0,351262.65,0,1,0,24.6,1,UB,0.3,166.0,350319.42
2021-07-07,7,203.0,356245.02,1,1,0,25.5,1,A,0.1,193.2,356245.02
2021-07-07,7,203.0,356245.02,1,1,0,25.5,1,A,0.2,186.0,356245.02
2021-07-07,7,203.0,356245.02,1,1,0,25.5,1,A,0.3,186.0,356245.02
2021-07-07,7,203.0,356245.02,1,1,0,25.5,1,B,0.1,203.0,356245.02
2021-07-07,7,203.0,356245.02,1,1,0,25.5,1,B,0.2,203.0,356245.02
2021-07-07,7,203.0,356245.02,1,1,0,25.5,1,B,0.3,203.0,356245.02
2021-07-07,7,203.0,356245.02,1,1,0,25.5,1,AB,0.1,193.2,356245.02
2021-07-07,7,203.0,356245.02,1,1,0,25.5,1,AB,0.2,183.4,356280.2
2021-07-07,7,203.0,356245.02,1,1,0,25.5,1,AB,0.3,179.0,356231.35
2021-07-07,7,203.0,356245.02,1,1,0,25.5,1,UB,0.1,193.2,356245.02
2021-07-07,7,203.0,356245.02,1,1,0,25.5,1,UB,0.2,183.4,356245.02
2021-07-07,7,203.0,356245.02,1,1,0,25.5,1,UB,0.3,173.6,355822.84
2021-07-08,7,201.0,360609.6,1,1,0,26.8,1,A,0.1,201.0,360609.6
2021-07-08,7,201.0,360609.6,1,1,0,26.8,1,A,0.2,201.0,360609.6
2021-07-08,7,201.0,360609.6,1,1,0,26.8,1,A,0.3,201.0,360609.6
2021-07-08,7,201.0,360609.6,1,1,0,26.8,1,B,0.1,201.0,360609.6
2021-07-08,7,201.0,360609.6,1,1,0,26.8,1,B,0.2,201.0,360609.6
2021-07-08,7,201.0,360609.6,1,1,0,26.8,1,B,0.3,201.0,360609.6
2021-07-08,7,201.0,360609.6,1,1,0,26.8,1,AB,0.1,201.0,360609.6
2021-07-08,7,201.0,360609.6,1,1,0,26.8,1,AB,0.2,201.0,360609.6
2021-07-08,7,201.0,360609.6,1,1,0,26.8,1,AB,0.3,201.0,360609.6
2021-07-08,7,201.0,360609.6,1,1,0,26.8,1,UB,0.1,191.1,360619.65
2021-07-08,7,201.0,360609.6,1,1,0,26.8,1,UB,0.2,181.2,360154.0
2021-07-08,7,201.0,360609.6,1,1,0,26.8,1,UB,0.3,171.3,359345.78
2021-07-09,7,192.0,347934.6,1,1,0,24.7,1,A,0.1,192.0,347934.6
2021-07-09,7,192.0,347934.6,1,1,0,24.7,1,A,0.2,192.0,347934.6
2021-07-09,7,192.0,347934.6,1,1,0,24.7,1,A,0.3,192.0,347934.6
2021-07-09,7,192.0,347934.6,1,1,0,24.7,1,B,0.1,186.0,347951.35
2021-07-09,7,192.0,347934.6,1,1,0,24.7,1,B,0.2,186.0,347951.35
2021-07-09,7,192.0,347934.6,1,1,0,24.7,1,B,0.3,186.0,347951.35
2021-07-09,7,192.0,347934.6,1,1,0,24.7,1,AB,0.1,183.2,347974.8
2021-07-09,7,192.0,347934.6,1,1,0,24.7,1,AB,0.2,176.0,348093.72
2021-07-09,7,192.0,347934.6,1,1,0,24.7,1,AB,0.3,176.0,348093.72
2021-07-09,7,192.0,347934.6,1,1,0,24.7,1,UB,0.1,183.2,347934.6
2021-07-09,7,192.0,347934.6,1,1,0,24.7,1,UB,0.2,174.4,347929.57
2021-07-09,7,192.0,347934.6,1,1,0,24.7,1,UB,0.3,165.6,347056.84
2021-07-10,7,106.0,104877.02,0,0,0,30.0,0,A,0.1,106.0,104877.02
2021-07-10,7,106.0,104877.02,0,0,0,30.0,0,A,0.2,106.0,104877.02
2021-07-10,7,106.0,104877.02,0,0,0,30.0,0,A,0.3,106.0,104877.02
2021-07-10,7,106.0,104877.02,0,0,0,30.0,0,B,0.1,106.0,104877.02
2021-07-10,7,106.0,104877.02,0,0,0,30.0,0,B,0.2,106.0,104877.02
2021-07-10,7,106.0,104877.02,0,0,0,30.0,0,B,0.3,106.0,104877.02
2021-07-10,7,106.0,104877.02,0,0,0,30.0,0,AB,0.1,106.0,104877.02
2021-07-10,7,106.0,104877.02,0,0,0,30.0,0,AB,0.2,106.0,104877.02
2021-07-10,7,106.0,104877.02,0,0,0,30.0,0,AB,0.3,106.0,104877.02
2021-07-10,7,106.0,104877.02,0,0,0,30.0,0,UB,0.1,106.0,104877.02
2021-07-10,7,106.0,104877.02,0,0,0,30.0,0,UB,0.2,106.0,104877.02
2021-07-10,7,106.0,104877.02,0,0,0,30.0,0,UB,0.3,106.0,104877.02
2021-07-11,7,28.0,59568.32,0,0,0,31.8,0,A,0.1,28.0,59568.32
2021-07-11,7,28.0,59568.32,0,0,0,31.8,0,A,0.2,28.0,59568.32
2021-07-11,7,28.0,59568.32,0,0,0,31.8,0,A,0.3,28.0,59568.32
2021-07-11,7,28.0,59568.32,0,0,0,31.8,0,B,0.1,28.0,59568.32
2021-07-11,7,28.0,59568.32,0,0,0,31.8,0,B,0.2,28.0,59568.32
2021-07-11,7,28.0,59568.32,0,0,0,31.8,0,B,0.3,28.0,59568.32
2021-07-11,7,28.0,59568.32,0,0,0,31.8,0,AB,0.1,28.0,59568.32
2021-07-11,7,28.0,59568.32,0,0,0,31.8,0,AB,0.2,28.0,59568.32
2021-07-11,7,28.0,59568.32,0,0,0,31.8,0,AB,0.3,28.0,59568.32
2021-07-11,7,28.0,59568.32,0,0,0,31.8,0,UB,0.1,27.5,59568.32
2021-07-11,7,28.0,59568.32,0,0,0,31.8,0,UB,0.2,27.0,59568.32
2021-07-11,7,28.0,59568.32,0,0,0,31.8,0,UB,0.3,27.0,59568.32
2021-07-12,7,198.0,312207.45,1,1,1,32.0,1,A,0.1,190.0,312207.45
2021-07-12,7,198.0,312207.45,1,1,1,32.0,1,A,0.2,190.0,312207.45
2021-07-12,7,198.0,312207.45,1,1,1,32.0,1,A,0.3,190.0,312207.45
2021-07-12,7,198.0,312207.45,1,1,1,32.0,1,B,0.1,198.0,312207.45
2021-07-12,7,198.0,312207.45,1,1,1,32.0,1,B,0.2,198.0,312207.45
2021-07-12,7,198.0,312207.45,1,1,1,32.0,1,B,0.3,198.0,312207.45
2021-07-12,7,198.0,312207.45,1,1,1,32.0,1,AB,0.1,188.0,312181.65
2021-07-12,7,198.0,312207.45,1,1,1,32.0,1,AB,0.2,188.0,312181.65
2021-07-12,7,198.0,312207.45,1,1,1,32.0,1,AB,0.3,188.0,312181.65
2021-07-12,7,198.0,312207.45,1,1,1,32.0,1,UB,0.1,180.5,311817.42
2021-07-12,7,198.0,312207.45,1,1,1,32.0,1,UB,0.2,163.0,309637.32
2021-07-12,7,198.0,312207.45,1,1,1,32.0,1,UB,0.3,154.1,306751.13
2021-07-14,7,195.0,345895.7,1,1,0,32.1,1,A,0.1,193.0,345895.7
2021-07-14,7,195.0,345895.7,1,1,0,32.1,1,A,0.2,193.0,345895.7
2021-07-14,7,195.0,345895.7,1,1,0,32.1,1,A,0.3,193.0,345895.7
2021-07-14,7,195.0,345895.7,1,1,0,32.1,1,B,0.1,195.0,345895.7
2021-07-14,7,195.0,345895.7,1,1,0,32.1,1,B,0.2,195.0,345895.7
2021-07-14,7,195.0,345895.7,1,1,0,32.1,1,B,0.3,195.0,345895.7
2021-07-14,7,195.0,345895.7,1,1,0,32.1,1,AB,0.1,193.0,345895.7
2021-07-14,7,195.0,345895.7,1,1,0,32.1,1,AB,0.2,193.0,345895.7
2021-07-14,7,195.0,345895.7,1,1,0,32.1,1,AB,0.3,193.0,345895.7
2021-07-14,7,195.0,345895.7,1,1,0,32.1,1,UB,0.1,185.65,345864.71
2021-07-14,7,195.0,345895.7,1,1,0,32.1,1,UB,0.2,176.3,345389.48
2021-07-14,7,195.0,345895.7,1,1,0,32.1,1,UB,0.3,166.95,344544.02
2021-07-16,7,197.0,349699.15,1,1,0,29.0,1,A,0.1,197.0,349699.15
2021-07-16,7,197.0,349699.15,1,1,0,29.0,1,A,0.2,197.0,349699.15
2021-07-16,7,197.0,349699.15,1,1,0,29.0,1,A,0.3,197.0,349699.15
2021-07-16,7,197.0,349699.15,1,1,0,29.0,1,B,0.1,194.0,349699.15
2021-07-16,7,197.0,349699.15,1,1,0,29.0,1,B,0.2,194.0,349699.15
2021-07-16,7,197.0,349699.15,1,1,0,29.0,1,B,0.3,194.0,349699.15
2021-07-16,7,197.0,349699.15,1,1,0,29.0,1,AB,0.1,187.25,349650.78
2021-07-16,7,197.0,349699.15,1,1,0,29.0,1,AB,0.2,178.0,349417.75
2021-07-16,7,197.0,349699.15,1,1,0,29.0,1,AB,0.3,178.0,349417.75
2021-07-16,7,197.0,349699.15,1,1,0,29.0,1,UB,0.1,187.25,349617.49
2021-07-16,7,197.0,349699.15,1,1,0,29.0,1,UB,0.2,177.5,349135.18
2021-07-16,7,197.0,349699.15,1,1,0,29.0,1,UB,0.3,167.75,348320.81
2021-07-17,7,110.0,100216.4,0,0,0,28.4,0,A,0.1,110.0,100216.4
2021-07-17,7,110.0,100216.4,0,0,0,28.4,0,A,0.2,110.0,100216.4
2021-07-17,7,110.0,100216.4,0,0,0,28.4,0,A,0.3,110.0,100216.4
2021-07-17,7,110.0,100216.4,0,0,0,28.4,0,B,0.1,110.0,100216.4
2021-07-17,7,110.0,100216.4,0,0,0,28.4,0,B,0.2,110.0,100216.4
2021-07-17,7,110.0,100216.4,0,0,0,28.4,0,B,0.3,110.0,100216.4
2021-07-17,7,110.0,100216.4,0,0,0,28.4,0,AB,0.1,110.0,100216.4
2021-07-17,7,110.0,100216.4,0,0,0,28.4,0,AB,0.2,110.0,100216.4
2021-07-17,7,110.0,100216.4,0,0,0,28.4,0,AB,0.3,110.0,100216.4
2021-07-17,7,110.0,100216.4,0,0,0,28.4,0,UB,0.1,110.0,100216.4
2021-07-17,7,110.0,100216.4,0,0,0,28.4,0,UB,0.2,110.0,100216.4
2021-07-17,7,110.0,100216.4,0,0,0,28.4,0,UB,0.3,110.0,100216.4
2021-07-18,7,28.0,59756.42,0,0,0,28.8,0,A,0.1,28.0,59756.42
2021-07-18,7,28.0,59756.42,0,0,0,28.8,0,A,0.2,28.0,59756.42
2021-07-18,7,28.0,59756.42,0,0,0,28.8,0,A,0.3,28.0,59756.42
2021-07-18,7,28.0,59756.42,0,0,0,28.8,0,B,0.1,28.0,59756.42
2021-07-18,7,28.0,59756.42,0,0,0,28.8,0,B,0.2,28.0,59756.42
2021-07-18,7,28.0,59756.42,0,0,0,28.8,0,B,0.3,28.0,59756.42
2021-07-18,7,28.0,59756.42,0,0,0,28.8,0,AB,0.1,28.0,59756.42
2021-07-18,7,28.0,59756.42,0,0,0,28.8,0,AB,0.2,28.0,59756.42
2021-07-18,7,28.0,59756.42,0,0,0,28.8,0,AB,0.3,28.0,59756.42
2021-07-18,7,28.0,59756.42,0,0,0,28.8,0,UB,0.1,28.0,59756.42
2021-07-18,7,28.0,59756.42,0,0,0,28.8,0,UB,0.2,28.0,59756.42
2021-07-18,7,28.0,59756.42,0,0,0,28.8,0,UB,0.3,28.0,59756.42
2021-07-19,7,222.0,320500.85,1,1,1,29.8,1,A,0.1,222.0,320500.85
2021-07-19,7,222.0,320500.85,1,1,1,29.8,1,A,0.2,222.0,320500.85
2021-07-19,7,222.0,320500.85,1,1,1,29.8,1,A,0.3,222.0,320500.85
2021-07-19,7,222.0,320500.85,1,1,1,29.8,1,B,0.1,202.1,320566.18
2021-07-19,7,222.0,320500.85,1,1,1,29.8,1,B,0.2,200.0,320601.35
2021-07-19,7,222.0,320500.85,1,1,1,29.8,1,B,0.3,200.0,320601.35
2021-07-19,7,222.0,320500.85,1,1,1,29.8,1,AB,0.1,202.1,320566.18
2021-07-19,7,222.0,320500.85,1,1,1,29.8,1,AB,0.2,182.2,320346.3
2021-07-19,7,222.0,320500.85,1,1,1,29.8,1,AB,0.3,176.0,319405.83
2021-07-19,7,222.0,320500.85,1,1,1,29.8,1,UB,0.1,202.1,320508.39
2021-07-19,7,222.0,320500.85,1,1,1,29.8,1,UB,0.2,182.2,319804.54
2021-07-19,7,222.0,320500.85,1,1,1,29.8,1,UB,0.3,162.3,315590.31
2021-07-20,7,201.0,372098.35,1,1,0,31.7,1,A,0.1,201.0,372098.35
2021-07-20,7,201.0,372098.35,1,1,0,31.7,1,A,0.2,201.0,372098.35
2021-07-20,7,201.0,372098.35,1,1,0,31.7,1,A,0.3,201.0,372098.35
2021-07-20,7,201.0,372098.35,1,1,0,31.7,1,B,0.1,201.0,372098.35
2021-07-20,7,201.0,372098.35,1,1,0,31.7,1,B,0.2,201.0,372098.35
2021-07-20,7,201.0,372098.35,1,1,0,31.7,1,B,0.3,201.0,372098.35
2021-07-20,7,201.0,372098.35,1,1,0,31.7,1,AB,0.1,197.0,372098.35
2021-07-20,7,201.0,372098.35,1,1,0,31.7,1,AB,0.2,197.0,372098.35
2021-07-20,7,201.0,372098.35,1,1,0,31.7,1,AB,0.3,197.0,372098.35
2021-07-20,7,201.0,372098.35,1,1,0,31.7,1,UB,0.1,191.15,372099.61
2021-07-20,7,201.0,372098.35,1,1,0,31.7,1,UB,0.2,181.3,371416.68
2021-07-20,7,201.0,372098.35,1,1,0,31.7,1,UB,0.3,171.45,370139.44
2021-07-21,7,214.0,374473.17,1,1,0,29.7,1,A,0.1,206.0,374473.18
2021-07-21,7,214.0,374473.17,1,1,0,29.7,1,A,0.2,206.0,374473.18
2021-07-21,7,214.0,374473.17,1,1,0,29.7,1,A,0.3,206.0,374473.18
2021-07-21,7,214.0,374473.17,1,1,0,29.7,1,B,0.1,214.0,374473.17
2021-07-21,7,214.0,374473.17,1,1,0,29.7,1,B,0.2,214.0,374473.17
2021-07-21,7,214.0,374473.17,1,1,0,29.7,1,B,0.3,214.0,374473.17
2021-07-21,7,214.0,374473.17,1,1,0,29.7,1,AB,0.1,206.0,374473.18
2021-07-21,7,214.0,374473.17,1,1,0,29.7,1,AB,0.2,206.0,374473.18
2021-07-21,7,214.0,374473.17,1,1,0,29.7,1,AB,0.3,206.0,374473.18
2021-07-21,7,214.0,374473.17,1,1,0,29.7,1,UB,0.1,202.6,374444.7
2021-07-21,7,214.0,374473.17,1,1,0,29.7,1,UB,0.2,191.2,374167.92
2021-07-21,7,214.0,374473.17,1,1,0,29.7,1,UB,0.3,179.8,372441.42
2021-07-22,7,213.0,357609.6,1,1,0,29.5,1,A,0.1,201.6,357536.07
2021-07-22,7,213.0,357609.6,1,1,0,29.5,1,A,0.2,192.0,357409.65
2021-07-22,7,213.0,357609.6,1,1,0,29.5,1,A,0.3,192.0,357409.65
2021-07-22,7,213.0,357609.6,1,1,0,29.5,1,B,0.1,213.0,357609.6
2021-07-22,7,213.0,357609.6,1,1,0,29.5,1,B,0.2,213.0,357609.6
2021-07-22,7,213.0,357609.6,1,1,0,29.5,1,B,0.3,213.0,357609.6
2021-07-22,7,213.0,357609.6,1,1,0,29.5,1,AB,0.1,201.6,357536.07
2021-07-22,7,213.0,357609.6,1,1,0,29.5,1,AB,0.2,192.0,357409.65
2021-07-22,7,213.0,357609.6,1,1,0,29.5,1,AB,0.3,192.0,357409.65
2021-07-22,7,213.0,357609.6,1,1,0,29.5,1,UB,0.1,201.6,357609.6
2021-07-22,7,213.0,357609.6,1,1,0,29.5,1,UB,0.2,190.2,357459.08
2021-07-22,7,213.0,357609.6,1,1,0,29.5,1,UB,0.3,178.8,356739.54
2021-07-23,7,206.0,362065.32,1,1,0,29.3,1,A,0.1,206.0,362065.32
2021-07-23,7,206.0,362065.32,1,1,0,29.3,1,A,0.2,206.0,362065.32
2021-07-23,7,206.0,362065.32,1,1,0,29.3,1,A,0.3,206.0,362065.32
2021-07-23,7,206.0,362065.32,1,1,0,29.3,1,B,0.1,202.0,362065.32
2021-07-23,7,206.0,362065.32,1,1,0,29.3,1,B,0.2,202.0,362065.32
2021-07-23,7,206.0,362065.32,1,1,0,29.3,1,B,0.3,202.0,362065.32
2021-07-23,7,206.0,362065.32,1,1,0,29.3,1,AB,0.1,199.0,362065.32
2021-07-23,7,206.0,362065.32,1,1,0,29.3,1,AB,0.2,199.0,362065.32
2021-07-23,7,206.0,362065.32,1,1,0,29.3,1,AB,0.3,199.0,362065.32
2021-07-23,7,206.0,362065.32,1,1,0,29.3,1,UB,0.1,195.35,362065.32
2021-07-23,7,206.0,362065.32,1,1,0,29.3,1,UB,0.2,184.7,361852.22
2021-07-23,7,206.0,362065.32,1,1,0,29.3,1,UB,0.3,174.05,360654.15
2021-07-24,7,104.0,102387.85,0,0,0,30.0,0,A,0.1,104.0,102387.85
2021-07-24,7,104.0,102387.85,0,0,0,30.0,0,A,0.2,104.0,102387.85
2021-07-24,7,104.0,102387.85,0,0,0,30.0,0,A,0.3,104.0,102387.85
2021-07-24,7,104.0,102387.85,0,0,0,30.0,0,B,0.1,104.0,102387.85
2021-07-24,7,104.0,102387.85,0,0,0,30.0,0,B,0.2,104.0,102387.85
2021-07-24,7,104.0,102387.85,0,0,0,30.0,0,B,0.3,104.0,102387.85
2021-07-24,7,104.0,102387.85,0,0,0,30.0,0,AB,0.1,104.0,102387.85
2021-07-24,7,104.0,102387.85,0,0,0,30.0,0,AB,0.2,104.0,102387.85
2021-07-24,7,104.0,102387.85,0,0,0,30.0,0,AB,0.3,104.0,102387.85
2021-07-24,7,104.0,102387.85,0,0,0,30.0,0,UB,0.1,104.0,102387.85
2021-07-24,7,104.0,102387.85,0,0,0,30.0,0,UB,0.2,104.0,102387.85
2021-07-24,7,104.0,102387.85,0,0,0,30.0,0,UB,0.3,104.0,102387.85
2021-07-25,7,29.0,61881.9,0,0,0,31.0,0,A,0.1,29.0,61881.9
2021-07-25,7,29.0,61881.9,0,0,0,31.0,0,A,0.2,29.0,61881.9
2021-07-25,7,29.0,61881.9,0,0,0,31.0,0,A,0.3,29.0,61881.9
2021-07-25,7,29.0,61881.9,0,0,0,31.0,0,B,0.1,29.0,61881.9
2021-07-25,7,29.0,61881.9,0,0,0,31.0,0,B,0.2,29.0,61881.9
2021-07-25,7,29.0,61881.9,0,0,0,31.0,0,B,0.3,29.0,61881.9
2021-07-25,7,29.0,61881.9,0,0,0,31.0,0,AB,0.1,29.0,61881.9
2021-07-25,7,29.0,61881.9,0,0,0,31.0,0,AB,0.2,29.0,61881.9
2021-07-25,7,29.0,61881.9,0,0,0,31.0,0,AB,0.3,29.0,61881.9
2021-07-25,7,29.0,61881.9,0,0,0,31.0,0,UB,0.1,29.0,61881.9
2021-07-25,7,29.0,61881.9,0,0,0,31.0,0,UB,0.2,29.0,61881.9
2021-07-25,7,29.0,61881.9,0,0,0,31.0,0,UB,0.3,29.0,61881.9
2021-07-26,7,217.0,311271.05,1,1,1,31.1,1,A,0.1,207.0,311271.05
2021-07-26,7,217.0,311271.05,1,1,1,31.1,1,A,0.2,207.0,311271.05
2021-07-26,7,217.0,311271.05,1,1,1,31.1,1,A,0.3,207.0,311271.05
2021-07-26,7,217.0,311271.05,1,1,1,31.1,1,B,0.1,217.0,311271.05
2021-07-26,7,217.0,311271.05,1,1,1,31.1,1,B,0.2,217.0,311271.05
2021-07-26,7,217.0,311271.05,1,1,1,31.1,1,B,0.3,217.0,311271.05
2021-07-26,7,217.0,311271.05,1,1,1,31.1,1,AB,0.1,207.0,311271.05
2021-07-26,7,217.0,311271.05,1,1,1,31.1,1,AB,0.2,207.0,311271.05
2021-07-26,7,217.0,311271.05,1,1,1,31.1,1,AB,0.3,207.0,311271.05
2021-07-26,7,217.0,311271.05,1,1,1,31.1,1,UB,0.1,197.7,311292.82
2021-07-26,7,217.0,311271.05,1,1,1,31.1,1,UB,0.2,178.4,310417.2
2021-07-26,7,217.0,311271.05,1,1,1,31.1,1,UB,0.3,159.1,307079.47
2021-07-27,7,211.0,385649.98,1,1,0,30.7,1,A,0.1,211.0,385649.98
2021-07-27,7,211.0,385649.98,1,1,0,30.7,1,A,0.2,211.0,385649.98
2021-07-27,7,211.0,385649.98,1,1,0,30.7,1,A,0.3,211.0,385649.98
2021-07-27,7,211.0,385649.98,1,1,0,30.7,1,B,0.1,207.0,385649.98
2021-07-27,7,211.0,385649.98,1,1,0,30.7,1,B,0.2,207.0,385649.98
2021-07-27,7,211.0,385649.98,1,1,0,30.7,1,B,0.3,207.0,385649.98
2021-07-27,7,211.0,385649.98,1,1,0,30.7,1,AB,0.1,200.5,385696.04
2021-07-27,7,211.0,385649.98,1,1,0,30.7,1,AB,0.2,190.0,385642.75
2021-07-27,7,211.0,385649.98,1,1,0,30.7,1,AB,0.3,179.5,383917.2
2021-07-27,7,211.0,385649.98,1,1,0,30.7,1,UB,0.1,200.5,385440.6
2021-07-27,7,211.0,385649.98,1,1,0,30.7,1,UB,0.2,190.0,385050.15
2021-07-27,7,211.0,385649.98,1,1,0,30.7,1,UB,0.3,179.5,383987.48
2021-07-28,7,212.0,383970.82,1,1,0,31.0,1,A,0.1,212.0,383970.82
2021-07-28,7,212.0,383970.82,1,1,0,31.0,1,A,0.2,212.0,383970.82
2021-07-28,7,212.0,383970.82,1,1,0,31.0,1,A,0.3,212.0,383970.82
2021-07-28,7,212.0,383970.82,1,1,0,31.0,1,B,0.1,212.0,383970.82
2021-07-28,7,212.0,383970.82,1,1,0,31.0,1,B,0.2,212.0,383970.82
2021-07-28,7,212.0,383970.82,1,1,0,31.0,1,B,0.3,212.0,383970.82
2021-07-28,7,212.0,383970.82,1,1,0,31.0,1,AB,0.1,212.0,383970.82
2021-07-28,7,212.0,383970.82,1,1,0,31.0,1,AB,0.2,212.0,383970.82
2021-07-28,7,212.0,383970.82,1,1,0,31.0,1,AB,0.3,212.0,383970.82
2021-07-28,7,212.0,383970.82,1,1,0,31.0,1,UB,0.1,202.5,383803.32
2021-07-28,7,212.0,383970.82,1,1,0,31.0,1,UB,0.2,193.0,383345.78
2021-07-28,7,212.0,383970.82,1,1,0,31.0,1,UB,0.3,183.5,382210.07
2021-07-29,7,211.0,377209.28,1,1,0,31.6,1,A,0.1,211.0,377209.28
2021-07-29,7,211.0,377209.28,1,1,0,31.6,1,A,0.2,211.0,377209.28
2021-07-29,7,211.0,377209.28,1,1,0,31.6,1,A,0.3,211.0,377209.28
2021-07-29,7,211.0,377209.28,1,1,0,31.6,1,B,0.1,211.0,377209.28
2021-07-29,7,211.0,377209.28,1,1,0,31.6,1,B,0.2,211.0,377209.28
2021-07-29,7,211.0,377209.28,1,1,0,31.6,1,B,0.3,211.0,377209.28
2021-07-29,7,211.0,377209.28,1,1,0,31.6,1,AB,0.1,211.0,377209.28
2021-07-29,7,211.0,377209.28,1,1,0,31.6,1,AB,0.2,211.0,377209.28
2021-07-29,7,211.0,377209.28,1,1,0,31.6,1,AB,0.3,211.0,377209.28
2021-07-29,7,211.0,377209.28,1,1,0,31.6,1,UB,0.1,200.65,376988.18
2021-07-29,7,211.0,377209.28,1,1,0,31.6,1,UB,0.2,190.3,376511.16
2021-07-29,7,211.0,377209.28,1,1,0,31.6,1,UB,0.3,179.95,375315.5
2021-07-30,7,212.0,383970.82,1,1,0,33.2,1,A,0.1,212.0,383970.82
2021-07-30,7,212.0,383970.82,1,1,0,33.2,1,A,0.2,212.0,383970.82
2021-07-30,7,212.0,383970.82,1,1,0,33.2,1,A,0.3,212.0,383970.82
2021-07-30,7,212.0,383970.82,1,1,0,33.2,1,B,0.1,212.0,383970.82
2021-07-30,7,212.0,383970.82,1,1,0,33.2,1,B,0.2,212.0,383970.82
2021-07-30,7,212.0,383970.82,1,1,0,33.2,1,B,0.3,212.0,383970.82
2021-07-30,7,212.0,383970.82,1,1,0,33.2,1,AB,0.1,212.0,383970.82
2021-07-30,7,212.0,383970.82,1,1,0,33.2,1,AB,0.2,212.0,383970.82
2021-07-30,7,212.0,383970.82,1,1,0,33.2,1,AB,0.3,212.0,383970.82
2021-07-30,7,212.0,383970.82,1,1,0,33.2,1,UB,0.1,202.5,383803.32
2021-07-30,7,212.0,383970.82,1,1,0,33.2,1,UB,0.2,193.0,383345.78
2021-07-30,7,212.0,383970.82,1,1,0,33.2,1,UB,0.3,183.5,382210.07
2021-07-31,7,28.0,54298.85,0,0,0,32.8,0,A,0.1,28.0,54298.85
2021-07-31,7,28.0,54298.85,0,0,0,32.8,0,A,0.2,28.0,54298.85
2021-07-31,7,28.0,54298.85,0,0,0,32.8,0,A,0.3,28.0,54298.85
2021-07-31,7,28.0,54298.85,0,0,0,32.8,0,B,0.1,28.0,54298.85
2021-07-31,7,28.0,54298.85,0,0,0,32.8,0,B,0.2,28.0,54298.85
2021-07-31,7,28.0,54298.85,0,0,0,32.8,0,B,0.3,28.0,54298.85
2021-07-31,7,28.0,54298.85,0,0,0,32.8,0,AB,0.1,28.0,54298.85
2021-07-31,7,28.0,54298.85,0,0,0,32.8,0,AB,0.2,28.0,54298.85
2021-07-31,7,28.0,54298.85,0,0,0,32.8,0,AB,0.3,28.0,54298.85
2021-07-31,7,28.0,54298.85,0,0,0,32.8,0,UB,0.1,27.3,54298.85
2021-07-31,7,28.0,54298.85,0,0,0,32.8,0,UB,0.2,26.6,54298.85
2021-07-31,7,28.0,54298.85,0,0,0,32.8,0,UB,0.3,26.0,54298.85
2021-08-01,8,28.0,54327.05,0,0,0,32.6,0,A,0.1,28.0,54327.05
2021-08-01,8,28.0,54327.05,0,0,0,32.6,0,A,0.2,28.0,54327.05
2021-08-01,8,28.0,54327.05,0,0,0,32.6,0,A,0.3,28.0,54327.05
2021-08-01,8,28.0,54327.05,0,0,0,32.6,0,B,0.1,28.0,54327.05
2021-08-01,8,28.0,54327.05,0,0,0,32.6,0,B,0.2,28.0,54327.05
2021-08-01,8,28.0,54327.05,0,0,0,32.6,0,B,0.3,28.0,54327.05
2021-08-01,8,28.0,54327.05,0,0,0,32.6,0,AB,0.1,28.0,54327.05
2021-08-01,8,28.0,54327.05,0,0,0,32.6,0,AB,0.2,28.0,54327.05
2021-08-01,8,28.0,54327.05,0,0,0,32.6,0,AB,0.3,28.0,54327.05
2021-08-01,8,28.0,54327.05,0,0,0,32.6,0,UB,0.1,27.3,54327.05
2021-08-01,8,28.0,54327.05,0,0,0,32.6,0,UB,0.2,26.6,54327.05
2021-08-01,8,28.0,54327.05,0,0,0,32.6,0,UB,0.3,26.0,54327.05
2021-08-02,8,26.0,54293.6,0,0,0,32.0,0,A,0.1,26.0,54293.6
2021-08-02,8,26.0,54293.6,0,0,0,32.0,0,A,0.2,26.0,54293.6
2021-08-02,8,26.0,54293.6,0,0,0,32.0,0,A,0.3,26.0,54293.6
2021-08-02,8,26.0,54293.6,0,0,0,32.0,0,B,0.1,26.0,54293.6
2021-08-02,8,26.0,54293.6,0,0,0,32.0,0,B,0.2,26.0,54293.6
2021-08-02,8,26.0,54293.6,0,0,0,32.0,0,B,0.3,26.0,54293.6
2021-08-02,8,26.0,54293.6,0,0,0,32.0,0,AB,0.1,26.0,54293.6
2021-08-02,8,26.0,54293.6,0,0,0,32.0,0,AB,0.2,26.0,54293.6
2021-08-02,8,26.0,54293.6,0,0,0,32.0,0,AB,0.3,26.0,54293.6
2021-08-02,8,26.0,54293.6,0,0,0,32.0,0,UB,0.1,26.0,54293.6
2021-08-02,8,26.0,54293.6,0,0,0,32.0,0,UB,0.2,26.0,54293.6
2021-08-02,8,26.0,54293.6,0,0,0,32.0,0,UB,0.3,26.0,54293.6
2021-08-03,8,26.0,54665.52,0,0,0,30.9,0,A,0.1,26.0,54665.52
2021-08-03,8,26.0,54665.52,0,0,0,30.9,0,A,0.2,26.0,54665.52
2021-08-03,8,26.0,54665.52,0,0,0,30.9,0,A,0.3,26.0,54665.52
2021-08-03,8,26.0,54665.52,0,0,0,30.9,0,B,0.1,26.0,54665.52
2021-08-03,8,26.0,54665.52,0,0,0,30.9,0,B,0.2,26.0,54665.52
2021-08-03,8,26.0,54665.52,0,0,0,30.9,0,B,0.3,26.0,54665.52
2021-08-03,8,26.0,54665.52,0,0,0,30.9,0,AB,0.1,26.0,54665.52
2021-08-03,8,26.0,54665.52,0,0,0,30.9,0,AB,0.2,26.0,54665.52
2021-08-03,8,26.0,54665.52,0,0,0,30.9,0,AB,0.3,26.0,54665.52
2021-08-03,8,26.0,54665.52,0,0,0,30.9,0,UB,0.1,26.0,54665.52
2021-08-03,8,26.0,54665.52,0,0,0,30.9,0,UB,0.2,26.0,54665.52
2021-08-03,8,26.0,54665.52,0,0,0,30.9,0,UB,0.3,26.0,54665.52
2021-08-04,8,26.0,54219.17,0,0,0,32.9,0,A,0.1,26.0,54219.17
2021-08-04,8,26.0,54219.17,0,0,0,32.9,0,A,0.2,26.0,54219.17
2021-08-04,8,26.0,54219.17,0,0,0,32.9,0,A,0.3,26.0,54219.17
2021-08-04,8,26.0,54219.17,0,0,0,32.9,0,B,0.1,26.0,54219.17
2021-08-04,8,26.0,54219.17,0,0,0,32.9,0,B,0.2,26.0,54219.17
2021-08-04,8,26.0,54219.17,0,0,0,32.9,0,B,0.3,26.0,54219.17
2021-08-04,8,26.0,54219.17,0,0,0,32.9,0,AB,0.1,26.0,54219.17
2021-08-04,8,26.0,54219.17,0,0,0,32.9,0,AB,0.2,26.0,54219.17
2021-08-04,8,26.0,54219.17,0,0,0,32.9,0,AB,0.3,26.0,54219.17
2021-08-04,8,26.0,54219.17,0,0,0,32.9,0,UB,0.1,25.5,54219.17
2021-08-04,8,26.0,54219.17,0,0,0,32.9,0,UB,0.2,25.0,54219.17
2021-08-04,8,26.0,54219.17,0,0,0,32.9,0,UB,0.3,25.0,54219.17
2021-08-05,8,26.0,54456.5,0,0,0,33.3,0,A,0.1,26.0,54456.5
2021-08-05,8,26.0,54456.5,0,0,0,33.3,0,A,0.2,26.0,54456.5
2021-08-05,8,26.0,54456.5,0,0,0,33.3,0,A,0.3,26.0,54456.5
2021-08-05,8,26.0,54456.5,0,0,0,33.3,0,B,0.1,26.0,54456.5
2021-08-05,8,26.0,54456.5,0,0,0,33.3,0,B,0.2,26.0,54456.5
2021-08-05,8,26.0,54456.5,0,0,0,33.3,0,B,0.3,26.0,54456.5
2021-08-05,8,26.0,54456.5,0,0,0,33.3,0,AB,0.1,26.0,54456.5
2021-08-05,8,26.0,54456.5,0,0,0,33.3,0,AB,0.2,26.0,54456.5
2021-08-05,8,26.0,54456.5,0,0,0,33.3,0,AB,0.3,26.0,54456.5
2021-08-05,8,26.0,54456.5,0,0,0,33.3,0,UB,0.1,26.0,54456.5
2021-08-05,8,26.0,54456.5,0,0,0,33.3,0,UB,0.2,26.0,54456.5
2021-08-05,8,26.0,54456.5,0,0,0,33.3,0,UB,0.3,26.0,54456.5
2021-08-06,8,27.0,55593.25,0,0,0,32.9,0,A,0.1,27.0,55593.25
2021-08-06,8,27.0,55593.25,0,0,0,32.9,0,A,0.2,27.0,55593.25
2021-08-06,8,27.0,55593.25,0,0,0,32.9,0,A,0.3,27.0,55593.25
2021-08-06,8,27.0,55593.25,0,0,0,32.9,0,B,0.1,27.0,55593.25
2021-08-06,8,27.0,55593.25,0,0,0,32.9,0,B,0.2,27.0,55593.25
2021-08-06,8,27.0,55593.25,0,0,0,32.9,0,B,0.3,27.0,55593.25
2021-08-06,8,27.0,55593.25,0,0,0,32.9,0,AB,0.1,27.0,55593.25
2021-08-06,8,27.0,55593.25,0,0,0,32.9,0,AB,0.2,27.0,55593.25
2021-08-06,8,27.0,55593.25,0,0,0,32.9,0,AB,0.3,27.0,55593.25
2021-08-06,8,27.0,55593.25,0,0,0,32.9,0,UB,0.1,26.4,55593.25
2021-08-06,8,27.0,55593.25,0,0,0,32.9,0,UB,0.2,25.8,55593.25
2021-08-06,8,27.0,55593.25,0,0,0,32.9,0,UB,0.3,25.2,55593.25
2021-08-07,8,26.0,54567.68,0,0,0,33.4,0,A,0.1,26.0,54567.68
2021-08-07,8,26.0,54567.68,0,0,0,33.4,0,A,0.2,26.0,54567.68
2021-08-07,8,26.0,54567.68,0,0,0,33.4,0,A,0.3,26.0,54567.68
2021-08-07,8,26.0,54567.68,0,0,0,33.4,0,B,0.1,26.0,54567.68
2021-08-07,8,26.0,54567.68,0,0,0,33.4,0,B,0.2,26.0,54567.68
2021-08-07,8,26.0,54567.68,0,0,0,33.4,0,B,0.3,26.0,54567.68
2021-08-07,8,26.0,54567.68,0,0,0,33.4,0,AB,0.1,26.0,54567.68
2021-08-07,8,26.0,54567.68,0,0,0,33.4,0,AB,0.2,26.0,54567.68
2021-08-07,8,26.0,54567.68,0,0,0,33.4,0,AB,0.3,26.0,54567.68
2021-08-07,8,26.0,54567.68,0,0,0,33.4,0,UB,0.1,25.5,54567.68
2021-08-07,8,26.0,54567.68,0,0,0,33.4,0,UB,0.2,25.0,54567.67
2021-08-07,8,26.0,54567.68,0,0,0,33.4,0,UB,0.3,25.0,54567.68
2021-08-08,8,26.0,53959.67,0,0,0,28.0,0,A,0.1,26.0,53959.67
2021-08-08,8,26.0,53959.67,0,0,0,28.0,0,A,0.2,26.0,53959.67
2021-08-08,8,26.0,53959.67,0,0,0,28.0,0,A,0.3,26.0,53959.67
2021-08-08,8,26.0,53959.67,0,0,0,28.0,0,B,0.1,26.0,53959.67
2021-08-08,8,26.0,53959.67,0,0,0,28.0,0,B,0.2,26.0,53959.67
2021-08-08,8,26.0,53959.67,0,0,0,28.0,0,B,0.3,26.0,53959.67
2021-08-08,8,26.0,53959.67,0,0,0,28.0,0,AB,0.1,26.0,53959.67
2021-08-08,8,26.0,53959.67,0,0,0,28.0,0,AB,0.2,26.0,53959.67
2021-08-08,8,26.0,53959.67,0,0,0,28.0,0,AB,0.3,26.0,53959.67
2021-08-08,8,26.0,53959.67,0,0,0,28.0,0,UB,0.1,25.5,53959.68
2021-08-08,8,26.0,53959.67,0,0,0,28.0,0,UB,0.2,25.0,53959.68
2021-08-08,8,26.0,53959.67,0,0,0,28.0,0,UB,0.3,24.5,53959.67
2021-08-09,8,215.0,303348.05,1,1,1,29.2,1,A,0.1,201.0,303348.05
2021-08-09,8,215.0,303348.05,1,1,1,29.2,1,A,0.2,201.0,303348.05
2021-08-09,8,215.0,303348.05,1,1,1,29.2,1,A,0.3,201.0,303348.05
2021-08-09,8,215.0,303348.05,1,1,1,29.2,1,B,0.1,215.0,303348.05
2021-08-09,8,215.0,303348.05,1,1,1,29.2,1,B,0.2,215.0,303348.05
2021-08-09,8,215.0,303348.05,1,1,1,29.2,1,B,0.3,215.0,303348.05
2021-08-09,8,215.0,303348.05,1,1,1,29.2,1,AB,0.1,201.0,303348.05
2021-08-09,8,215.0,303348.05,1,1,1,29.2,1,AB,0.2,201.0,303348.05
2021-08-09,8,215.0,303348.05,1,1,1,29.2,1,AB,0.3,201.0,303348.05
2021-08-09,8,215.0,303348.05,1,1,1,29.2,1,UB,0.1,195.6,303348.05
2021-08-09,8,215.0,303348.05,1,1,1,29.2,1,UB,0.2,176.2,302024.03
2021-08-09,8,215.0,303348.05,1,1,1,29.2,1,UB,0.3,156.8,297086.58
2021-08-10,8,195.0,352270.75,1,1,0,26.9,1,A,0.1,192.0,352270.75
2021-08-10,8,195.0,352270.75,1,1,0,26.9,1,A,0.2,192.0,352270.75
2021-08-10,8,195.0,352270.75,1,1,0,26.9,1,A,0.3,192.0,352270.75
2021-08-10,8,195.0,352270.75,1,1,0,26.9,1,B,0.1,195.0,352270.75
2021-08-10,8,195.0,352270.75,1,1,0,26.9,1,B,0.2,195.0,352270.75
2021-08-10,8,195.0,352270.75,1,1,0,26.9,1,B,0.3,195.0,352270.75
2021-08-10,8,195.0,352270.75,1,1,0,26.9,1,AB,0.1,192.0,352270.75
2021-08-10,8,195.0,352270.75,1,1,0,26.9,1,AB,0.2,192.0,352270.75
2021-08-10,8,195.0,352270.75,1,1,0,26.9,1,AB,0.3,192.0,352270.75
2021-08-10,8,195.0,352270.75,1,1,0,26.9,1,UB,0.1,185.15,352282.89
2021-08-10,8,195.0,352270.75,1,1,0,26.9,1,UB,0.2,175.3,351579.76
2021-08-10,8,195.0,352270.75,1,1,0,26.9,1,UB,0.3,165.45,350295.42
2021-08-11,8,218.0,367964.65,1,1,0,29.4,1,A,0.1,206.4,367964.65
2021-08-11,8,218.0,367964.65,1,1,0,29.4,1,A,0.2,194.8,367753.09
2021-08-11,8,218.0,367964.65,1,1,0,29.4,1,A,0.3,194.0,367732.45
2021-08-11,8,218.0,367964.65,1,1,0,29.4,1,B,0.1,218.0,367964.65
2021-08-11,8,218.0,367964.65,1,1,0,29.4,1,B,0.2,218.0,367964.65
2021-08-11,8,218.0,367964.65,1,1,0,29.4,1,B,0.3,218.0,367964.65
2021-08-11,8,218.0,367964.65,1,1,0,29.4,1,AB,0.1,206.4,367964.65
2021-08-11,8,218.0,367964.65,1,1,0,29.4,1,AB,0.2,194.8,367753.09
2021-08-11,8,218.0,367964.65,1,1,0,29.4,1,AB,0.3,183.2,367368.5
2021-08-11,8,218.0,367964.65,1,1,0,29.4,1,UB,0.1,206.4,367964.65
2021-08-11,8,218.0,367964.65,1,1,0,29.4,1,UB,0.2,194.8,367964.65
2021-08-11,8,218.0,367964.65,1,1,0,29.4,1,UB,0.3,183.2,367653.2
2021-08-12,8,199.0,362968.02,1,1,0,28.8,1,A,0.1,199.0,362968.02
2021-08-12,8,199.0,362968.02,1,1,0,28.8,1,A,0.2,199.0,362968.02
2021-08-12,8,199.0,362968.02,1,1,0,28.8,1,A,0.3,199.0,362968.02
2021-08-12,8,199.0,362968.02,1,1,0,28.8,1,B,0.1,196.0,362968.02
2021-08-12,8,199.0,362968.02,1,1,0,28.8,1,B,0.2,196.0,362968.02
2021-08-12,8,199.0,362968.02,1,1,0,28.8,1,B,0.3,196.0,362968.02
2021-08-12,8,199.0,362968.02,1,1,0,28.8,1,AB,0.1,189.4,362968.02
2021-08-12,8,199.0,362968.02,1,1,0,28.8,1,AB,0.2,179.8,362788.1
2021-08-12,8,199.0,362968.02,1,1,0,28.8,1,AB,0.3,177.0,362683.45
2021-08-12,8,199.0,362968.02,1,1,0,28.8,1,UB,0.1,189.4,362887.62
2021-08-12,8,199.0,362968.02,1,1,0,28.8,1,UB,0.2,179.8,362520.96
2021-08-12,8,199.0,362968.02,1,1,0,28.8,1,UB,0.3,170.2,361620.25
2021-08-13,8,207.0,369893.3,1,1,0,26.4,1,A,0.1,204.0,369873.95
2021-08-13,8,207.0,369893.3,1,1,0,26.4,1,A,0.2,204.0,369873.95
2021-08-13,8,207.0,369893.3,1,1,0,26.4,1,A,0.3,204.0,369873.95
2021-08-13,8,207.0,369893.3,1,1,0,26.4,1,B,0.1,207.0,369893.3
2021-08-13,8,207.0,369893.3,1,1,0,26.4,1,B,0.2,207.0,369893.3
2021-08-13,8,207.0,369893.3,1,1,0,26.4,1,B,0.3,207.0,369893.3
2021-08-13,8,207.0,369893.3,1,1,0,26.4,1,AB,0.1,204.0,369873.95
2021-08-13,8,207.0,369893.3,1,1,0,26.4,1,AB,0.2,204.0,369873.95
2021-08-13,8,207.0,369893.3,1,1,0,26.4,1,AB,0.3,204.0,369873.95
2021-08-13,8,207.0,369893.3,1,1,0,26.4,1,UB,0.1,196.9,369832.16
2021-08-13,8,207.0,369893.3,1,1,0,26.4,1,UB,0.2,186.8,369380.62
2021-08-13,8,207.0,369893.3,1,1,0,26.4,1,UB,0.3,176.7,368291.83
2021-08-14,8,108.0,96861.37,0,0,0,25.5,0,A,0.1,108.0,96861.37
2021-08-14,8,108.0,96861.37,0,0,0,25.5,0,A,0.2,108.0,96861.37
2021-08-14,8,108.0,96861.37,0,0,0,25.5,0,A,0.3,108.0,96861.37
2021-08-14,8,108.0,96861.37,0,0,0,25.5,0,B,0.1,108.0,96861.37
2021-08-14,8,108.0,96861.37,0,0,0,25.5,0,B,0.2,108.0,96861.37
2021-08-14,8,108.0,96861.37,0,0,0,25.5,0,B,0.3,108.0,96861.37
2021-08-14,8,108.0,96861.37,0,0,0,25.5,0,AB,0.1,108.0,96861.37
2021-08-14,8,108.0,96861.37,0,0,0,25.5,0,AB,0.2,108.0,96861.37
2021-08-14,8,108.0,96861.37,0,0,0,25.5,0,AB,0.3,108.0,96861.37
2021-08-14,8,108.0,96861.37,0,0,0,25.5,0,UB,0.1,108.0,96861.37
2021-08-14,8,108.0,96861.37,0,0,0,25.5,0,UB,0.2,108.0,96861.37
2021-08-14,8,108.0,96861.37,0,0,0,25.5,0,UB,0.3,108.0,96861.37
2021-08-15,8,28.0,55627.12,0,0,0,25.2,0,A,0.1,28.0,55627.12
2021-08-15,8,28.0,55627.12,0,0,0,25.2,0,A,0.2,28.0,55627.12
2021-08-15,8,28.0,55627.12,0,0,0,25.2,0,A,0.3,28.0,55627.12
2021-08-15,8,28.0,55627.12,0,0,0,25.2,0,B,0.1,28.0,55627.12
2021-08-15,8,28.0,55627.12,0,0,0,25.2,0,B,0.2,28.0,55627.12
2021-08-15,8,28.0,55627.12,0,0,0,25.2,0,B,0.3,28.0,55627.12
2021-08-15,8,28.0,55627.12,0,0,0,25.2,0,AB,0.1,28.0,55627.12
2021-08-15,8,28.0,55627.12,0,0,0,25.2,0,AB,0.2,28.0,55627.12
2021-08-15,8,28.0,55627.12,0,0,0,25.2,0,AB,0.3,28.0,55627.12
2021-08-15,8,28.0,55627.12,0,0,0,25.2,0,UB,0.1,28.0,55627.12
2021-08-15,8,28.0,55627.12,0,0,0,25.2,0,UB,0.2,28.0,55627.12
2021-08-15,8,28.0,55627.12,0,0,0,25.2,0,UB,0.3,28.0,55627.12
2021-08-16,8,190.0,253532.2,1,0,1,26.3,1,A,0.1,173.15,253242.27
2021-08-16,8,190.0,253532.2,1,0,1,26.3,1,A,0.2,170.0,253100.05
2021-08-16,8,190.0,253532.2,1,0,1,26.3,1,A,0.3,170.0,253100.05
2021-08-16,8,190.0,253532.2,1,0,1,26.3,1,B,0.1,190.0,253532.2
2021-08-16,8,190.0,253532.2,1,0,1,26.3,1,B,0.2,190.0,253532.2
2021-08-16,8,190.0,253532.2,1,0,1,26.3,1,B,0.3,190.0,253532.2
2021-08-16,8,190.0,253532.2,1,0,1,26.3,1,AB,0.1,173.15,253242.27
2021-08-16,8,190.0,253532.2,1,0,1,26.3,1,AB,0.2,170.0,253100.05
2021-08-16,8,190.0,253532.2,1,0,1,26.3,1,AB,0.3,170.0,253100.05
2021-08-16,8,190.0,253532.2,1,0,1,26.3,1,UB,0.1,173.15,253503.82
2021-08-16,8,190.0,253532.2,1,0,1,26.3,1,UB,0.2,156.3,252723.95
2021-08-16,8,190.0,253532.2,1,0,1,26.3,1,UB,0.3,139.45,250716.82
2021-08-17,8,173.0,328407.82,0,0,0,23.5,1,A,0.1,173.0,328407.82
2021-08-17,8,173.0,328407.82,0,0,0,23.5,1,A,0.2,173.0,328407.82
2021-08-17,8,173.0,328407.82,0,0,0,23.5,1,A,0.3,173.0,328407.82
2021-08-17,8,173.0,328407.82,0,0,0,23.5,1,B,0.1,173.0,328407.82
2021-08-17,8,173.0,328407.82,0,0,0,23.5,1,B,0.2,173.0,328407.82
2021-08-17,8,173.0,328407.82,0,0,0,23.5,1,B,0.3,173.0,328407.82
2021-08-17,8,173.0,328407.82,0,0,0,23.5,1,AB,0.1,173.0,328407.82
2021-08-17,8,173.0,328407.82,0,0,0,23.5,1,AB,0.2,173.0,328407.82
2021-08-17,8,173.0,328407.82,0,0,0,23.5,1,AB,0.3,173.0,328407.82
2021-08-17,8,173.0,328407.82,0,0,0,23.5,1,UB,0.1,165.15,328278.85
2021-08-17,8,173.0,328407.82,0,0,0,23.5,1,UB,0.2,157.3,327679.12
2021-08-17,8,173.0,328407.82,0,0,0,23.5,1,UB,0.3,149.45,326508.58
2021-08-18,8,188.0,344109.5,0,1,0,24.9,1,A,0.1,188.0,344109.5
2021-08-18,8,188.0,344109.5,0,1,0,24.9,1,A,0.2,188.0,344109.5
2021-08-18,8,188.0,344109.5,0,1,0,24.9,1,A,0.3,188.0,344109.5
2021-08-18,8,188.0,344109.5,0,1,0,24.9,1,B,0.1,178.6,344047.52
2021-08-18,8,188.0,344109.5,0,1,0,24.9,1,B,0.2,177.0,344034.12
2021-08-18,8,188.0,344109.5,0,1,0,24.9,1,B,0.3,177.0,344034.12
2021-08-18,8,188.0,344109.5,0,1,0,24.9,1,AB,0.1,178.6,344047.52
2021-08-18,8,188.0,344109.5,0,1,0,24.9,1,AB,0.2,177.0,344034.12
2021-08-18,8,188.0,344109.5,0,1,0,24.9,1,AB,0.3,177.0,344034.12
2021-08-18,8,188.0,344109.5,0,1,0,24.9,1,UB,0.1,178.6,344047.52
2021-08-18,8,188.0,344109.5,0,1,0,24.9,1,UB,0.2,169.2,343719.22
2021-08-18,8,188.0,344109.5,0,1,0,24.9,1,UB,0.3,159.8,342553.18
2021-08-19,8,188.0,350801.2,0,1,0,25.8,1,A,0.1,188.0,350801.2
2021-08-19,8,188.0,350801.2,0,1,0,25.8,1,A,0.2,188.0,350801.2
2021-08-19,8,188.0,350801.2,0,1,0,25.8,1,A,0.3,188.0,350801.2
2021-08-19,8,188.0,350801.2,0,1,0,25.8,1,B,0.1,179.3,350871.55
2021-08-19,8,188.0,350801.2,0,1,0,25.8,1,B,0.2,178.0,350901.7
2021-08-19,8,188.0,350801.2,0,1,0,25.8,1,B,0.3,178.0,350901.7
2021-08-19,8,188.0,350801.2,0,1,0,25.8,1,AB,0.1,179.3,350871.55
2021-08-19,8,188.0,350801.2,0,1,0,25.8,1,AB,0.2,178.0,350901.7
2021-08-19,8,188.0,350801.2,0,1,0,25.8,1,AB,0.3,178.0,350901.7
2021-08-19,8,188.0,350801.2,0,1,0,25.8,1,UB,0.1,179.3,350791.99
2021-08-19,8,188.0,350801.2,0,1,0,25.8,1,UB,0.2,170.6,350513.9
2021-08-19,8,188.0,350801.2,0,1,0,25.8,1,UB,0.3,161.9,349320.88
2021-08-20,8,193.0,345790.52,1,1,0,27.2,1,A,0.1,193.0,345790.52
2021-08-20,8,193.0,345790.52,1,1,0,27.2,1,A,0.2,193.0,345790.52
2021-08-20,8,193.0,345790.52,1,1,0,27.2,1,A,0.3,193.0,345790.52
2021-08-20,8,193.0,345790.52,1,1,0,27.2,1,B,0.1,183.8,345790.52
2021-08-20,8,193.0,345790.52,1,1,0,27.2,1,B,0.2,180.0,345790.52
2021-08-20,8,193.0,345790.52,1,1,0,27.2,1,B,0.3,180.0,345790.52
2021-08-20,8,193.0,345790.52,1,1,0,27.2,1,AB,0.1,183.8,345790.52
2021-08-20,8,193.0,345790.52,1,1,0,27.2,1,AB,0.2,179.0,345790.52
2021-08-20,8,193.0,345790.52,1,1,0,27.2,1,AB,0.3,179.0,345790.52
2021-08-20,8,193.0,345790.52,1,1,0,27.2,1,UB,0.1,183.8,345683.32
2021-08-20,8,193.0,345790.52,1,1,0,27.2,1,UB,0.2,174.6,345309.8
2021-08-20,8,193.0,345790.52,1,1,0,27.2,1,UB,0.3,165.4,344553.52
2021-08-21,8,110.0,101066.7,0,0,0,24.7,0,A,0.1,110.0,101066.7
2021-08-21,8,110.0,101066.7,0,0,0,24.7,0,A,0.2,110.0,101066.7
2021-08-21,8,110.0,101066.7,0,0,0,24.7,0,A,0.3,110.0,101066.7
2021-08-21,8,110.0,101066.7,0,0,0,24.7,0,B,0.1,110.0,101066.7
2021-08-21,8,110.0,101066.7,0,0,0,24.7,0,B,0.2,110.0,101066.7
2021-08-21,8,110.0,101066.7,0,0,0,24.7,0,B,0.3,110.0,101066.7
2021-08-21,8,110.0,101066.7,0,0,0,24.7,0,AB,0.1,110.0,101066.7
2021-08-21,8,110.0,101066.7,0,0,0,24.7,0,AB,0.2,110.0,101066.7
2021-08-21,8,110.0,101066.7,0,0,0,24.7,0,AB,0.3,110.0,101066.7
2021-08-21,8,110.0,101066.7,0,0,0,24.7,0,UB,0.1,110.0,101066.7
2021-08-21,8,110.0,101066.7,0,0,0,24.7,0,UB,0.2,110.0,101066.7
2021-08-21,8,110.0,101066.7,0,0,0,24.7,0,UB,0.3,110.0,101066.7
2021-08-22,8,27.0,57581.85,0,0,0,30.4,0,A,0.1,27.0,57581.85
2021-08-22,8,27.0,57581.85,0,0,0,30.4,0,A,0.2,27.0,57581.85
2021-08-22,8,27.0,57581.85,0,0,0,30.4,0,A,0.3,27.0,57581.85
2021-08-22,8,27.0,57581.85,0,0,0,30.4,0,B,0.1,27.0,57581.85
2021-08-22,8,27.0,57581.85,0,0,0,30.4,0,B,0.2,27.0,57581.85
2021-08-22,8,27.0,57581.85,0,0,0,30.4,0,B,0.3,27.0,57581.85
2021-08-22,8,27.0,57581.85,0,0,0,30.4,0,AB,0.1,27.0,57581.85
2021-08-22,8,27.0,57581.85,0,0,0,30.4,0,AB,0.2,27.0,57581.85
2021-08-22,8,27.0,57581.85,0,0,0,30.4,0,AB,0.3,27.0,57581.85
2021-08-22,8,27.0,57581.85,0,0,0,30.4,0,UB,0.1,27.0,57581.85
2021-08-22,8,27.0,57581.85,0,0,0,30.4,0,UB,0.2,27.0,57581.85
2021-08-22,8,27.0,57581.85,0,0,0,30.4,0,UB,0.3,27.0,57581.85
2021-08-23,8,196.0,305726.32,1,1,1,26.3,1,A,0.1,196.0,305726.32
2021-08-23,8,196.0,305726.32,1,1,1,26.3,1,A,0.2,196.0,305726.32
2021-08-23,8,196.0,305726.32,1,1,1,26.3,1,A,0.3,196.0,305726.32
2021-08-23,8,196.0,305726.32,1,1,1,26.3,1,B,0.1,196.0,305726.32
2021-08-23,8,196.0,305726.32,1,1,1,26.3,1,B,0.2,196.0,305726.32
2021-08-23,8,196.0,305726.32,1,1,1,26.3,1,B,0.3,196.0,305726.32
2021-08-23,8,196.0,305726.32,1,1,1,26.3,1,AB,0.1,196.0,305726.32
2021-08-23,8,196.0,305726.32,1,1,1,26.3,1,AB,0.2,196.0,305726.32
2021-08-23,8,196.0,305726.32,1,1,1,26.3,1,AB,0.3,196.0,305726.32
2021-08-23,8,196.0,305726.32,1,1,1,26.3,1,UB,0.1,178.6,305307.57
2021-08-23,8,196.0,305726.32,1,1,1,26.3,1,UB,0.2,161.2,302033.21
2021-08-23,8,196.0,305726.32,1,1,1,26.3,1,UB,0.3,151.75,298882.29
2021-08-24,8,201.0,361447.88,1,1,0,28.4,1,A,0.1,201.0,361447.88
2021-08-24,8,201.0,361447.88,1,1,0,28.4,1,A,0.2,201.0,361447.88
2021-08-24,8,201.0,361447.88,1,1,0,28.4,1,A,0.3,201.0,361447.88
2021-08-24,8,201.0,361447.88,1,1,0,28.4,1,B,0.1,196.0,361447.88
2021-08-24,8,201.0,361447.88,1,1,0,28.4,1,B,0.2,196.0,361447.88
2021-08-24,8,201.0,361447.88,1,1,0,28.4,1,B,0.3,196.0,361447.88
2021-08-24,8,201.0,361447.88,1,1,0,28.4,1,AB,0.1,191.45,361447.88
2021-08-24,8,201.0,361447.88,1,1,0,28.4,1,AB,0.2,181.9,361188.37
2021-08-24,8,201.0,361447.88,1,1,0,28.4,1,AB,0.3,181.0,361115.85
2021-08-24,8,201.0,361447.88,1,1,0,28.4,1,UB,0.1,191.45,361447.88
2021-08-24,8,201.0,361447.88,1,1,0,28.4,1,UB,0.2,181.9,361321.76
2021-08-24,8,201.0,361447.88,1,1,0,28.4,1,UB,0.3,172.35,360298.94
2021-08-25,8,189.0,354058.52,1,1,0,26.3,1,A,0.1,189.0,354058.52
2021-08-25,8,189.0,354058.52,1,1,0,26.3,1,A,0.2,189.0,354058.52
2021-08-25,8,189.0,354058.52,1,1,0,26.3,1,A,0.3,189.0,354058.52
2021-08-25,8,189.0,354058.52,1,1,0,26.3,1,B,0.1,180.65,354195.88
2021-08-25,8,189.0,354058.52,1,1,0,26.3,1,B,0.2,180.0,354217.65
2021-08-25,8,189.0,354058.52,1,1,0,26.3,1,B,0.3,180.0,354217.65
2021-08-25,8,189.0,354058.52,1,1,0,26.3,1,AB,0.1,180.65,354195.88
2021-08-25,8,189.0,354058.52,1,1,0,26.3,1,AB,0.2,179.0,354251.15
2021-08-25,8,189.0,354058.52,1,1,0,26.3,1,AB,0.3,179.0,354251.15
2021-08-25,8,189.0,354058.52,1,1,0,26.3,1,UB,0.1,180.65,354128.46
2021-08-25,8,189.0,354058.52,1,1,0,26.3,1,UB,0.2,172.3,353987.34
2021-08-25,8,189.0,354058.52,1,1,0,26.3,1,UB,0.3,163.95,352906.9
2021-08-26,8,202.0,366869.88,1,0,0,31.8,1,A,0.1,202.0,366869.88
2021-08-26,8,202.0,366869.88,1,0,0,31.8,1,A,0.2,202.0,366869.88
2021-08-26,8,202.0,366869.88,1,0,0,31.8,1,A,0.3,202.0,366869.88
2021-08-26,8,202.0,366869.88,1,0,0,31.8,1,B,0.1,202.0,366869.88
2021-08-26,8,202.0,366869.88,1,0,0,31.8,1,B,0.2,202.0,366869.88
2021-08-26,8,202.0,366869.88,1,0,0,31.8,1,B,0.3,202.0,366869.88
2021-08-26,8,202.0,366869.88,1,0,0,31.8,1,AB,0.1,202.0,366869.88
2021-08-26,8,202.0,366869.88,1,0,0,31.8,1,AB,0.2,202.0,366869.88
2021-08-26,8,202.0,366869.88,1,0,0,31.8,1,AB,0.3,202.0,366869.88
2021-08-26,8,202.0,366869.88,1,0,0,31.8,1,UB,0.1,192.2,366869.88
2021-08-26,8,202.0,366869.88,1,0,0,31.8,1,UB,0.2,182.4,366440.45
2021-08-26,8,202.0,366869.88,1,0,0,31.8,1,UB,0.3,172.6,364953.99
2021-08-27,8,190.0,340970.95,1,1,0,31.2,1,A,0.1,182.0,340970.95
2021-08-27,8,190.0,340970.95,1,1,0,31.2,1,A,0.2,182.0,340970.95
2021-08-27,8,190.0,340970.95,1,1,0,31.2,1,A,0.3,182.0,340970.95
2021-08-27,8,190.0,340970.95,1,1,0,31.2,1,B,0.1,190.0,340970.95
2021-08-27,8,190.0,340970.95,1,1,0,31.2,1,B,0.2,190.0,340970.95
2021-08-27,8,190.0,340970.95,1,1,0,31.2,1,B,0.3,190.0,340970.95
2021-08-27,8,190.0,340970.95,1,1,0,31.2,1,AB,0.1,181.3,340954.82
2021-08-27,8,190.0,340970.95,1,1,0,31.2,1,AB,0.2,179.0,340880.65
2021-08-27,8,190.0,340970.95,1,1,0,31.2,1,AB,0.3,179.0,340880.65
2021-08-27,8,190.0,340970.95,1,1,0,31.2,1,UB,0.1,181.3,340970.95
2021-08-27,8,190.0,340970.95,1,1,0,31.2,1,UB,0.2,172.6,340636.98
2021-08-27,8,190.0,340970.95,1,1,0,31.2,1,UB,0.3,163.9,339644.7
2021-08-30,8,186.0,301841.57,0,1,1,28.5,1,A,0.1,186.0,301841.57
2021-08-30,8,186.0,301841.57,0,1,1,28.5,1,A,0.2,186.0,301841.57
2021-08-30,8,186.0,301841.57,0,1,1,28.5,1,A,0.3,186.0,301841.57
2021-08-30,8,186.0,301841.57,0,1,1,28.5,1,B,0.1,178.0,301983.95
2021-08-30,8,186.0,301841.57,0,1,1,28.5,1,B,0.2,178.0,301983.95
2021-08-30,8,186.0,301841.57,0,1,1,28.5,1,B,0.3,178.0,301983.95
2021-08-30,8,186.0,301841.57,0,1,1,28.5,1,AB,0.1,178.0,301983.95
2021-08-30,8,186.0,301841.57,0,1,1,28.5,1,AB,0.2,178.0,301983.95
2021-08-30,8,186.0,301841.57,0,1,1,28.5,1,AB,0.3,178.0,301983.95
2021-08-30,8,186.0,301841.57,0,1,1,28.5,1,UB,0.1,169.4,301722.65
2021-08-30,8,186.0,301841.57,0,1,1,28.5,1,UB,0.2,152.8,298201.64
2021-08-30,8,186.0,301841.57,0,1,1,28.5,1,UB,0.3,148.99,296632.66
2021-08-31,8,187.0,354561.05,1,1,0,27.7,1,A,0.1,187.0,354561.05
2021-08-31,8,187.0,354561.05,1,1,0,27.7,1,A,0.2,187.0,354561.05
2021-08-31,8,187.0,354561.05,1,1,0,27.7,1,A,0.3,187.0,354561.05
2021-08-31,8,187.0,354561.05,1,1,0,27.7,1,B,0.1,184.0,354594.55
2021-08-31,8,187.0,354561.05,1,1,0,27.7,1,B,0.2,184.0,354594.55
2021-08-31,8,187.0,354561.05,1,1,0,27.7,1,B,0.3,184.0,354594.55
2021-08-31,8,187.0,354561.05,1,1,0,27.7,1,AB,0.1,178.75,354718.08
2021-08-31,8,187.0,354561.05,1,1,0,27.7,1,AB,0.2,177.0,354762.05
2021-08-31,8,187.0,354561.05,1,1,0,27.7,1,AB,0.3,177.0,354762.05
2021-08-31,8,187.0,354561.05,1,1,0,27.7,1,UB,0.1,178.75,354561.05
2021-08-31,8,187.0,354561.05,1,1,0,27.7,1,UB,0.2,170.5,354611.3
2021-08-31,8,187.0,354561.05,1,1,0,27.7,1,UB,0.3,162.25,353460.74
2021-09-01,9,198.0,305466.22,1,1,0,27.9,1,A,0.1,196.0,305466.22
2021-09-01,9,198.0,305466.22,1,1,0,27.9,1,A,0.2,196.0,305466.22
2021-09-01,9,198.0,305466.22,1,1,0,27.9,1,A,0.3,196.0,305466.22
2021-09-01,9,198.0,305466.22,1,1,0,27.9,1,B,0.1,198.0,305466.22
2021-09-01,9,198.0,305466.22,1,1,0,27.9,1,B,0.2,198.0,305466.22
2021-09-01,9,198.0,305466.22,1,1,0,27.9,1,B,0.3,198.0,305466.22
2021-09-01,9,198.0,305466.22,1,1,0,27.9,1,AB,0.1,196.0,305466.22
2021-09-01,9,198.0,305466.22,1,1,0,27.9,1,AB,0.2,196.0,305466.22
2021-09-01,9,198.0,305466.22,1,1,0,27.9,1,AB,0.3,196.0,305466.22
2021-09-01,9,198.0,305466.22,1,1,0,27.9,1,UB,0.1,188.6,305496.94
2021-09-01,9,198.0,305466.22,1,1,0,27.9,1,UB,0.2,179.2,305508.22
2021-09-01,9,198.0,305466.22,1,1,0,27.9,1,UB,0.3,169.8,304831.43
2021-09-02,9,198.0,306422.47,0,1,0,23.3,1,A,0.1,198.0,306422.47
2021-09-02,9,198.0,306422.47,0,1,0,23.3,1,A,0.2,198.0,306422.47
2021-09-02,9,198.0,306422.47,0,1,0,23.3,1,A,0.3,198.0,306422.47
2021-09-02,9,198.0,306422.47,0,1,0,23.3,1,B,0.1,189.1,306507.92
2021-09-02,9,198.0,306422.47,0,1,0,23.3,1,B,0.2,180.2,306668.24
2021-09-02,9,198.0,306422.47,0,1,0,23.3,1,B,0.3,177.0,306729.68
2021-09-02,9,198.0,306422.47,0,1,0,23.3,1,AB,0.1,189.1,306507.92
2021-09-02,9,198.0,306422.47,0,1,0,23.3,1,AB,0.2,180.2,306668.24
2021-09-02,9,198.0,306422.47,0,1,0,23.3,1,AB,0.3,177.0,306729.68
2021-09-02,9,198.0,306422.47,0,1,0,23.3,1,UB,0.1,189.1,306422.47
2021-09-02,9,198.0,306422.47,0,1,0,23.3,1,UB,0.2,180.2,306387.91
2021-09-02,9,198.0,306422.47,0,1,0,23.3,1,UB,0.3,171.3,305836.04
2021-09-03,9,190.0,290605.12,0,1,0,22.2,1,A,0.1,190.0,290605.12
2021-09-03,9,190.0,290605.12,0,1,0,22.2,1,A,0.2,190.0,290605.12
2021-09-03,9,190.0,290605.12,0,1,0,22.2,1,A,0.3,190.0,290605.12
2021-09-03,9,190.0,290605.12,0,1,0,22.2,1,B,0.1,181.55,290605.12
2021-09-03,9,190.0,290605.12,0,1,0,22.2,1,B,0.2,179.0,290605.12
2021-09-03,9,190.0,290605.12,0,1,0,22.2,1,B,0.3,179.0,290605.12
2021-09-03,9,190.0,290605.12,0,1,0,22.2,1,AB,0.1,181.55,290605.12
2021-09-03,9,190.0,290605.12,0,1,0,22.2,1,AB,0.2,179.0,290605.12
2021-09-03,9,190.0,290605.12,0,1,0,22.2,1,AB,0.3,179.0,290605.12
2021-09-03,9,190.0,290605.12,0,1,0,22.2,1,UB,0.1,181.55,290505.29
2021-09-03,9,190.0,290605.12,0,1,0,22.2,1,UB,0.2,173.1,290343.04
2021-09-03,9,190.0,290605.12,0,1,0,22.2,1,UB,0.3,164.65,289995.41
2021-09-04,9,116.0,106570.95,0,0,0,24.5,0,A,0.1,116.0,106570.95
2021-09-04,9,116.0,106570.95,0,0,0,24.5,0,A,0.2,116.0,106570.95
2021-09-04,9,116.0,106570.95,0,0,0,24.5,0,A,0.3,116.0,106570.95
2021-09-04,9,116.0,106570.95,0,0,0,24.5,0,B,0.1,116.0,106570.95
2021-09-04,9,116.0,106570.95,0,0,0,24.5,0,B,0.2,116.0,106570.95
2021-09-04,9,116.0,106570.95,0,0,0,24.5,0,B,0.3,116.0,106570.95
2021-09-04,9,116.0,106570.95,0,0,0,24.5,0,AB,0.1,116.0,106570.95
2021-09-04,9,116.0,106570.95,0,0,0,24.5,0,AB,0.2,116.0,106570.95
2021-09-04,9,116.0,106570.95,0,0,0,24.5,0,AB,0.3,116.0,106570.95
2021-09-04,9,116.0,106570.95,0,0,0,24.5,0,UB,0.1,114.6,106570.95
2021-09-04,9,116.0,106570.95,0,0,0,24.5,0,UB,0.2,114.0,106570.95
2021-09-04,9,116.0,106570.95,0,0,0,24.5,0,UB,0.3,114.0,106570.95
2021-09-05,9,28.0,49341.72,0,0,0,24.6,0,A,0.1,28.0,49341.72
2021-09-05,9,28.0,49341.72,0,0,0,24.6,0,A,0.2,28.0,49341.72
2021-09-05,9,28.0,49341.72,0,0,0,24.6,0,A,0.3,28.0,49341.72
2021-09-05,9,28.0,49341.72,0,0,0,24.6,0,B,0.1,28.0,49341.72
2021-09-05,9,28.0,49341.72,0,0,0,24.6,0,B,0.2,28.0,49341.72
2021-09-05,9,28.0,49341.72,0,0,0,24.6,0,B,0.3,28.0,49341.72
2021-09-05,9,28.0,49341.72,0,0,0,24.6,0,AB,0.1,28.0,49341.72
2021-09-05,9,28.0,49341.72,0,0,0,24.6,0,AB,0.2,28.0,49341.72
2021-09-05,9,28.0,49341.72,0,0,0,24.6,0,AB,0.3,28.0,49341.72
2021-09-05,9,28.0,49341.72,0,0,0,24.6,0,UB,0.1,27.4,49341.72
2021-09-05,9,28.0,49341.72,0,0,0,24.6,0,UB,0.2,27.0,49341.72
2021-09-05,9,28.0,49341.72,0,0,0,24.6,0,UB,0.3,27.0,49341.72
2021-09-06,9,190.0,232443.82,1,1,1,24.7,1,A,0.1,190.0,232443.82
2021-09-06,9,190.0,232443.82,1,1,1,24.7,1,A,0.2,190.0,232443.82
2021-09-06,9,190.0,232443.82,1,1,1,24.7,1,A,0.3,190.0,232443.82
2021-09-06,9,190.0,232443.82,1,1,1,24.7,1,B,0.1,180.0,232491.82
2021-09-06,9,190.0,232443.82,1,1,1,24.7,1,B,0.2,180.0,232491.82
2021-09-06,9,190.0,232443.82,1,1,1,24.7,1,B,0.3,180.0,232491.82
2021-09-06,9,190.0,232443.82,1,1,1,24.7,1,AB,0.1,176.0,232511.02
2021-09-06,9,190.0,232443.82,1,1,1,24.7,1,AB,0.2,176.0,232511.02
2021-09-06,9,190.0,232443.82,1,1,1,24.7,1,AB,0.3,176.0,232511.02
2021-09-06,9,190.0,232443.82,1,1,1,24.7,1,UB,0.1,173.2,232394.86
2021-09-06,9,190.0,232443.82,1,1,1,24.7,1,UB,0.2,156.4,231921.1
2021-09-06,9,190.0,232443.82,1,1,1,24.7,1,UB,0.3,142.61,230669.65
2021-09-07,9,192.0,299519.53,1,1,0,27.3,1,A,0.1,192.0,299519.53
2021-09-07,9,192.0,299519.53,1,1,0,27.3,1,A,0.2,192.0,299519.53
2021-09-07,9,192.0,299519.53,1,1,0,27.3,1,A,0.3,192.0,299519.53
2021-09-07,9,192.0,299519.53,1,1,0,27.3,1,B,0.1,189.0,299533.92
2021-09-07,9,192.0,299519.53,1,1,0,27.3,1,B,0.2,189.0,299533.92
2021-09-07,9,192.0,299519.53,1,1,0,27.3,1,B,0.3,189.0,299533.92
2021-09-07,9,192.0,299519.53,1,1,0,27.3,1,AB,0.1,183.25,299507.53
2021-09-07,9,192.0,299519.53,1,1,0,27.3,1,AB,0.2,178.0,299457.12
2021-09-07,9,192.0,299519.53,1,1,0,27.3,1,AB,0.3,178.0,299457.12
2021-09-07,9,192.0,299519.53,1,1,0,27.3,1,UB,0.1,183.25,299469.12
2021-09-07,9,192.0,299519.53,1,1,0,27.3,1,UB,0.2,174.5,299358.72
2021-09-07,9,192.0,299519.53,1,1,0,27.3,1,UB,0.3,165.75,298831.93
2021-09-08,9,183.0,284588.2,0,1,0,26.5,1,A,0.1,183.0,284588.2
2021-09-08,9,183.0,284588.2,0,1,0,26.5,1,A,0.2,183.0,284588.2
2021-09-08,9,183.0,284588.2,0,1,0,26.5,1,A,0.3,183.0,284588.2
2021-09-08,9,183.0,284588.2,0,1,0,26.5,1,B,0.1,178.0,284583.4
2021-09-08,9,183.0,284588.2,0,1,0,26.5,1,B,0.2,178.0,284583.4
2021-09-08,9,183.0,284588.2,0,1,0,26.5,1,B,0.3,178.0,284583.4
2021-09-08,9,183.0,284588.2,0,1,0,26.5,1,AB,0.1,178.0,284583.4
2021-09-08,9,183.0,284588.2,0,1,0,26.5,1,AB,0.2,178.0,284583.4
2021-09-08,9,183.0,284588.2,0,1,0,26.5,1,AB,0.3,178.0,284583.4
2021-09-08,9,183.0,284588.2,0,1,0,26.5,1,UB,0.1,175.85,284558.68
2021-09-08,9,183.0,284588.2,0,1,0,26.5,1,UB,0.2,168.7,284584.84
2021-09-08,9,183.0,284588.2,0,1,0,26.5,1,UB,0.3,161.55,284575.78
2021-09-09,9,190.0,293696.02,0,1,0,26.8,1,A,0.1,190.0,293696.02
2021-09-09,9,190.0,293696.02,0,1,0,26.8,1,A,0.2,190.0,293696.02
2021-09-09,9,190.0,293696.02,0,1,0,26.8,1,A,0.3,190.0,293696.02
2021-09-09,9,190.0,293696.02,0,1,0,26.8,1,B,0.1,181.1,293724.34
2021-09-09,9,190.0,293696.02,0,1,0,26.8,1,B,0.2,176.0,293758.42
2021-09-09,9,190.0,293696.02,0,1,0,26.8,1,B,0.3,176.0,293758.42
2021-09-09,9,190.0,293696.02,0,1,0,26.8,1,AB,0.1,181.1,293724.34
2021-09-09,9,190.0,293696.02,0,1,0,26.8,1,AB,0.2,176.0,293758.42
2021-09-09,9,190.0,293696.02,0,1,0,26.8,1,AB,0.3,176.0,293758.42
2021-09-09,9,190.0,293696.02,0,1,0,26.8,1,UB,0.1,181.1,293696.02
2021-09-09,9,190.0,293696.02,0,1,0,26.8,1,UB,0.2,172.2,293593.3
2021-09-09,9,190.0,293696.02,0,1,0,26.8,1,UB,0.3,163.3,293295.22
2021-09-10,9,204.0,294729.45,1,1,0,25.5,1,A,0.1,204.0,294729.45
2021-09-10,9,204.0,294729.45,1,1,0,25.5,1,A,0.2,204.0,294729.45
2021-09-10,9,204.0,294729.45,1,1,0,25.5,1,A,0.3,204.0,294729.45
2021-09-10,9,204.0,294729.45,1,1,0,25.5,1,B,0.1,193.85,294778.17
2021-09-10,9,204.0,294729.45,1,1,0,25.5,1,B,0.2,192.0,294787.05
2021-09-10,9,204.0,294729.45,1,1,0,25.5,1,B,0.3,192.0,294787.05
2021-09-10,9,204.0,294729.45,1,1,0,25.5,1,AB,0.1,193.85,294778.17
2021-09-10,9,204.0,294729.45,1,1,0,25.5,1,AB,0.2,183.7,294826.89
2021-09-10,9,204.0,294729.45,1,1,0,25.5,1,AB,0.3,179.0,294757.05
2021-09-10,9,204.0,294729.45,1,1,0,25.5,1,UB,0.1,193.85,294729.45
2021-09-10,9,204.0,294729.45,1,1,0,25.5,1,UB,0.2,183.7,294708.81
2021-09-10,9,204.0,294729.45,1,1,0,25.5,1,UB,0.3,173.55,294402.81
2021-09-11,9,107.0,88852.4,0,0,0,28.7,0,A,0.1,107.0,88852.4
2021-09-11,9,107.0,88852.4,0,0,0,28.7,0,A,0.2,107.0,88852.4
2021-09-11,9,107.0,88852.4,0,0,0,28.7,0,A,0.3,107.0,88852.4
2021-09-11,9,107.0,88852.4,0,0,0,28.7,0,B,0.1,107.0,88852.4
2021-09-11,9,107.0,88852.4,0,0,0,28.7,0,B,0.2,107.0,88852.4
2021-09-11,9,107.0,88852.4,0,0,0,28.7,0,B,0.3,107.0,88852.4
2021-09-11,9,107.0,88852.4,0,0,0,28.7,0,AB,0.1,107.0,88852.4
2021-09-11,9,107.0,88852.4,0,0,0,28.7,0,AB,0.2,107.0,88852.4
2021-09-11,9,107.0,88852.4,0,0,0,28.7,0,AB,0.3,107.0,88852.4
2021-09-11,9,107.0,88852.4,0,0,0,28.7,0,UB,0.1,107.0,88852.4
2021-09-11,9,107.0,88852.4,0,0,0,28.7,0,UB,0.2,107.0,88852.4
2021-09-11,9,107.0,88852.4,0,0,0,28.7,0,UB,0.3,107.0,88852.4
2021-09-12,9,28.0,50108.3,0,0,0,28.1,0,A,0.1,28.0,50108.3
2021-09-12,9,28.0,50108.3,0,0,0,28.1,0,A,0.2,28.0,50108.3
2021-09-12,9,28.0,50108.3,0,0,0,28.1,0,A,0.3,28.0,50108.3
2021-09-12,9,28.0,50108.3,0,0,0,28.1,0,B,0.1,28.0,50108.3
2021-09-12,9,28.0,50108.3,0,0,0,28.1,0,B,0.2,28.0,50108.3
2021-09-12,9,28.0,50108.3,0,0,0,28.1,0,B,0.3,28.0,50108.3
2021-09-12,9,28.0,50108.3,0,0,0,28.1,0,AB,0.1,28.0,50108.3
2021-09-12,9,28.0,50108.3,0,0,0,28.1,0,AB,0.2,28.0,50108.3
2021-09-12,9,28.0,50108.3,0,0,0,28.1,0,AB,0.3,28.0,50108.3
2021-09-12,9,28.0,50108.3,0,0,0,28.1,0,UB,0.1,27.5,50107.7
2021-09-12,9,28.0,50108.3,0,0,0,28.1,0,UB,0.2,27.0,50107.1
2021-09-12,9,28.0,50108.3,0,0,0,28.1,0,UB,0.3,27.0,50107.1
2021-09-13,9,196.0,249071.08,1,1,1,24.6,1,A,0.1,191.0,249071.08
2021-09-13,9,196.0,249071.08,1,1,1,24.6,1,A,0.2,191.0,249071.08
2021-09-13,9,196.0,249071.08,1,1,1,24.6,1,A,0.3,191.0,249071.08
2021-09-13,9,196.0,249071.08,1,1,1,24.6,1,B,0.1,196.0,249071.08
2021-09-13,9,196.0,249071.08,1,1,1,24.6,1,B,0.2,196.0,249071.08
2021-09-13,9,196.0,249071.08,1,1,1,24.6,1,B,0.3,196.0,249071.08
2021-09-13,9,196.0,249071.08,1,1,1,24.6,1,AB,0.1,178.7,248941.12
2021-09-13,9,196.0,249071.08,1,1,1,24.6,1,AB,0.2,178.0,248915.08
2021-09-13,9,196.0,249071.08,1,1,1,24.6,1,AB,0.3,178.0,248915.08
2021-09-13,9,196.0,249071.08,1,1,1,24.6,1,UB,0.1,178.7,248885.44
2021-09-13,9,196.0,249071.08,1,1,1,24.6,1,UB,0.2,161.4,247791.16
2021-09-13,9,196.0,249071.08,1,1,1,24.6,1,UB,0.3,153.32,246696.7
2021-09-14,9,184.0,289759.02,0,1,0,22.5,1,A,0.1,184.0,289759.02
2021-09-14,9,184.0,289759.02,0,1,0,22.5,1,A,0.2,184.0,289759.02
2021-09-14,9,184.0,289759.02,0,1,0,22.5,1,A,0.3,184.0,289759.02
2021-09-14,9,184.0,289759.02,0,1,0,22.5,1,B,0.1,178.0,289787.82
2021-09-14,9,184.0,289759.02,0,1,0,22.5,1,B,0.2,178.0,289787.82
2021-09-14,9,184.0,289759.02,0,1,0,22.5,1,B,0.3,178.0,289787.82
2021-09-14,9,184.0,289759.02,0,1,0,22.5,1,AB,0.1,178.0,289787.82
2021-09-14,9,184.0,289759.02,0,1,0,22.5,1,AB,0.2,178.0,289787.82
2021-09-14,9,184.0,289759.02,0,1,0,22.5,1,AB,0.3,178.0,289787.82
2021-09-14,9,184.0,289759.02,0,1,0,22.5,1,UB,0.1,176.35,289741.5
2021-09-14,9,184.0,289759.02,0,1,0,22.5,1,UB,0.2,168.7,289658.1
2021-09-14,9,184.0,289759.02,0,1,0,22.5,1,UB,0.3,161.05,289530.72
