조치,measure,alpha,유형1 구간 최대 평균 전(kW),유형1 구간 최대 평균 후(kW),유형1 180kW 이상 시간 감소%,유형2 구간 최대 평균 전(kW),유형2 구간 최대 평균 후(kW),유형2 180kW 이상 시간 감소%,피크 발생일 일최대 평균 감소(kW),피크 발생일 일최대 평균 감소(%),기간 최대수요전력 전(kW),기간 최대수요전력 후(kW),연간 기본요금 절감(원),전력량요금 변화(원/기간)
조치A 설비 가동시점 분산(유형1 대상),A,0.1,197.4,195.4,1.4,187.6,187.6,0.0,2.6,1.3,222.0,222.0,0.0,-382.8
조치A 설비 가동시점 분산(유형1 대상),A,0.2,197.4,194.6,1.4,187.6,187.6,0.0,3.3,1.6,222.0,222.0,0.0,-863.0
조치A 설비 가동시점 분산(유형1 대상),A,0.3,197.4,194.6,1.4,187.6,187.6,0.0,3.3,1.6,222.0,222.0,0.0,-883.6
조치A+B 동시 적용,AB,0.1,197.4,193.9,4.8,187.6,184.1,18.9,8.0,4.0,222.0,212.0,896400.0,545.2
조치A+B 동시 적용,AB,0.2,197.4,190.7,11.5,187.6,181.3,41.6,11.5,5.8,222.0,212.0,896400.0,-603.4
조치A+B 동시 적용,AB,0.3,197.4,189.0,21.7,187.6,180.0,67.1,12.7,6.3,222.0,212.0,896400.0,-4656.7
조치B 생산일정 저녁 이동(유형2 대상),B,0.1,197.4,197.4,0.0,187.6,185.3,10.7,3.7,1.9,222.0,218.0,358560.0,820.1
조치B 생산일정 저녁 이동(유형2 대상),B,0.2,197.4,197.4,0.0,187.6,184.4,17.3,4.5,2.3,222.0,218.0,358560.0,1298.0
조치B 생산일정 저녁 이동(유형2 대상),B,0.3,197.4,197.4,0.0,187.6,184.3,22.6,4.5,2.3,222.0,218.0,358560.0,1359.5
상한: ±2시간 자유 이동,UB,0.1,197.4,190.8,6.9,187.6,183.2,20.2,11.3,5.7,222.0,206.4,1398384.0,-2721.2
상한: ±2시간 자유 이동,UB,0.2,197.4,180.1,32.0,187.6,175.1,49.4,22.5,11.3,222.0,194.8,2438208.0,-29099.1
상한: ±2시간 자유 이동,UB,0.3,197.4,169.3,84.7,187.6,165.9,92.6,32.7,16.4,222.0,183.5,3451140.0,-88021.5
