date,유형,measure,alpha,구간 최대 전,구간 최대 후,180kW 이상 슬롯 전,180kW 이상 슬롯 후
2021-07-01,1,A,0.1,194.0,194.0,5,5
2021-07-01,2,A,0.1,190.0,190.0,5,5
2021-07-01,1,A,0.1,206.0,197.0,6,6
2021-07-01,2,A,0.1,197.0,197.0,2,2
2021-07-01,1,A,0.2,194.0,194.0,5,5
2021-07-01,2,A,0.2,190.0,190.0,5,5
2021-07-01,1,A,0.2,206.0,197.0,6,6
2021-07-01,2,A,0.2,197.0,197.0,2,2
2021-07-01,1,A,0.3,194.0,194.0,5,5
2021-07-01,2,A,0.3,190.0,190.0,5,5
2021-07-01,1,A,0.3,206.0,197.0,6,6
2021-07-01,2,A,0.3,197.0,197.0,2,2
2021-07-01,1,B,0.1,194.0,194.0,5,5
2021-07-01,2,B,0.1,190.0,190.0,5,5
2021-07-01,1,B,0.1,206.0,206.0,6,6
2021-07-01,2,B,0.1,197.0,197.0,2,2
2021-07-01,1,B,0.2,194.0,194.0,5,5
2021-07-01,2,B,0.2,190.0,190.0,5,5
2021-07-01,1,B,0.2,206.0,206.0,6,6
2021-07-01,2,B,0.2,197.0,197.0,2,2
2021-07-01,1,B,0.3,194.0,194.0,5,5
2021-07-01,2,B,0.3,190.0,190.0,5,5
2021-07-01,1,B,0.3,206.0,206.0,6,6
2021-07-01,2,B,0.3,197.0,197.0,2,2
2021-07-01,1,AB,0.1,194.0,194.0,5,5
2021-07-01,2,AB,0.1,190.0,190.0,5,5
2021-07-01,1,AB,0.1,206.0,195.7,6,6
2021-07-01,2,AB,0.1,197.0,195.7,2,2
2021-07-01,1,AB,0.2,194.0,185.4,5,5
2021-07-01,2,AB,0.2,190.0,185.4,5,5
2021-07-01,1,AB,0.2,206.0,185.4,6,6
2021-07-01,2,AB,0.2,197.0,185.4,2,2
2021-07-01,1,AB,0.3,194.0,175.1,5,0
2021-07-01,2,AB,0.3,190.0,175.1,5,0
2021-07-01,1,AB,0.3,206.0,175.1,6,0
2021-07-01,2,AB,0.3,197.0,175.1,2,0
2021-07-01,1,UB,0.1,194.0,194.0,5,5
2021-07-01,2,UB,0.1,190.0,190.0,5,5
2021-07-01,1,UB,0.1,206.0,195.7,6,6
2021-07-01,2,UB,0.1,197.0,195.7,2,2
2021-07-01,1,UB,0.2,194.0,185.4,5,5
2021-07-01,2,UB,0.2,190.0,185.4,5,6
2021-07-01,1,UB,0.2,206.0,185.4,6,6
2021-07-01,2,UB,0.2,197.0,185.4,2,2
2021-07-01,1,UB,0.3,194.0,175.1,5,0
2021-07-01,2,UB,0.3,190.0,175.1,5,0
2021-07-01,1,UB,0.3,206.0,175.1,6,0
2021-07-01,2,UB,0.3,197.0,175.1,2,0
2021-07-02,2,A,0.1,187.0,187.0,1,1
2021-07-02,2,A,0.1,186.0,186.0,2,2
2021-07-02,2,A,0.1,183.0,183.0,1,1
2021-07-02,2,A,0.2,187.0,187.0,1,1
2021-07-02,2,A,0.2,186.0,186.0,2,2
2021-07-02,2,A,0.2,183.0,183.0,1,1
2021-07-02,2,A,0.3,187.0,187.0,1,1
2021-07-02,2,A,0.3,186.0,186.0,2,2
2021-07-02,2,A,0.3,183.0,183.0,1,1
2021-07-02,2,B,0.1,187.0,179.0,1,0
2021-07-02,2,B,0.1,186.0,179.0,2,0
2021-07-02,2,B,0.1,183.0,179.0,1,0
2021-07-02,2,B,0.2,187.0,179.0,1,0
2021-07-02,2,B,0.2,186.0,179.0,2,0
2021-07-02,2,B,0.2,183.0,179.0,1,0
2021-07-02,2,B,0.3,187.0,179.0,1,0
2021-07-02,2,B,0.3,186.0,179.0,2,0
2021-07-02,2,B,0.3,183.0,179.0,1,0
2021-07-02,2,AB,0.1,187.0,179.0,1,0
2021-07-02,2,AB,0.1,186.0,179.0,2,0
2021-07-02,2,AB,0.1,183.0,179.0,1,0
2021-07-02,2,AB,0.2,187.0,179.0,1,0
2021-07-02,2,AB,0.2,186.0,179.0,2,0
2021-07-02,2,AB,0.2,183.0,179.0,1,0
2021-07-02,2,AB,0.3,187.0,179.0,1,0
2021-07-02,2,AB,0.3,186.0,179.0,2,0
2021-07-02,2,AB,0.3,183.0,179.0,1,0
2021-07-02,2,UB,0.1,187.0,178.95,1,0
2021-07-02,2,UB,0.1,186.0,178.95,2,0
2021-07-02,2,UB,0.1,183.0,178.95,1,0
2021-07-02,2,UB,0.2,187.0,170.9,1,0
2021-07-02,2,UB,0.2,186.0,170.9,2,0
2021-07-02,2,UB,0.2,183.0,170.9,1,0
2021-07-02,2,UB,0.3,187.0,162.85,1,0
2021-07-02,2,UB,0.3,186.0,162.85,2,0
2021-07-02,2,UB,0.3,183.0,162.85,1,0
2021-07-05,1,A,0.1,183.0,183.0,1,1
2021-07-05,2,A,0.1,185.0,185.0,3,3
2021-07-05,2,A,0.1,181.0,181.0,1,1
2021-07-05,2,A,0.1,183.0,183.0,1,1
2021-07-05,1,A,0.2,183.0,183.0,1,1
2021-07-05,2,A,0.2,185.0,185.0,3,3
2021-07-05,2,A,0.2,181.0,181.0,1,1
2021-07-05,2,A,0.2,183.0,183.0,1,1
2021-07-05,1,A,0.3,183.0,183.0,1,1
2021-07-05,2,A,0.3,185.0,185.0,3,3
2021-07-05,2,A,0.3,181.0,181.0,1,1
2021-07-05,2,A,0.3,183.0,183.0,1,1
2021-07-05,1,B,0.1,183.0,183.0,1,1
2021-07-05,2,B,0.1,185.0,183.0,3,3
2021-07-05,2,B,0.1,181.0,181.0,1,1
2021-07-05,2,B,0.1,183.0,183.0,1,1
2021-07-05,1,B,0.2,183.0,183.0,1,1
2021-07-05,2,B,0.2,185.0,183.0,3,3
2021-07-05,2,B,0.2,181.0,181.0,1,1
2021-07-05,2,B,0.2,183.0,183.0,1,1
2021-07-05,1,B,0.3,183.0,183.0,1,1
2021-07-05,2,B,0.3,185.0,183.0,3,3
2021-07-05,2,B,0.3,181.0,181.0,1,1
2021-07-05,2,B,0.3,183.0,183.0,1,1
2021-07-05,1,AB,0.1,183.0,175.0,1,0
2021-07-05,2,AB,0.1,185.0,175.0,3,0
2021-07-05,2,AB,0.1,181.0,175.0,1,0
2021-07-05,2,AB,0.1,183.0,175.0,1,0
2021-07-05,1,AB,0.2,183.0,175.0,1,0
2021-07-05,2,AB,0.2,185.0,175.0,3,0
2021-07-05,2,AB,0.2,181.0,175.0,1,0
2021-07-05,2,AB,0.2,183.0,175.0,1,0
2021-07-05,1,AB,0.3,183.0,175.0,1,0
2021-07-05,2,AB,0.3,185.0,175.0,3,0
2021-07-05,2,AB,0.3,181.0,175.0,1,0
2021-07-05,2,AB,0.3,183.0,175.0,1,0
2021-07-05,1,UB,0.1,183.0,168.8,1,0
2021-07-05,2,UB,0.1,185.0,168.8,3,0
2021-07-05,2,UB,0.1,181.0,168.8,1,0
2021-07-05,2,UB,0.1,183.0,168.8,1,0
2021-07-05,1,UB,0.2,183.0,152.6,1,0
2021-07-05,2,UB,0.2,185.0,152.6,3,0
2021-07-05,2,UB,0.2,181.0,152.6,1,0
2021-07-05,2,UB,0.2,183.0,152.6,1,0
2021-07-05,1,UB,0.3,183.0,145.19,1,0
2021-07-05,2,UB,0.3,185.0,145.19,3,0
2021-07-05,2,UB,0.3,181.0,145.19,1,0
2021-07-05,2,UB,0.3,183.0,145.19,1,0
2021-07-06,2,A,0.1,193.0,193.0,2,2
2021-07-06,2,A,0.1,185.0,185.0,2,2
2021-07-06,2,A,0.1,182.0,182.0,1,1
2021-07-06,2,A,0.1,182.0,182.0,1,1
2021-07-06,2,A,0.1,185.0,185.0,1,1
2021-07-06,2,A,0.2,193.0,193.0,2,2
2021-07-06,2,A,0.2,185.0,185.0,2,2
2021-07-06,2,A,0.2,182.0,182.0,1,1
2021-07-06,2,A,0.2,182.0,182.0,1,1
2021-07-06,2,A,0.2,185.0,185.0,1,1
2021-07-06,2,A,0.3,193.0,193.0,2,2
2021-07-06,2,A,0.3,185.0,185.0,2,2
2021-07-06,2,A,0.3,182.0,182.0,1,1
2021-07-06,2,A,0.3,182.0,182.0,1,1
2021-07-06,2,A,0.3,185.0,185.0,1,1
2021-07-06,2,B,0.1,193.0,184.0,2,2
2021-07-06,2,B,0.1,185.0,184.0,2,2
2021-07-06,2,B,0.1,182.0,182.0,1,1
2021-07-06,2,B,0.1,182.0,182.0,1,1
2021-07-06,2,B,0.1,185.0,184.0,1,1
2021-07-06,2,B,0.2,193.0,177.0,2,0
2021-07-06,2,B,0.2,185.0,177.0,2,0
2021-07-06,2,B,0.2,182.0,177.0,1,0
2021-07-06,2,B,0.2,182.0,177.0,1,0
2021-07-06,2,B,0.2,185.0,177.0,1,0
2021-07-06,2,B,0.3,193.0,177.0,2,0
2021-07-06,2,B,0.3,185.0,177.0,2,0
2021-07-06,2,B,0.3,182.0,177.0,1,0
2021-07-06,2,B,0.3,182.0,177.0,1,0
2021-07-06,2,B,0.3,185.0,177.0,1,0
2021-07-06,2,AB,0.1,193.0,184.0,2,2
2021-07-06,2,AB,0.1,185.0,184.0,2,2
2021-07-06,2,AB,0.1,182.0,182.0,1,1
2021-07-06,2,AB,0.1,182.0,182.0,1,1
2021-07-06,2,AB,0.1,185.0,184.0,1,1
2021-07-06,2,AB,0.2,193.0,177.0,2,0
2021-07-06,2,AB,0.2,185.0,177.0,2,0
2021-07-06,2,AB,0.2,182.0,177.0,1,0
2021-07-06,2,AB,0.2,182.0,177.0,1,0
2021-07-06,2,AB,0.2,185.0,177.0,1,0
2021-07-06,2,AB,0.3,193.0,177.0,2,0
2021-07-06,2,AB,0.3,185.0,177.0,2,0
2021-07-06,2,AB,0.3,182.0,177.0,1,0
2021-07-06,2,AB,0.3,182.0,177.0,1,0
2021-07-06,2,AB,0.3,185.0,177.0,1,0
2021-07-06,2,UB,0.1,193.0,184.0,2,2
2021-07-06,2,UB,0.1,185.0,184.0,2,2
2021-07-06,2,UB,0.1,182.0,182.0,1,1
2021-07-06,2,UB,0.1,182.0,182.0,1,1
2021-07-06,2,UB,0.1,185.0,184.0,1,1
2021-07-06,2,UB,0.2,193.0,175.0,2,0
2021-07-06,2,UB,0.2,185.0,175.0,2,0
2021-07-06,2,UB,0.2,182.0,175.0,1,0
2021-07-06,2,UB,0.2,182.0,175.0,1,0
2021-07-06,2,UB,0.2,185.0,175.0,1,0
2021-07-06,2,UB,0.3,193.0,166.0,2,0
2021-07-06,2,UB,0.3,185.0,166.0,2,0
2021-07-06,2,UB,0.3,182.0,166.0,1,0
2021-07-06,2,UB,0.3,182.0,166.0,1,0
2021-07-06,2,UB,0.3,185.0,166.0,1,0
2021-07-07,1,A,0.1,203.0,193.2,4,4
2021-07-07,2,A,0.1,186.0,186.0,2,2
2021-07-07,2,A,0.1,183.0,183.0,2,2
2021-07-07,1,A,0.1,185.0,185.0,4,4
2021-07-07,2,A,0.1,181.0,181.0,1,1
2021-07-07,1,A,0.2,203.0,186.0,4,4
2021-07-07,2,A,0.2,186.0,186.0,2,2
2021-07-07,2,A,0.2,183.0,183.0,2,2
2021-07-07,1,A,0.2,185.0,185.0,4,4
2021-07-07,2,A,0.2,181.0,181.0,1,1
2021-07-07,1,A,0.3,203.0,186.0,4,4
2021-07-07,2,A,0.3,186.0,186.0,2,2
2021-07-07,2,A,0.3,183.0,183.0,2,2
2021-07-07,1,A,0.3,185.0,185.0,4,4
2021-07-07,2,A,0.3,181.0,181.0,1,1
2021-07-07,1,B,0.1,203.0,203.0,4,4
2021-07-07,2,B,0.1,186.0,186.0,2,2
2021-07-07,2,B,0.1,183.0,183.0,2,2
2021-07-07,1,B,0.1,185.0,185.0,4,4
2021-07-07,2,B,0.1,181.0,181.0,1,1
2021-07-07,1,B,0.2,203.0,203.0,4,4
2021-07-07,2,B,0.2,186.0,186.0,2,2
2021-07-07,2,B,0.2,183.0,183.0,2,2
2021-07-07,1,B,0.2,185.0,185.0,4,4
2021-07-07,2,B,0.2,181.0,181.0,1,1
2021-07-07,1,B,0.3,203.0,203.0,4,4
2021-07-07,2,B,0.3,186.0,186.0,2,2
2021-07-07,2,B,0.3,183.0,183.0,2,2
2021-07-07,1,B,0.3,185.0,185.0,4,4
2021-07-07,2,B,0.3,181.0,181.0,1,1
2021-07-07,1,AB,0.1,203.0,193.2,4,4
2021-07-07,2,AB,0.1,186.0,186.0,2,2
2021-07-07,2,AB,0.1,183.0,183.0,2,2
2021-07-07,1,AB,0.1,185.0,185.0,4,4
2021-07-07,2,AB,0.1,181.0,181.0,1,1
2021-07-07,1,AB,0.2,203.0,183.4,4,4
2021-07-07,2,AB,0.2,186.0,183.4,2,2
2021-07-07,2,AB,0.2,183.0,183.0,2,2
2021-07-07,1,AB,0.2,185.0,183.4,4,4
2021-07-07,2,AB,0.2,181.0,181.0,1,1
2021-07-07,1,AB,0.3,203.0,179.0,4,0
2021-07-07,2,AB,0.3,186.0,179.0,2,0
2021-07-07,2,AB,0.3,183.0,179.0,2,0
2021-07-07,1,AB,0.3,185.0,179.0,4,0
2021-07-07,2,AB,0.3,181.0,179.0,1,0
2021-07-07,1,UB,0.1,203.0,193.2,4,4
2021-07-07,2,UB,0.1,186.0,186.0,2,2
2021-07-07,2,UB,0.1,183.0,183.0,2,2
2021-07-07,1,UB,0.1,185.0,185.0,4,4
2021-07-07,2,UB,0.1,181.0,181.0,1,1
2021-07-07,1,UB,0.2,203.0,183.4,4,4
2021-07-07,2,UB,0.2,186.0,183.4,2,2
2021-07-07,2,UB,0.2,183.0,183.0,2,2
2021-07-07,1,UB,0.2,185.0,183.4,4,4
2021-07-07,2,UB,0.2,181.0,181.0,1,1
2021-07-07,1,UB,0.3,203.0,173.6,4,0
2021-07-07,2,UB,0.3,186.0,173.6,2,0
2021-07-07,2,UB,0.3,183.0,173.6,2,0
2021-07-07,1,UB,0.3,185.0,173.6,4,0
2021-07-07,2,UB,0.3,181.0,173.6,1,0
2021-07-08,1,A,0.1,201.0,201.0,10,10
2021-07-08,1,A,0.1,201.0,201.0,6,6
2021-07-08,2,A,0.1,186.0,186.0,3,3
2021-07-08,1,A,0.2,201.0,201.0,10,10
2021-07-08,1,A,0.2,201.0,201.0,6,6
2021-07-08,2,A,0.2,186.0,186.0,3,3
2021-07-08,1,A,0.3,201.0,201.0,10,10
2021-07-08,1,A,0.3,201.0,201.0,6,6
2021-07-08,2,A,0.3,186.0,186.0,3,3
2021-07-08,1,B,0.1,201.0,201.0,10,10
2021-07-08,1,B,0.1,201.0,201.0,6,6
2021-07-08,2,B,0.1,186.0,186.0,3,3
2021-07-08,1,B,0.2,201.0,201.0,10,10
2021-07-08,1,B,0.2,201.0,201.0,6,6
2021-07-08,2,B,0.2,186.0,186.0,3,3
2021-07-08,1,B,0.3,201.0,201.0,10,10
2021-07-08,1,B,0.3,201.0,201.0,6,6
2021-07-08,2,B,0.3,186.0,186.0,3,3
2021-07-08,1,AB,0.1,201.0,201.0,10,10
2021-07-08,1,AB,0.1,201.0,201.0,6,6
2021-07-08,2,AB,0.1,186.0,186.0,3,3
2021-07-08,1,AB,0.2,201.0,201.0,10,10
2021-07-08,1,AB,0.2,201.0,201.0,6,6
2021-07-08,2,AB,0.2,186.0,186.0,3,3
2021-07-08,1,AB,0.3,201.0,201.0,10,10
2021-07-08,1,AB,0.3,201.0,201.0,6,6
2021-07-08,2,AB,0.3,186.0,186.0,3,3
2021-07-08,1,UB,0.1,201.0,191.1,10,10
2021-07-08,1,UB,0.1,201.0,191.1,6,6
2021-07-08,2,UB,0.1,186.0,186.0,3,3
2021-07-08,1,UB,0.2,201.0,181.2,10,12
2021-07-08,1,UB,0.2,201.0,181.2,6,6
2021-07-08,2,UB,0.2,186.0,181.2,3,4
2021-07-08,1,UB,0.3,201.0,171.3,10,0
2021-07-08,1,UB,0.3,201.0,171.3,6,0
2021-07-08,2,UB,0.3,186.0,171.3,3,0
2021-07-09,2,A,0.1,188.0,188.0,2,2
2021-07-09,1,A,0.1,186.0,186.0,2,2
2021-07-09,2,A,0.1,192.0,192.0,3,3
2021-07-09,2,A,0.1,188.0,188.0,1,1
2021-07-09,2,A,0.2,188.0,188.0,2,2
2021-07-09,1,A,0.2,186.0,186.0,2,2
2021-07-09,2,A,0.2,192.0,192.0,3,3
2021-07-09,2,A,0.2,188.0,188.0,1,1
2021-07-09,2,A,0.3,188.0,188.0,2,2
2021-07-09,1,A,0.3,186.0,186.0,2,2
2021-07-09,2,A,0.3,192.0,192.0,3,3
2021-07-09,2,A,0.3,188.0,188.0,1,1
2021-07-09,2,B,0.1,188.0,186.0,2,2
2021-07-09,1,B,0.1,186.0,186.0,2,2
2021-07-09,2,B,0.1,192.0,186.0,3,3
2021-07-09,2,B,0.1,188.0,186.0,1,1
2021-07-09,2,B,0.2,188.0,186.0,2,2
2021-07-09,1,B,0.2,186.0,186.0,2,2
2021-07-09,2,B,0.2,192.0,186.0,3,3
2021-07-09,2,B,0.2,188.0,186.0,1,1
2021-07-09,2,B,0.3,188.0,186.0,2,2
2021-07-09,1,B,0.3,186.0,186.0,2,2
2021-07-09,2,B,0.3,192.0,186.0,3,3
2021-07-09,2,B,0.3,188.0,186.0,1,1
2021-07-09,2,AB,0.1,188.0,183.2,2,2
2021-07-09,1,AB,0.1,186.0,183.2,2,2
2021-07-09,2,AB,0.1,192.0,183.2,3,3
2021-07-09,2,AB,0.1,188.0,183.2,1,1
2021-07-09,2,AB,0.2,188.0,176.0,2,0
2021-07-09,1,AB,0.2,186.0,176.0,2,0
2021-07-09,2,AB,0.2,192.0,176.0,3,0
2021-07-09,2,AB,0.2,188.0,176.0,1,0
2021-07-09,2,AB,0.3,188.0,176.0,2,0
2021-07-09,1,AB,0.3,186.0,176.0,2,0
2021-07-09,2,AB,0.3,192.0,176.0,3,0
2021-07-09,2,AB,0.3,188.0,176.0,1,0
2021-07-09,2,UB,0.1,188.0,183.2,2,2
2021-07-09,1,UB,0.1,186.0,183.2,2,2
2021-07-09,2,UB,0.1,192.0,183.2,3,3
2021-07-09,2,UB,0.1,188.0,183.2,1,1
2021-07-09,2,UB,0.2,188.0,174.4,2,0
2021-07-09,1,UB,0.2,186.0,174.4,2,0
2021-07-09,2,UB,0.2,192.0,174.4,3,0
2021-07-09,2,UB,0.2,188.0,174.4,1,0
2021-07-09,2,UB,0.3,188.0,165.6,2,0
2021-07-09,1,UB,0.3,186.0,165.6,2,0
2021-07-09,2,UB,0.3,192.0,165.6,3,0
2021-07-09,2,UB,0.3,188.0,165.6,1,0
2021-07-12,1,A,0.1,198.0,190.0,14,14
2021-07-12,2,A,0.1,190.0,190.0,3,3
2021-07-12,2,A,0.1,188.0,188.0,2,2
2021-07-12,1,A,0.2,198.0,190.0,14,14
2021-07-12,2,A,0.2,190.0,190.0,3,3
2021-07-12,2,A,0.2,188.0,188.0,2,2
2021-07-12,1,A,0.3,198.0,190.0,14,14
2021-07-12,2,A,0.3,190.0,190.0,3,3
2021-07-12,2,A,0.3,188.0,188.0,2,2
2021-07-12,1,B,0.1,198.0,198.0,14,14
2021-07-12,2,B,0.1,190.0,190.0,3,3
2021-07-12,2,B,0.1,188.0,188.0,2,2
2021-07-12,1,B,0.2,198.0,198.0,14,14
2021-07-12,2,B,0.2,190.0,190.0,3,3
2021-07-12,2,B,0.2,188.0,188.0,2,2
2021-07-12,1,B,0.3,198.0,198.0,14,14
2021-07-12,2,B,0.3,190.0,190.0,3,3
2021-07-12,2,B,0.3,188.0,188.0,2,2
2021-07-12,1,AB,0.1,198.0,188.0,14,14
2021-07-12,2,AB,0.1,190.0,188.0,3,3
2021-07-12,2,AB,0.1,188.0,188.0,2,2
2021-07-12,1,AB,0.2,198.0,188.0,14,14
2021-07-12,2,AB,0.2,190.0,188.0,3,3
2021-07-12,2,AB,0.2,188.0,188.0,2,2
2021-07-12,1,AB,0.3,198.0,188.0,14,14
2021-07-12,2,AB,0.3,190.0,188.0,3,3
2021-07-12,2,AB,0.3,188.0,188.0,2,2
2021-07-12,1,UB,0.1,198.0,180.5,14,15
2021-07-12,2,UB,0.1,190.0,180.5,3,3
2021-07-12,2,UB,0.1,188.0,180.5,2,2
2021-07-12,1,UB,0.2,198.0,163.0,14,0
2021-07-12,2,UB,0.2,190.0,163.0,3,0
2021-07-12,2,UB,0.2,188.0,163.0,2,0
2021-07-12,1,UB,0.3,198.0,154.1,14,0
2021-07-12,2,UB,0.3,190.0,154.1,3,0
2021-07-12,2,UB,0.3,188.0,154.1,2,0
2021-07-14,1,A,0.1,195.0,193.0,11,11
2021-07-14,2,A,0.1,186.0,186.0,1,1
2021-07-14,1,A,0.2,195.0,193.0,11,11
2021-07-14,2,A,0.2,186.0,186.0,1,1
2021-07-14,1,A,0.3,195.0,193.0,11,11
2021-07-14,2,A,0.3,186.0,186.0,1,1
2021-07-14,1,B,0.1,195.0,195.0,11,11
2021-07-14,2,B,0.1,186.0,186.0,1,1
2021-07-14,1,B,0.2,195.0,195.0,11,11
2021-07-14,2,B,0.2,186.0,186.0,1,1
2021-07-14,1,B,0.3,195.0,195.0,11,11
2021-07-14,2,B,0.3,186.0,186.0,1,1
2021-07-14,1,AB,0.1,195.0,193.0,11,11
2021-07-14,2,AB,0.1,186.0,186.0,1,1
2021-07-14,1,AB,0.2,195.0,193.0,11,11
2021-07-14,2,AB,0.2,186.0,186.0,1,1
2021-07-14,1,AB,0.3,195.0,193.0,11,11
2021-07-14,2,AB,0.3,186.0,186.0,1,1
2021-07-14,1,UB,0.1,195.0,185.65,11,12
2021-07-14,2,UB,0.1,186.0,185.65,1,1
2021-07-14,1,UB,0.2,195.0,176.3,11,0
2021-07-14,2,UB,0.2,186.0,176.3,1,0
2021-07-14,1,UB,0.3,195.0,166.95,11,0
2021-07-14,2,UB,0.3,186.0,166.95,1,0
2021-07-16,1,A,0.1,194.0,194.0,6,6
2021-07-16,2,A,0.1,197.0,197.0,5,5
2021-07-16,2,A,0.1,181.0,181.0,1,1
2021-07-16,2,A,0.1,181.0,181.0,1,1
2021-07-16,2,A,0.1,189.0,189.0,1,1
2021-07-16,1,A,0.2,194.0,194.0,6,6
2021-07-16,2,A,0.2,197.0,197.0,5,5
2021-07-16,2,A,0.2,181.0,181.0,1,1
2021-07-16,2,A,0.2,181.0,181.0,1,1
2021-07-16,2,A,0.2,189.0,189.0,1,1
2021-07-16,1,A,0.3,194.0,194.0,6,6
2021-07-16,2,A,0.3,197.0,197.0,5,5
2021-07-16,2,A,0.3,181.0,181.0,1,1
2021-07-16,2,A,0.3,181.0,181.0,1,1
2021-07-16,2,A,0.3,189.0,189.0,1,1
2021-07-16,1,B,0.1,194.0,194.0,6,6
2021-07-16,2,B,0.1,197.0,194.0,5,5
2021-07-16,2,B,0.1,181.0,181.0,1,1
2021-07-16,2,B,0.1,181.0,181.0,1,1
2021-07-16,2,B,0.1,189.0,189.0,1,1
2021-07-16,1,B,0.2,194.0,194.0,6,6
2021-07-16,2,B,0.2,197.0,194.0,5,5
2021-07-16,2,B,0.2,181.0,181.0,1,1
2021-07-16,2,B,0.2,181.0,181.0,1,1
2021-07-16,2,B,0.2,189.0,189.0,1,1
2021-07-16,1,B,0.3,194.0,194.0,6,6
2021-07-16,2,B,0.3,197.0,194.0,5,5
2021-07-16,2,B,0.3,181.0,181.0,1,1
2021-07-16,2,B,0.3,181.0,181.0,1,1
2021-07-16,2,B,0.3,189.0,189.0,1,1
2021-07-16,1,AB,0.1,194.0,187.25,6,6
2021-07-16,2,AB,0.1,197.0,187.25,5,5
2021-07-16,2,AB,0.1,181.0,181.0,1,1
2021-07-16,2,AB,0.1,181.0,181.0,1,1
2021-07-16,2,AB,0.1,189.0,187.25,1,1
2021-07-16,1,AB,0.2,194.0,178.0,6,0
2021-07-16,2,AB,0.2,197.0,178.0,5,0
2021-07-16,2,AB,0.2,181.0,178.0,1,0
2021-07-16,2,AB,0.2,181.0,178.0,1,0
2021-07-16,2,AB,0.2,189.0,178.0,1,0
2021-07-16,1,AB,0.3,194.0,178.0,6,0
2021-07-16,2,AB,0.3,197.0,178.0,5,0
2021-07-16,2,AB,0.3,181.0,178.0,1,0
2021-07-16,2,AB,0.3,181.0,178.0,1,0
2021-07-16,2,AB,0.3,189.0,178.0,1,0
2021-07-16,1,UB,0.1,194.0,187.25,6,6
2021-07-16,2,UB,0.1,197.0,187.25,5,5
2021-07-16,2,UB,0.1,181.0,181.0,1,1
2021-07-16,2,UB,0.1,181.0,181.0,1,1
2021-07-16,2,UB,0.1,189.0,187.25,1,1
2021-07-16,1,UB,0.2,194.0,177.5,6,0
2021-07-16,2,UB,0.2,197.0,177.5,5,0
2021-07-16,2,UB,0.2,181.0,177.5,1,0
2021-07-16,2,UB,0.2,181.0,177.5,1,0
2021-07-16,2,UB,0.2,189.0,177.5,1,0
2021-07-16,1,UB,0.3,194.0,167.75,6,0
2021-07-16,2,UB,0.3,197.0,167.75,5,0
2021-07-16,2,UB,0.3,181.0,167.75,1,0
2021-07-16,2,UB,0.3,181.0,167.75,1,0
2021-07-16,2,UB,0.3,189.0,167.75,1,0
2021-07-19,1,A,0.1,200.0,200.0,5,5
2021-07-19,2,A,0.1,222.0,222.0,7,7
2021-07-19,1,A,0.1,193.0,193.0,2,2
2021-07-19,2,A,0.1,190.0,190.0,1,1
2021-07-19,2,A,0.1,201.0,201.0,5,5
2021-07-19,2,A,0.1,190.0,190.0,2,2
2021-07-19,1,A,0.2,200.0,200.0,5,5
2021-07-19,2,A,0.2,222.0,222.0,7,7
2021-07-19,1,A,0.2,193.0,193.0,2,2
2021-07-19,2,A,0.2,190.0,190.0,1,1
2021-07-19,2,A,0.2,201.0,201.0,5,5
2021-07-19,2,A,0.2,190.0,190.0,2,2
2021-07-19,1,A,0.3,200.0,200.0,5,5
2021-07-19,2,A,0.3,222.0,222.0,7,7
2021-07-19,1,A,0.3,193.0,193.0,2,2
2021-07-19,2,A,0.3,190.0,190.0,1,1
2021-07-19,2,A,0.3,201.0,201.0,5,5
2021-07-19,2,A,0.3,190.0,190.0,2,2
2021-07-19,1,B,0.1,200.0,200.0,5,5
2021-07-19,2,B,0.1,222.0,202.1,7,7
2021-07-19,1,B,0.1,193.0,193.0,2,2
2021-07-19,2,B,0.1,190.0,190.0,1,1
2021-07-19,2,B,0.1,201.0,201.0,5,5
2021-07-19,2,B,0.1,190.0,190.0,2,2
2021-07-19,1,B,0.2,200.0,200.0,5,5
2021-07-19,2,B,0.2,222.0,200.0,7,7
2021-07-19,1,B,0.2,193.0,193.0,2,2
2021-07-19,2,B,0.2,190.0,190.0,1,1
2021-07-19,2,B,0.2,201.0,200.0,5,5
2021-07-19,2,B,0.2,190.0,191.0,2,2
2021-07-19,1,B,0.3,200.0,200.0,5,5
2021-07-19,2,B,0.3,222.0,200.0,7,7
2021-07-19,1,B,0.3,193.0,193.0,2,2
2021-07-19,2,B,0.3,190.0,190.0,1,1
2021-07-19,2,B,0.3,201.0,200.0,5,5
2021-07-19,2,B,0.3,190.0,191.0,2,2
2021-07-19,1,AB,0.1,200.0,200.0,5,5
2021-07-19,2,AB,0.1,222.0,202.1,7,7
2021-07-19,1,AB,0.1,193.0,193.0,2,2
2021-07-19,2,AB,0.1,190.0,190.0,1,1
2021-07-19,2,AB,0.1,201.0,201.0,5,5
2021-07-19,2,AB,0.1,190.0,190.0,2,2
2021-07-19,1,AB,0.2,200.0,182.2,5,5
2021-07-19,2,AB,0.2,222.0,182.2,7,7
2021-07-19,1,AB,0.2,193.0,182.2,2,2
2021-07-19,2,AB,0.2,190.0,182.2,1,1
2021-07-19,2,AB,0.2,201.0,182.2,5,5
2021-07-19,2,AB,0.2,190.0,182.2,2,2
2021-07-19,1,AB,0.3,200.0,176.0,5,0
2021-07-19,2,AB,0.3,222.0,176.0,7,0
2021-07-19,1,AB,0.3,193.0,176.0,2,0
2021-07-19,2,AB,0.3,190.0,176.0,1,0
2021-07-19,2,AB,0.3,201.0,176.0,5,0
2021-07-19,2,AB,0.3,190.0,176.0,2,0
2021-07-19,1,UB,0.1,200.0,200.0,5,5
2021-07-19,2,UB,0.1,222.0,202.1,7,7
2021-07-19,1,UB,0.1,193.0,193.0,2,2
2021-07-19,2,UB,0.1,190.0,190.0,1,1
2021-07-19,2,UB,0.1,201.0,201.0,5,5
2021-07-19,2,UB,0.1,190.0,190.0,2,2
2021-07-19,1,UB,0.2,200.0,182.2,5,5
2021-07-19,2,UB,0.2,222.0,182.2,7,7
2021-07-19,1,UB,0.2,193.0,182.2,2,2
2021-07-19,2,UB,0.2,190.0,182.2,1,1
2021-07-19,2,UB,0.2,201.0,182.2,5,5
2021-07-19,2,UB,0.2,190.0,182.2,2,2
2021-07-19,1,UB,0.3,200.0,162.3,5,0
2021-07-19,2,UB,0.3,222.0,162.3,7,0
2021-07-19,1,UB,0.3,193.0,162.3,2,0
2021-07-19,2,UB,0.3,190.0,162.3,1,0
2021-07-19,2,UB,0.3,201.0,162.3,5,0
2021-07-19,2,UB,0.3,190.0,162.3,2,0
2021-07-20,1,A,0.1,201.0,201.0,13,13
2021-07-20,1,A,0.1,194.0,194.0,6,6
2021-07-20,2,A,0.1,201.0,201.0,3,3
2021-07-20,2,A,0.1,181.0,181.0,1,1
2021-07-20,2,A,0.1,182.0,182.0,1,1
2021-07-20,1,A,0.2,201.0,201.0,13,13
2021-07-20,1,A,0.2,194.0,194.0,6,6
2021-07-20,2,A,0.2,201.0,201.0,3,3
2021-07-20,2,A,0.2,181.0,181.0,1,1
2021-07-20,2,A,0.2,182.0,182.0,1,1
2021-07-20,1,A,0.3,201.0,201.0,13,13
2021-07-20,1,A,0.3,194.0,194.0,6,6
2021-07-20,2,A,0.3,201.0,201.0,3,3
2021-07-20,2,A,0.3,181.0,181.0,1,1
2021-07-20,2,A,0.3,182.0,182.0,1,1
2021-07-20,1,B,0.1,201.0,201.0,13,13
2021-07-20,1,B,0.1,194.0,194.0,6,6
2021-07-20,2,B,0.1,201.0,201.0,3,3
2021-07-20,2,B,0.1,181.0,181.0,1,1
2021-07-20,2,B,0.1,182.0,182.0,1,1
2021-07-20,1,B,0.2,201.0,201.0,13,13
2021-07-20,1,B,0.2,194.0,194.0,6,6
2021-07-20,2,B,0.2,201.0,201.0,3,3
2021-07-20,2,B,0.2,181.0,181.0,1,1
2021-07-20,2,B,0.2,182.0,182.0,1,1
2021-07-20,1,B,0.3,201.0,201.0,13,13
2021-07-20,1,B,0.3,194.0,194.0,6,6
2021-07-20,2,B,0.3,201.0,201.0,3,3
2021-07-20,2,B,0.3,181.0,181.0,1,1
2021-07-20,2,B,0.3,182.0,182.0,1,1
2021-07-20,1,AB,0.1,201.0,197.0,13,13
2021-07-20,1,AB,0.1,194.0,194.0,6,6
2021-07-20,2,AB,0.1,201.0,197.0,3,3
2021-07-20,2,AB,0.1,181.0,181.0,1,1
2021-07-20,2,AB,0.1,182.0,182.0,1,1
2021-07-20,1,AB,0.2,201.0,197.0,13,13
2021-07-20,1,AB,0.2,194.0,194.0,6,6
2021-07-20,2,AB,0.2,201.0,197.0,3,3
2021-07-20,2,AB,0.2,181.0,181.0,1,1
2021-07-20,2,AB,0.2,182.0,182.0,1,1
2021-07-20,1,AB,0.3,201.0,197.0,13,13
2021-07-20,1,AB,0.3,194.0,194.0,6,6
2021-07-20,2,AB,0.3,201.0,197.0,3,3
2021-07-20,2,AB,0.3,181.0,181.0,1,1
2021-07-20,2,AB,0.3,182.0,182.0,1,1
2021-07-20,1,UB,0.1,201.0,191.15,13,15
2021-07-20,1,UB,0.1,194.0,191.15,6,6
2021-07-20,2,UB,0.1,201.0,191.15,3,3
2021-07-20,2,UB,0.1,181.0,181.0,1,1
2021-07-20,2,UB,0.1,182.0,182.0,1,1
2021-07-20,1,UB,0.2,201.0,181.3,13,15
2021-07-20,1,UB,0.2,194.0,181.3,6,6
2021-07-20,2,UB,0.2,201.0,181.3,3,3
2021-07-20,2,UB,0.2,181.0,181.0,1,1
2021-07-20,2,UB,0.2,182.0,181.3,1,1
2021-07-20,1,UB,0.3,201.0,171.45,13,0
2021-07-20,1,UB,0.3,194.0,171.45,6,0
2021-07-20,2,UB,0.3,201.0,171.45,3,0
2021-07-20,2,UB,0.3,181.0,171.45,1,0
2021-07-20,2,UB,0.3,182.0,171.45,1,0
2021-07-21,1,A,0.1,214.0,206.0,13,13
2021-07-21,1,A,0.1,204.0,204.0,7,7
2021-07-21,2,A,0.1,199.0,199.0,5,5
2021-07-21,1,A,0.2,214.0,206.0,13,13
2021-07-21,1,A,0.2,204.0,204.0,7,7
2021-07-21,2,A,0.2,199.0,199.0,5,5
2021-07-21,1,A,0.3,214.0,206.0,13,13
2021-07-21,1,A,0.3,204.0,204.0,7,7
2021-07-21,2,A,0.3,199.0,199.0,5,5
2021-07-21,1,B,0.1,214.0,214.0,13,13
2021-07-21,1,B,0.1,204.0,204.0,7,7
2021-07-21,2,B,0.1,199.0,199.0,5,5
2021-07-21,1,B,0.2,214.0,214.0,13,13
2021-07-21,1,B,0.2,204.0,204.0,7,7
2021-07-21,2,B,0.2,199.0,199.0,5,5
2021-07-21,1,B,0.3,214.0,214.0,13,13
2021-07-21,1,B,0.3,204.0,204.0,7,7
2021-07-21,2,B,0.3,199.0,199.0,5,5
2021-07-21,1,AB,0.1,214.0,206.0,13,13
2021-07-21,1,AB,0.1,204.0,204.0,7,7
2021-07-21,2,AB,0.1,199.0,199.0,5,5
2021-07-21,1,AB,0.2,214.0,206.0,13,13
2021-07-21,1,AB,0.2,204.0,204.0,7,7
2021-07-21,2,AB,0.2,199.0,199.0,5,5
2021-07-21,1,AB,0.3,214.0,206.0,13,13
2021-07-21,1,AB,0.3,204.0,204.0,7,7
2021-07-21,2,AB,0.3,199.0,199.0,5,5
2021-07-21,1,UB,0.1,214.0,202.6,13,13
2021-07-21,1,UB,0.1,204.0,202.6,7,7
2021-07-21,2,UB,0.1,199.0,199.0,5,5
2021-07-21,1,UB,0.2,214.0,191.2,13,15
2021-07-21,1,UB,0.2,204.0,191.2,7,7
2021-07-21,2,UB,0.2,199.0,191.2,5,5
2021-07-21,1,UB,0.3,214.0,179.8,13,0
2021-07-21,1,UB,0.3,204.0,179.8,7,0
2021-07-21,2,UB,0.3,199.0,179.8,5,0
2021-07-22,1,A,0.1,213.0,201.6,14,14
2021-07-22,2,A,0.1,189.0,189.0,2,2
2021-07-22,2,A,0.1,182.0,182.0,2,2
2021-07-22,1,A,0.2,213.0,192.0,14,14
2021-07-22,2,A,0.2,189.0,189.0,2,2
2021-07-22,2,A,0.2,182.0,182.0,2,2
2021-07-22,1,A,0.3,213.0,192.0,14,14
2021-07-22,2,A,0.3,189.0,189.0,2,2
2021-07-22,2,A,0.3,182.0,182.0,2,2
2021-07-22,1,B,0.1,213.0,213.0,14,14
2021-07-22,2,B,0.1,189.0,189.0,2,2
2021-07-22,2,B,0.1,182.0,182.0,2,2
2021-07-22,1,B,0.2,213.0,213.0,14,14
2021-07-22,2,B,0.2,189.0,189.0,2,2
2021-07-22,2,B,0.2,182.0,182.0,2,2
2021-07-22,1,B,0.3,213.0,213.0,14,14
2021-07-22,2,B,0.3,189.0,189.0,2,2
2021-07-22,2,B,0.3,182.0,182.0,2,2
2021-07-22,1,AB,0.1,213.0,201.6,14,14
2021-07-22,2,AB,0.1,189.0,189.0,2,2
2021-07-22,2,AB,0.1,182.0,182.0,2,2
2021-07-22,1,AB,0.2,213.0,192.0,14,14
2021-07-22,2,AB,0.2,189.0,189.0,2,2
2021-07-22,2,AB,0.2,182.0,182.0,2,2
2021-07-22,1,AB,0.3,213.0,192.0,14,14
2021-07-22,2,AB,0.3,189.0,189.0,2,2
2021-07-22,2,AB,0.3,182.0,182.0,2,2
2021-07-22,1,UB,0.1,213.0,201.6,14,14
2021-07-22,2,UB,0.1,189.0,189.0,2,2
2021-07-22,2,UB,0.1,182.0,182.0,2,2
2021-07-22,1,UB,0.2,213.0,190.2,14,14
2021-07-22,2,UB,0.2,189.0,189.0,2,2
2021-07-22,2,UB,0.2,182.0,182.0,2,2
2021-07-22,1,UB,0.3,213.0,178.8,14,0
2021-07-22,2,UB,0.3,189.0,178.8,2,0
2021-07-22,2,UB,0.3,182.0,178.8,2,0
2021-07-23,1,A,0.1,202.0,202.0,12,12
2021-07-23,1,A,0.1,192.0,192.0,5,5
2021-07-23,2,A,0.1,206.0,206.0,5,5
2021-07-23,1,A,0.2,202.0,202.0,12,12
2021-07-23,1,A,0.2,192.0,192.0,5,5
2021-07-23,2,A,0.2,206.0,206.0,5,5
2021-07-23,1,A,0.3,202.0,202.0,12,12
2021-07-23,1,A,0.3,192.0,192.0,5,5
2021-07-23,2,A,0.3,206.0,206.0,5,5
2021-07-23,1,B,0.1,202.0,202.0,12,12
2021-07-23,1,B,0.1,192.0,192.0,5,5
2021-07-23,2,B,0.1,206.0,202.0,5,5
2021-07-23,1,B,0.2,202.0,202.0,12,12
2021-07-23,1,B,0.2,192.0,192.0,5,5
2021-07-23,2,B,0.2,206.0,202.0,5,5
2021-07-23,1,B,0.3,202.0,202.0,12,12
2021-07-23,1,B,0.3,192.0,192.0,5,5
2021-07-23,2,B,0.3,206.0,202.0,5,5
2021-07-23,1,AB,0.1,202.0,199.0,12,12
2021-07-23,1,AB,0.1,192.0,192.0,5,5
2021-07-23,2,AB,0.1,206.0,199.0,5,5
2021-07-23,1,AB,0.2,202.0,199.0,12,12
2021-07-23,1,AB,0.2,192.0,192.0,5,5
2021-07-23,2,AB,0.2,206.0,199.0,5,5
2021-07-23,1,AB,0.3,202.0,199.0,12,12
2021-07-23,1,AB,0.3,192.0,192.0,5,5
2021-07-23,2,AB,0.3,206.0,199.0,5,5
2021-07-23,1,UB,0.1,202.0,195.35,12,12
2021-07-23,1,UB,0.1,192.0,192.0,5,5
2021-07-23,2,UB,0.1,206.0,195.35,5,5
2021-07-23,1,UB,0.2,202.0,184.7,12,14
2021-07-23,1,UB,0.2,192.0,184.7,5,6
2021-07-23,2,UB,0.2,206.0,184.7,5,5
2021-07-23,1,UB,0.3,202.0,174.05,12,0
2021-07-23,1,UB,0.3,192.0,174.05,5,0
2021-07-23,2,UB,0.3,206.0,174.05,5,0
2021-07-26,1,A,0.1,217.0,207.0,13,13
2021-07-26,2,A,0.1,180.0,180.0,1,1
2021-07-26,2,A,0.1,199.0,199.0,3,3
2021-07-26,2,A,0.1,180.0,180.0,1,1
2021-07-26,1,A,0.1,186.0,186.0,2,2
2021-07-26,1,A,0.2,217.0,207.0,13,13
2021-07-26,2,A,0.2,180.0,180.0,1,1
2021-07-26,2,A,0.2,199.0,199.0,3,3
2021-07-26,2,A,0.2,180.0,180.0,1,1
2021-07-26,1,A,0.2,186.0,186.0,2,2
2021-07-26,1,A,0.3,217.0,207.0,13,13
2021-07-26,2,A,0.3,180.0,180.0,1,1
2021-07-26,2,A,0.3,199.0,199.0,3,3
2021-07-26,2,A,0.3,180.0,180.0,1,1
2021-07-26,1,A,0.3,186.0,186.0,2,2
2021-07-26,1,B,0.1,217.0,217.0,13,13
2021-07-26,2,B,0.1,180.0,180.0,1,1
2021-07-26,2,B,0.1,199.0,199.0,3,3
2021-07-26,2,B,0.1,180.0,180.0,1,1
2021-07-26,1,B,0.1,186.0,186.0,2,2
2021-07-26,1,B,0.2,217.0,217.0,13,13
2021-07-26,2,B,0.2,180.0,180.0,1,1
2021-07-26,2,B,0.2,199.0,199.0,3,3
2021-07-26,2,B,0.2,180.0,180.0,1,1
2021-07-26,1,B,0.2,186.0,186.0,2,2
2021-07-26,1,B,0.3,217.0,217.0,13,13
2021-07-26,2,B,0.3,180.0,180.0,1,1
2021-07-26,2,B,0.3,199.0,199.0,3,3
2021-07-26,2,B,0.3,180.0,180.0,1,1
2021-07-26,1,B,0.3,186.0,186.0,2,2
2021-07-26,1,AB,0.1,217.0,207.0,13,13
2021-07-26,2,AB,0.1,180.0,180.0,1,1
2021-07-26,2,AB,0.1,199.0,199.0,3,3
2021-07-26,2,AB,0.1,180.0,180.0,1,1
2021-07-26,1,AB,0.1,186.0,186.0,2,2
2021-07-26,1,AB,0.2,217.0,207.0,13,13
2021-07-26,2,AB,0.2,180.0,180.0,1,1
2021-07-26,2,AB,0.2,199.0,199.0,3,3
2021-07-26,2,AB,0.2,180.0,180.0,1,1
2021-07-26,1,AB,0.2,186.0,186.0,2,2
2021-07-26,1,AB,0.3,217.0,207.0,13,13
2021-07-26,2,AB,0.3,180.0,180.0,1,1
2021-07-26,2,AB,0.3,199.0,199.0,3,3
2021-07-26,2,AB,0.3,180.0,180.0,1,1
2021-07-26,1,AB,0.3,186.0,186.0,2,2
2021-07-26,1,UB,0.1,217.0,197.7,13,13
2021-07-26,2,UB,0.1,180.0,180.0,1,1
2021-07-26,2,UB,0.1,199.0,197.7,3,3
2021-07-26,2,UB,0.1,180.0,180.0,1,1
2021-07-26,1,UB,0.1,186.0,186.0,2,2
2021-07-26,1,UB,0.2,217.0,178.4,13,0
2021-07-26,2,UB,0.2,180.0,178.4,1,0
2021-07-26,2,UB,0.2,199.0,178.4,3,0
2021-07-26,2,UB,0.2,180.0,178.4,1,0
2021-07-26,1,UB,0.2,186.0,178.4,2,0
2021-07-26,1,UB,0.3,217.0,159.1,13,0
2021-07-26,2,UB,0.3,180.0,159.1,1,0
2021-07-26,2,UB,0.3,199.0,159.1,3,0
2021-07-26,2,UB,0.3,180.0,159.1,1,0
2021-07-26,1,UB,0.3,186.0,159.1,2,0
2021-07-27,1,A,0.1,207.0,207.0,3,3
2021-07-27,2,A,0.1,211.0,211.0,9,9
2021-07-27,1,A,0.1,199.0,199.0,7,7
2021-07-27,2,A,0.1,201.0,201.0,6,6
2021-07-27,2,A,0.1,184.0,184.0,1,1
2021-07-27,2,A,0.1,180.0,180.0,1,1
2021-07-27,1,A,0.2,207.0,207.0,3,3
2021-07-27,2,A,0.2,211.0,211.0,9,9
2021-07-27,1,A,0.2,199.0,199.0,7,7
2021-07-27,2,A,0.2,201.0,201.0,6,6
2021-07-27,2,A,0.2,184.0,184.0,1,1
2021-07-27,2,A,0.2,180.0,180.0,1,1
2021-07-27,1,A,0.3,207.0,207.0,3,3
2021-07-27,2,A,0.3,211.0,211.0,9,9
2021-07-27,1,A,0.3,199.0,199.0,7,7
2021-07-27,2,A,0.3,201.0,201.0,6,6
2021-07-27,2,A,0.3,184.0,184.0,1,1
2021-07-27,2,A,0.3,180.0,180.0,1,1
2021-07-27,1,B,0.1,207.0,207.0,3,3
2021-07-27,2,B,0.1,211.0,207.0,9,9
2021-07-27,1,B,0.1,199.0,199.0,7,7
2021-07-27,2,B,0.1,201.0,201.0,6,6
2021-07-27,2,B,0.1,184.0,184.0,1,1
2021-07-27,2,B,0.1,180.0,180.0,1,1
2021-07-27,1,B,0.2,207.0,207.0,3,3
2021-07-27,2,B,0.2,211.0,207.0,9,9
2021-07-27,1,B,0.2,199.0,199.0,7,7
2021-07-27,2,B,0.2,201.0,201.0,6,6
2021-07-27,2,B,0.2,184.0,184.0,1,1
2021-07-27,2,B,0.2,180.0,180.0,1,1
2021-07-27,1,B,0.3,207.0,207.0,3,3
2021-07-27,2,B,0.3,211.0,207.0,9,9
2021-07-27,1,B,0.3,199.0,199.0,7,7
2021-07-27,2,B,0.3,201.0,201.0,6,6
2021-07-27,2,B,0.3,184.0,184.0,1,1
2021-07-27,2,B,0.3,180.0,180.0,1,1
2021-07-27,1,AB,0.1,207.0,200.5,3,3
2021-07-27,2,AB,0.1,211.0,200.5,9,9
2021-07-27,1,AB,0.1,199.0,199.0,7,7
2021-07-27,2,AB,0.1,201.0,200.5,6,6
2021-07-27,2,AB,0.1,184.0,184.0,1,1
2021-07-27,2,AB,0.1,180.0,180.0,1,1
2021-07-27,1,AB,0.2,207.0,190.0,3,3
2021-07-27,2,AB,0.2,211.0,190.0,9,9
2021-07-27,1,AB,0.2,199.0,190.0,7,7
2021-07-27,2,AB,0.2,201.0,190.0,6,6
2021-07-27,2,AB,0.2,184.0,184.0,1,1
2021-07-27,2,AB,0.2,180.0,180.0,1,1
2021-07-27,1,AB,0.3,207.0,179.5,3,0
2021-07-27,2,AB,0.3,211.0,179.5,9,0
2021-07-27,1,AB,0.3,199.0,179.5,7,0
2021-07-27,2,AB,0.3,201.0,179.5,6,0
2021-07-27,2,AB,0.3,184.0,179.5,1,0
2021-07-27,2,AB,0.3,180.0,179.5,1,0
2021-07-27,1,UB,0.1,207.0,200.5,3,3
2021-07-27,2,UB,0.1,211.0,200.5,9,9
2021-07-27,1,UB,0.1,199.0,199.0,7,7
2021-07-27,2,UB,0.1,201.0,200.5,6,6
2021-07-27,2,UB,0.1,184.0,184.0,1,1
2021-07-27,2,UB,0.1,180.0,180.0,1,1
2021-07-27,1,UB,0.2,207.0,190.0,3,3
2021-07-27,2,UB,0.2,211.0,190.0,9,10
2021-07-27,1,UB,0.2,199.0,190.0,7,7
2021-07-27,2,UB,0.2,201.0,190.0,6,6
2021-07-27,2,UB,0.2,184.0,184.0,1,1
2021-07-27,2,UB,0.2,180.0,180.0,1,1
2021-07-27,1,UB,0.3,207.0,179.5,3,0
2021-07-27,2,UB,0.3,211.0,179.5,9,0
2021-07-27,1,UB,0.3,199.0,179.5,7,0
2021-07-27,2,UB,0.3,201.0,179.5,6,0
2021-07-27,2,UB,0.3,184.0,179.5,1,0
2021-07-27,2,UB,0.3,180.0,179.5,1,0
2021-07-28,1,A,0.1,212.0,212.0,15,15
2021-07-28,1,A,0.1,203.0,203.0,7,7
2021-07-28,2,A,0.1,187.0,187.0,3,3
2021-07-28,1,A,0.1,190.0,190.0,4,4
2021-07-28,1,A,0.2,212.0,212.0,15,15
2021-07-28,1,A,0.2,203.0,203.0,7,7
2021-07-28,2,A,0.2,187.0,187.0,3,3
2021-07-28,1,A,0.2,190.0,190.0,4,4
2021-07-28,1,A,0.3,212.0,212.0,15,15
2021-07-28,1,A,0.3,203.0,203.0,7,7
2021-07-28,2,A,0.3,187.0,187.0,3,3
2021-07-28,1,A,0.3,190.0,190.0,4,4
2021-07-28,1,B,0.1,212.0,212.0,15,15
2021-07-28,1,B,0.1,203.0,203.0,7,7
2021-07-28,2,B,0.1,187.0,187.0,3,3
2021-07-28,1,B,0.1,190.0,190.0,4,4
2021-07-28,1,B,0.2,212.0,212.0,15,15
2021-07-28,1,B,0.2,203.0,203.0,7,7
2021-07-28,2,B,0.2,187.0,187.0,3,3
2021-07-28,1,B,0.2,190.0,190.0,4,4
2021-07-28,1,B,0.3,212.0,212.0,15,15
2021-07-28,1,B,0.3,203.0,203.0,7,7
2021-07-28,2,B,0.3,187.0,187.0,3,3
2021-07-28,1,B,0.3,190.0,190.0,4,4
2021-07-28,1,AB,0.1,212.0,212.0,15,15
2021-07-28,1,AB,0.1,203.0,203.0,7,7
2021-07-28,2,AB,0.1,187.0,187.0,3,3
2021-07-28,1,AB,0.1,190.0,190.0,4,4
2021-07-28,1,AB,0.2,212.0,212.0,15,15
2021-07-28,1,AB,0.2,203.0,203.0,7,7
2021-07-28,2,AB,0.2,187.0,187.0,3,3
2021-07-28,1,AB,0.2,190.0,190.0,4,4
2021-07-28,1,AB,0.3,212.0,212.0,15,15
2021-07-28,1,AB,0.3,203.0,203.0,7,7
2021-07-28,2,AB,0.3,187.0,187.0,3,3
2021-07-28,1,AB,0.3,190.0,190.0,4,4
2021-07-28,1,UB,0.1,212.0,202.5,15,15
2021-07-28,1,UB,0.1,203.0,202.5,7,7
2021-07-28,2,UB,0.1,187.0,187.0,3,3
2021-07-28,1,UB,0.1,190.0,190.0,4,4
2021-07-28,1,UB,0.2,212.0,193.0,15,16
2021-07-28,1,UB,0.2,203.0,193.0,7,7
2021-07-28,2,UB,0.2,187.0,187.0,3,3
2021-07-28,1,UB,0.2,190.0,190.0,4,4
2021-07-28,1,UB,0.3,212.0,183.5,15,16
2021-07-28,1,UB,0.3,203.0,183.5,7,7
2021-07-28,2,UB,0.3,187.0,183.5,3,3
2021-07-28,1,UB,0.3,190.0,183.5,4,5
2021-07-29,1,A,0.1,211.0,211.0,14,14
2021-07-29,1,A,0.1,206.0,206.0,6,6
2021-07-29,2,A,0.1,186.0,186.0,1,1
2021-07-29,2,A,0.1,180.0,180.0,1,1
2021-07-29,2,A,0.1,181.0,181.0,1,1
2021-07-29,1,A,0.2,211.0,211.0,14,14
2021-07-29,1,A,0.2,206.0,206.0,6,6
2021-07-29,2,A,0.2,186.0,186.0,1,1
2021-07-29,2,A,0.2,180.0,180.0,1,1
2021-07-29,2,A,0.2,181.0,181.0,1,1
2021-07-29,1,A,0.3,211.0,211.0,14,14
2021-07-29,1,A,0.3,206.0,206.0,6,6
2021-07-29,2,A,0.3,186.0,186.0,1,1
2021-07-29,2,A,0.3,180.0,180.0,1,1
2021-07-29,2,A,0.3,181.0,181.0,1,1
2021-07-29,1,B,0.1,211.0,211.0,14,14
2021-07-29,1,B,0.1,206.0,206.0,6,6
2021-07-29,2,B,0.1,186.0,186.0,1,1
2021-07-29,2,B,0.1,180.0,180.0,1,1
2021-07-29,2,B,0.1,181.0,181.0,1,1
2021-07-29,1,B,0.2,211.0,211.0,14,14
2021-07-29,1,B,0.2,206.0,206.0,6,6
2021-07-29,2,B,0.2,186.0,186.0,1,1
2021-07-29,2,B,0.2,180.0,180.0,1,1
2021-07-29,2,B,0.2,181.0,181.0,1,1
2021-07-29,1,B,0.3,211.0,211.0,14,14
2021-07-29,1,B,0.3,206.0,206.0,6,6
2021-07-29,2,B,0.3,186.0,186.0,1,1
2021-07-29,2,B,0.3,180.0,180.0,1,1
2021-07-29,2,B,0.3,181.0,181.0,1,1
2021-07-29,1,AB,0.1,211.0,211.0,14,14
2021-07-29,1,AB,0.1,206.0,206.0,6,6
2021-07-29,2,AB,0.1,186.0,186.0,1,1
2021-07-29,2,AB,0.1,180.0,180.0,1,1
2021-07-29,2,AB,0.1,181.0,181.0,1,1
2021-07-29,1,AB,0.2,211.0,211.0,14,14
2021-07-29,1,AB,0.2,206.0,206.0,6,6
2021-07-29,2,AB,0.2,186.0,186.0,1,1
2021-07-29,2,AB,0.2,180.0,180.0,1,1
2021-07-29,2,AB,0.2,181.0,181.0,1,1
2021-07-29,1,AB,0.3,211.0,211.0,14,14
2021-07-29,1,AB,0.3,206.0,206.0,6,6
2021-07-29,2,AB,0.3,186.0,186.0,1,1
2021-07-29,2,AB,0.3,180.0,180.0,1,1
2021-07-29,2,AB,0.3,181.0,181.0,1,1
2021-07-29,1,UB,0.1,211.0,200.65,14,14
2021-07-29,1,UB,0.1,206.0,200.65,6,6
2021-07-29,2,UB,0.1,186.0,186.0,1,1
2021-07-29,2,UB,0.1,180.0,180.0,1,1
2021-07-29,2,UB,0.1,181.0,181.0,1,1
2021-07-29,1,UB,0.2,211.0,190.3,14,15
2021-07-29,1,UB,0.2,206.0,190.3,6,6
2021-07-29,2,UB,0.2,186.0,186.0,1,1
2021-07-29,2,UB,0.2,180.0,180.0,1,1
2021-07-29,2,UB,0.2,181.0,181.0,1,1
2021-07-29,1,UB,0.3,211.0,179.95,14,0
2021-07-29,1,UB,0.3,206.0,179.95,6,0
2021-07-29,2,UB,0.3,186.0,179.95,1,0
2021-07-29,2,UB,0.3,180.0,179.95,1,0
2021-07-29,2,UB,0.3,181.0,179.95,1,0
2021-07-30,1,A,0.1,212.0,212.0,15,15
2021-07-30,1,A,0.1,203.0,203.0,7,7
2021-07-30,2,A,0.1,187.0,187.0,3,3
2021-07-30,1,A,0.1,190.0,190.0,4,4
2021-07-30,1,A,0.2,212.0,212.0,15,15
2021-07-30,1,A,0.2,203.0,203.0,7,7
2021-07-30,2,A,0.2,187.0,187.0,3,3
2021-07-30,1,A,0.2,190.0,190.0,4,4
2021-07-30,1,A,0.3,212.0,212.0,15,15
2021-07-30,1,A,0.3,203.0,203.0,7,7
2021-07-30,2,A,0.3,187.0,187.0,3,3
2021-07-30,1,A,0.3,190.0,190.0,4,4
2021-07-30,1,B,0.1,212.0,212.0,15,15
2021-07-30,1,B,0.1,203.0,203.0,7,7
2021-07-30,2,B,0.1,187.0,187.0,3,3
2021-07-30,1,B,0.1,190.0,190.0,4,4
2021-07-30,1,B,0.2,212.0,212.0,15,15
2021-07-30,1,B,0.2,203.0,203.0,7,7
2021-07-30,2,B,0.2,187.0,187.0,3,3
2021-07-30,1,B,0.2,190.0,190.0,4,4
2021-07-30,1,B,0.3,212.0,212.0,15,15
2021-07-30,1,B,0.3,203.0,203.0,7,7
2021-07-30,2,B,0.3,187.0,187.0,3,3
2021-07-30,1,B,0.3,190.0,190.0,4,4
2021-07-30,1,AB,0.1,212.0,212.0,15,15
2021-07-30,1,AB,0.1,203.0,203.0,7,7
2021-07-30,2,AB,0.1,187.0,187.0,3,3
2021-07-30,1,AB,0.1,190.0,190.0,4,4
2021-07-30,1,AB,0.2,212.0,212.0,15,15
2021-07-30,1,AB,0.2,203.0,203.0,7,7
2021-07-30,2,AB,0.2,187.0,187.0,3,3
2021-07-30,1,AB,0.2,190.0,190.0,4,4
2021-07-30,1,AB,0.3,212.0,212.0,15,15
2021-07-30,1,AB,0.3,203.0,203.0,7,7
2021-07-30,2,AB,0.3,187.0,187.0,3,3
2021-07-30,1,AB,0.3,190.0,190.0,4,4
2021-07-30,1,UB,0.1,212.0,202.5,15,15
2021-07-30,1,UB,0.1,203.0,202.5,7,7
2021-07-30,2,UB,0.1,187.0,187.0,3,3
2021-07-30,1,UB,0.1,190.0,190.0,4,4
2021-07-30,1,UB,0.2,212.0,193.0,15,16
2021-07-30,1,UB,0.2,203.0,193.0,7,7
2021-07-30,2,UB,0.2,187.0,187.0,3,3
2021-07-30,1,UB,0.2,190.0,190.0,4,4
2021-07-30,1,UB,0.3,212.0,183.5,15,16
2021-07-30,1,UB,0.3,203.0,183.5,7,7
2021-07-30,2,UB,0.3,187.0,183.5,3,3
2021-07-30,1,UB,0.3,190.0,183.5,4,5
2021-08-09,1,A,0.1,215.0,201.0,13,13
2021-08-09,1,A,0.1,200.0,200.0,4,4
2021-08-09,2,A,0.1,191.0,191.0,4,4
2021-08-09,1,A,0.2,215.0,201.0,13,13
2021-08-09,1,A,0.2,200.0,200.0,4,4
2021-08-09,2,A,0.2,191.0,191.0,4,4
2021-08-09,1,A,0.3,215.0,201.0,13,13
2021-08-09,1,A,0.3,200.0,200.0,4,4
2021-08-09,2,A,0.3,191.0,191.0,4,4
2021-08-09,1,B,0.1,215.0,215.0,13,13
2021-08-09,1,B,0.1,200.0,200.0,4,4
2021-08-09,2,B,0.1,191.0,191.0,4,4
2021-08-09,1,B,0.2,215.0,215.0,13,13
2021-08-09,1,B,0.2,200.0,200.0,4,4
2021-08-09,2,B,0.2,191.0,191.0,4,4
2021-08-09,1,B,0.3,215.0,215.0,13,13
2021-08-09,1,B,0.3,200.0,200.0,4,4
2021-08-09,2,B,0.3,191.0,191.0,4,4
2021-08-09,1,AB,0.1,215.0,201.0,13,13
2021-08-09,1,AB,0.1,200.0,200.0,4,4
2021-08-09,2,AB,0.1,191.0,191.0,4,4
2021-08-09,1,AB,0.2,215.0,201.0,13,13
2021-08-09,1,AB,0.2,200.0,200.0,4,4
2021-08-09,2,AB,0.2,191.0,191.0,4,4
2021-08-09,1,AB,0.3,215.0,201.0,13,13
2021-08-09,1,AB,0.3,200.0,200.0,4,4
2021-08-09,2,AB,0.3,191.0,191.0,4,4
2021-08-09,1,UB,0.1,215.0,195.6,13,13
2021-08-09,1,UB,0.1,200.0,195.6,4,4
2021-08-09,2,UB,0.1,191.0,191.0,4,4
2021-08-09,1,UB,0.2,215.0,176.2,13,0
2021-08-09,1,UB,0.2,200.0,176.2,4,0
2021-08-09,2,UB,0.2,191.0,176.2,4,0
2021-08-09,1,UB,0.3,215.0,156.8,13,0
2021-08-09,1,UB,0.3,200.0,156.8,4,0
2021-08-09,2,UB,0.3,191.0,156.8,4,0
2021-08-10,1,A,0.1,195.0,192.0,13,13
2021-08-10,1,A,0.1,190.0,190.0,4,4
2021-08-10,2,A,0.1,182.0,182.0,2,2
2021-08-10,1,A,0.2,195.0,192.0,13,13
2021-08-10,1,A,0.2,190.0,190.0,4,4
2021-08-10,2,A,0.2,182.0,182.0,2,2
2021-08-10,1,A,0.3,195.0,192.0,13,13
2021-08-10,1,A,0.3,190.0,190.0,4,4
2021-08-10,2,A,0.3,182.0,182.0,2,2
2021-08-10,1,B,0.1,195.0,195.0,13,13
2021-08-10,1,B,0.1,190.0,190.0,4,4
2021-08-10,2,B,0.1,182.0,182.0,2,2
2021-08-10,1,B,0.2,195.0,195.0,13,13
2021-08-10,1,B,0.2,190.0,190.0,4,4
2021-08-10,2,B,0.2,182.0,182.0,2,2
2021-08-10,1,B,0.3,195.0,195.0,13,13
2021-08-10,1,B,0.3,190.0,190.0,4,4
2021-08-10,2,B,0.3,182.0,182.0,2,2
2021-08-10,1,AB,0.1,195.0,192.0,13,13
2021-08-10,1,AB,0.1,190.0,190.0,4,4
2021-08-10,2,AB,0.1,182.0,182.0,2,2
2021-08-10,1,AB,0.2,195.0,192.0,13,13
2021-08-10,1,AB,0.2,190.0,190.0,4,4
2021-08-10,2,AB,0.2,182.0,182.0,2,2
2021-08-10,1,AB,0.3,195.0,192.0,13,13
2021-08-10,1,AB,0.3,190.0,190.0,4,4
2021-08-10,2,AB,0.3,182.0,182.0,2,2
2021-08-10,1,UB,0.1,195.0,185.15,13,14
2021-08-10,1,UB,0.1,190.0,185.15,4,4
2021-08-10,2,UB,0.1,182.0,182.0,2,2
2021-08-10,1,UB,0.2,195.0,175.3,13,0
2021-08-10,1,UB,0.2,190.0,175.3,4,0
2021-08-10,2,UB,0.2,182.0,175.3,2,0
2021-08-10,1,UB,0.3,195.0,165.45,13,0
2021-08-10,1,UB,0.3,190.0,165.45,4,0
2021-08-10,2,UB,0.3,182.0,165.45,2,0
2021-08-11,1,A,0.1,218.0,206.4,4,4
2021-08-11,2,A,0.1,192.0,192.0,4,4
2021-08-11,2,A,0.1,192.0,192.0,2,2
2021-08-11,1,A,0.1,207.0,206.4,4,4
2021-08-11,2,A,0.1,187.0,187.0,3,3
2021-08-11,2,A,0.1,194.0,194.0,2,2
2021-08-11,1,A,0.2,218.0,194.8,4,4
2021-08-11,2,A,0.2,192.0,192.0,4,4
2021-08-11,2,A,0.2,192.0,192.0,2,2
2021-08-11,1,A,0.2,207.0,194.8,4,4
2021-08-11,2,A,0.2,187.0,187.0,3,3
2021-08-11,2,A,0.2,194.0,194.0,2,2
2021-08-11,1,A,0.3,218.0,194.0,4,4
2021-08-11,2,A,0.3,192.0,192.0,4,4
2021-08-11,2,A,0.3,192.0,192.0,2,2
2021-08-11,1,A,0.3,207.0,194.0,4,4
2021-08-11,2,A,0.3,187.0,187.0,3,3
2021-08-11,2,A,0.3,194.0,194.0,2,2
2021-08-11,1,B,0.1,218.0,218.0,4,4
2021-08-11,2,B,0.1,192.0,192.0,4,4
2021-08-11,2,B,0.1,192.0,192.0,2,2
2021-08-11,1,B,0.1,207.0,207.0,4,4
2021-08-11,2,B,0.1,187.0,187.0,3,3
2021-08-11,2,B,0.1,194.0,194.0,2,2
2021-08-11,1,B,0.2,218.0,218.0,4,4
2021-08-11,2,B,0.2,192.0,192.0,4,4
2021-08-11,2,B,0.2,192.0,192.0,2,2
2021-08-11,1,B,0.2,207.0,207.0,4,4
2021-08-11,2,B,0.2,187.0,187.0,3,3
2021-08-11,2,B,0.2,194.0,194.0,2,2
2021-08-11,1,B,0.3,218.0,218.0,4,4
2021-08-11,2,B,0.3,192.0,192.0,4,4
2021-08-11,2,B,0.3,192.0,192.0,2,2
2021-08-11,1,B,0.3,207.0,207.0,4,4
2021-08-11,2,B,0.3,187.0,187.0,3,3
2021-08-11,2,B,0.3,194.0,194.0,2,2
2021-08-11,1,AB,0.1,218.0,206.4,4,4
2021-08-11,2,AB,0.1,192.0,192.0,4,4
2021-08-11,2,AB,0.1,192.0,192.0,2,2
2021-08-11,1,AB,0.1,207.0,206.4,4,4
2021-08-11,2,AB,0.1,187.0,187.0,3,3
2021-08-11,2,AB,0.1,194.0,194.0,2,2
2021-08-11,1,AB,0.2,218.0,194.8,4,4
2021-08-11,2,AB,0.2,192.0,192.0,4,4
2021-08-11,2,AB,0.2,192.0,192.0,2,2
2021-08-11,1,AB,0.2,207.0,194.8,4,4
2021-08-11,2,AB,0.2,187.0,187.0,3,3
2021-08-11,2,AB,0.2,194.0,194.0,2,2
2021-08-11,1,AB,0.3,218.0,183.2,4,4
2021-08-11,2,AB,0.3,192.0,183.2,4,4
2021-08-11,2,AB,0.3,192.0,183.2,2,2
2021-08-11,1,AB,0.3,207.0,183.2,4,4
2021-08-11,2,AB,0.3,187.0,183.2,3,3
2021-08-11,2,AB,0.3,194.0,183.2,2,2
2021-08-11,1,UB,0.1,218.0,206.4,4,4
2021-08-11,2,UB,0.1,192.0,192.0,4,4
2021-08-11,2,UB,0.1,192.0,192.0,2,2
2021-08-11,1,UB,0.1,207.0,206.4,4,4
2021-08-11,2,UB,0.1,187.0,187.0,3,3
2021-08-11,2,UB,0.1,194.0,194.0,2,2
2021-08-11,1,UB,0.2,218.0,194.8,4,4
2021-08-11,2,UB,0.2,192.0,192.0,4,4
2021-08-11,2,UB,0.2,192.0,192.0,2,2
2021-08-11,1,UB,0.2,207.0,194.8,4,4
2021-08-11,2,UB,0.2,187.0,187.0,3,3
2021-08-11,2,UB,0.2,194.0,194.0,2,2
2021-08-11,1,UB,0.3,218.0,183.2,4,4
2021-08-11,2,UB,0.3,192.0,183.2,4,5
2021-08-11,2,UB,0.3,192.0,183.2,2,2
2021-08-11,1,UB,0.3,207.0,183.2,4,4
2021-08-11,2,UB,0.3,187.0,183.2,3,3
2021-08-11,2,UB,0.3,194.0,183.2,2,2
2021-08-12,1,A,0.1,196.0,196.0,6,6
2021-08-12,2,A,0.1,186.0,186.0,2,2
2021-08-12,2,A,0.1,199.0,199.0,2,2
2021-08-12,1,A,0.1,193.0,193.0,5,5
2021-08-12,2,A,0.1,197.0,197.0,2,2
2021-08-12,2,A,0.1,182.0,182.0,1,1
2021-08-12,1,A,0.2,196.0,196.0,6,6
2021-08-12,2,A,0.2,186.0,186.0,2,2
2021-08-12,2,A,0.2,199.0,199.0,2,2
2021-08-12,1,A,0.2,193.0,193.0,5,5
2021-08-12,2,A,0.2,197.0,197.0,2,2
2021-08-12,2,A,0.2,182.0,182.0,1,1
2021-08-12,1,A,0.3,196.0,196.0,6,6
2021-08-12,2,A,0.3,186.0,186.0,2,2
2021-08-12,2,A,0.3,199.0,199.0,2,2
2021-08-12,1,A,0.3,193.0,193.0,5,5
2021-08-12,2,A,0.3,197.0,197.0,2,2
2021-08-12,2,A,0.3,182.0,182.0,1,1
2021-08-12,1,B,0.1,196.0,196.0,6,6
2021-08-12,2,B,0.1,186.0,186.0,2,2
2021-08-12,2,B,0.1,199.0,196.0,2,2
2021-08-12,1,B,0.1,193.0,193.0,5,5
2021-08-12,2,B,0.1,197.0,196.0,2,2
2021-08-12,2,B,0.1,182.0,182.0,1,1
2021-08-12,1,B,0.2,196.0,196.0,6,6
2021-08-12,2,B,0.2,186.0,186.0,2,2
2021-08-12,2,B,0.2,199.0,196.0,2,2
2021-08-12,1,B,0.2,193.0,193.0,5,5
2021-08-12,2,B,0.2,197.0,196.0,2,2
2021-08-12,2,B,0.2,182.0,182.0,1,1
2021-08-12,1,B,0.3,196.0,196.0,6,6
2021-08-12,2,B,0.3,186.0,186.0,2,2
2021-08-12,2,B,0.3,199.0,196.0,2,2
2021-08-12,1,B,0.3,193.0,193.0,5,5
2021-08-12,2,B,0.3,197.0,196.0,2,2
2021-08-12,2,B,0.3,182.0,182.0,1,1
2021-08-12,1,AB,0.1,196.0,189.4,6,6
2021-08-12,2,AB,0.1,186.0,186.0,2,2
2021-08-12,2,AB,0.1,199.0,189.4,2,2
2021-08-12,1,AB,0.1,193.0,189.4,5,5
2021-08-12,2,AB,0.1,197.0,189.4,2,2
2021-08-12,2,AB,0.1,182.0,182.0,1,1
2021-08-12,1,AB,0.2,196.0,179.8,6,0
2021-08-12,2,AB,0.2,186.0,179.8,2,0
2021-08-12,2,AB,0.2,199.0,179.8,2,0
2021-08-12,1,AB,0.2,193.0,179.8,5,0
2021-08-12,2,AB,0.2,197.0,179.8,2,0
2021-08-12,2,AB,0.2,182.0,179.8,1,0
2021-08-12,1,AB,0.3,196.0,177.0,6,0
2021-08-12,2,AB,0.3,186.0,177.0,2,0
2021-08-12,2,AB,0.3,199.0,177.0,2,0
2021-08-12,1,AB,0.3,193.0,177.0,5,0
2021-08-12,2,AB,0.3,197.0,177.0,2,0
2021-08-12,2,AB,0.3,182.0,177.0,1,0
2021-08-12,1,UB,0.1,196.0,189.4,6,6
2021-08-12,2,UB,0.1,186.0,186.0,2,2
2021-08-12,2,UB,0.1,199.0,189.4,2,2
2021-08-12,1,UB,0.1,193.0,189.4,5,5
2021-08-12,2,UB,0.1,197.0,189.4,2,2
2021-08-12,2,UB,0.1,182.0,182.0,1,1
2021-08-12,1,UB,0.2,196.0,179.8,6,0
2021-08-12,2,UB,0.2,186.0,179.8,2,0
2021-08-12,2,UB,0.2,199.0,179.8,2,0
2021-08-12,1,UB,0.2,193.0,179.8,5,0
2021-08-12,2,UB,0.2,197.0,179.8,2,0
2021-08-12,2,UB,0.2,182.0,179.8,1,0
2021-08-12,1,UB,0.3,196.0,170.2,6,0
2021-08-12,2,UB,0.3,186.0,170.2,2,0
2021-08-12,2,UB,0.3,199.0,170.2,2,0
2021-08-12,1,UB,0.3,193.0,170.2,5,0
2021-08-12,2,UB,0.3,197.0,170.2,2,0
2021-08-12,2,UB,0.3,182.0,170.2,1,0
2021-08-13,1,A,0.1,207.0,204.0,15,15
2021-08-13,1,A,0.1,200.0,200.0,6,6
2021-08-13,2,A,0.1,195.0,195.0,5,5
2021-08-13,1,A,0.2,207.0,204.0,15,15
2021-08-13,1,A,0.2,200.0,200.0,6,6
2021-08-13,2,A,0.2,195.0,195.0,5,5
2021-08-13,1,A,0.3,207.0,204.0,15,15
2021-08-13,1,A,0.3,200.0,200.0,6,6
2021-08-13,2,A,0.3,195.0,195.0,5,5
2021-08-13,1,B,0.1,207.0,207.0,15,15
2021-08-13,1,B,0.1,200.0,200.0,6,6
2021-08-13,2,B,0.1,195.0,195.0,5,5
2021-08-13,1,B,0.2,207.0,207.0,15,15
2021-08-13,1,B,0.2,200.0,200.0,6,6
2021-08-13,2,B,0.2,195.0,195.0,5,5
2021-08-13,1,B,0.3,207.0,207.0,15,15
2021-08-13,1,B,0.3,200.0,200.0,6,6
2021-08-13,2,B,0.3,195.0,195.0,5,5
2021-08-13,1,AB,0.1,207.0,204.0,15,15
2021-08-13,1,AB,0.1,200.0,200.0,6,6
2021-08-13,2,AB,0.1,195.0,195.0,5,5
2021-08-13,1,AB,0.2,207.0,204.0,15,15
2021-08-13,1,AB,0.2,200.0,200.0,6,6
2021-08-13,2,AB,0.2,195.0,195.0,5,5
2021-08-13,1,AB,0.3,207.0,204.0,15,15
2021-08-13,1,AB,0.3,200.0,200.0,6,6
2021-08-13,2,AB,0.3,195.0,195.0,5,5
2021-08-13,1,UB,0.1,207.0,196.9,15,15
2021-08-13,1,UB,0.1,200.0,196.9,6,6
2021-08-13,2,UB,0.1,195.0,195.0,5,5
2021-08-13,1,UB,0.2,207.0,186.8,15,16
2021-08-13,1,UB,0.2,200.0,186.8,6,7
2021-08-13,2,UB,0.2,195.0,186.8,5,5
2021-08-13,1,UB,0.3,207.0,176.7,15,0
2021-08-13,1,UB,0.3,200.0,176.7,6,0
2021-08-13,2,UB,0.3,195.0,176.7,5,0
2021-08-16,1,A,0.1,190.0,173.15,6,0
2021-08-16,1,A,0.2,190.0,170.0,6,0
2021-08-16,1,A,0.3,190.0,170.0,6,0
2021-08-16,1,B,0.1,190.0,190.0,6,6
2021-08-16,1,B,0.2,190.0,190.0,6,6
2021-08-16,1,B,0.3,190.0,190.0,6,6
2021-08-16,1,AB,0.1,190.0,173.15,6,0
2021-08-16,1,AB,0.2,190.0,170.0,6,0
2021-08-16,1,AB,0.3,190.0,170.0,6,0
2021-08-16,1,UB,0.1,190.0,173.15,6,0
2021-08-16,1,UB,0.2,190.0,156.3,6,0
2021-08-16,1,UB,0.3,190.0,139.45,6,0
2021-08-18,2,A,0.1,183.0,183.0,1,1
2021-08-18,2,A,0.1,185.0,185.0,2,2
2021-08-18,2,A,0.1,188.0,188.0,2,2
2021-08-18,2,A,0.1,186.0,186.0,1,1
2021-08-18,2,A,0.2,183.0,183.0,1,1
2021-08-18,2,A,0.2,185.0,185.0,2,2
2021-08-18,2,A,0.2,188.0,188.0,2,2
2021-08-18,2,A,0.2,186.0,186.0,1,1
2021-08-18,2,A,0.3,183.0,183.0,1,1
2021-08-18,2,A,0.3,185.0,185.0,2,2
2021-08-18,2,A,0.3,188.0,188.0,2,2
2021-08-18,2,A,0.3,186.0,186.0,1,1
2021-08-18,2,B,0.1,183.0,178.6,1,0
2021-08-18,2,B,0.1,185.0,178.6,2,0
2021-08-18,2,B,0.1,188.0,178.6,2,0
2021-08-18,2,B,0.1,186.0,178.6,1,0
2021-08-18,2,B,0.2,183.0,177.0,1,0
2021-08-18,2,B,0.2,185.0,177.0,2,0
2021-08-18,2,B,0.2,188.0,177.0,2,0
2021-08-18,2,B,0.2,186.0,177.0,1,0
2021-08-18,2,B,0.3,183.0,177.0,1,0
2021-08-18,2,B,0.3,185.0,177.0,2,0
2021-08-18,2,B,0.3,188.0,177.0,2,0
2021-08-18,2,B,0.3,186.0,177.0,1,0
2021-08-18,2,AB,0.1,183.0,178.6,1,0
2021-08-18,2,AB,0.1,185.0,178.6,2,0
2021-08-18,2,AB,0.1,188.0,178.6,2,0
2021-08-18,2,AB,0.1,186.0,178.6,1,0
2021-08-18,2,AB,0.2,183.0,177.0,1,0
2021-08-18,2,AB,0.2,185.0,177.0,2,0
2021-08-18,2,AB,0.2,188.0,177.0,2,0
2021-08-18,2,AB,0.2,186.0,177.0,1,0
2021-08-18,2,AB,0.3,183.0,177.0,1,0
2021-08-18,2,AB,0.3,185.0,177.0,2,0
2021-08-18,2,AB,0.3,188.0,177.0,2,0
2021-08-18,2,AB,0.3,186.0,177.0,1,0
2021-08-18,2,UB,0.1,183.0,178.6,1,0
2021-08-18,2,UB,0.1,185.0,178.6,2,0
2021-08-18,2,UB,0.1,188.0,178.6,2,0
2021-08-18,2,UB,0.1,186.0,178.6,1,0
2021-08-18,2,UB,0.2,183.0,169.2,1,0
2021-08-18,2,UB,0.2,185.0,169.2,2,0
2021-08-18,2,UB,0.2,188.0,169.2,2,0
2021-08-18,2,UB,0.2,186.0,169.2,1,0
2021-08-18,2,UB,0.3,183.0,159.8,1,0
2021-08-18,2,UB,0.3,185.0,159.8,2,0
2021-08-18,2,UB,0.3,188.0,159.8,2,0
2021-08-18,2,UB,0.3,186.0,159.8,1,0
2021-08-19,2,A,0.1,185.0,185.0,1,1
2021-08-19,2,A,0.1,182.0,182.0,1,1
2021-08-19,2,A,0.1,188.0,188.0,1,1
2021-08-19,2,A,0.1,184.0,184.0,1,1
2021-08-19,2,A,0.1,185.0,185.0,1,1
2021-08-19,2,A,0.2,185.0,185.0,1,1
2021-08-19,2,A,0.2,182.0,182.0,1,1
2021-08-19,2,A,0.2,188.0,188.0,1,1
2021-08-19,2,A,0.2,184.0,184.0,1,1
2021-08-19,2,A,0.2,185.0,185.0,1,1
2021-08-19,2,A,0.3,185.0,185.0,1,1
2021-08-19,2,A,0.3,182.0,182.0,1,1
2021-08-19,2,A,0.3,188.0,188.0,1,1
2021-08-19,2,A,0.3,184.0,184.0,1,1
2021-08-19,2,A,0.3,185.0,185.0,1,1
2021-08-19,2,B,0.1,185.0,179.3,1,0
2021-08-19,2,B,0.1,182.0,179.3,1,0
2021-08-19,2,B,0.1,188.0,179.3,1,0
2021-08-19,2,B,0.1,184.0,179.3,1,0
2021-08-19,2,B,0.1,185.0,179.3,1,0
2021-08-19,2,B,0.2,185.0,178.0,1,0
2021-08-19,2,B,0.2,182.0,178.0,1,0
2021-08-19,2,B,0.2,188.0,178.0,1,0
2021-08-19,2,B,0.2,184.0,178.0,1,0
2021-08-19,2,B,0.2,185.0,178.0,1,0
2021-08-19,2,B,0.3,185.0,178.0,1,0
2021-08-19,2,B,0.3,182.0,178.0,1,0
2021-08-19,2,B,0.3,188.0,178.0,1,0
2021-08-19,2,B,0.3,184.0,178.0,1,0
2021-08-19,2,B,0.3,185.0,178.0,1,0
2021-08-19,2,AB,0.1,185.0,179.3,1,0
2021-08-19,2,AB,0.1,182.0,179.3,1,0
2021-08-19,2,AB,0.1,188.0,179.3,1,0
2021-08-19,2,AB,0.1,184.0,179.3,1,0
2021-08-19,2,AB,0.1,185.0,179.3,1,0
2021-08-19,2,AB,0.2,185.0,178.0,1,0
2021-08-19,2,AB,0.2,182.0,178.0,1,0
2021-08-19,2,AB,0.2,188.0,178.0,1,0
2021-08-19,2,AB,0.2,184.0,178.0,1,0
2021-08-19,2,AB,0.2,185.0,178.0,1,0
2021-08-19,2,AB,0.3,185.0,178.0,1,0
2021-08-19,2,AB,0.3,182.0,178.0,1,0
2021-08-19,2,AB,0.3,188.0,178.0,1,0
2021-08-19,2,AB,0.3,184.0,178.0,1,0
2021-08-19,2,AB,0.3,185.0,178.0,1,0
2021-08-19,2,UB,0.1,185.0,179.3,1,0
2021-08-19,2,UB,0.1,182.0,179.3,1,0
2021-08-19,2,UB,0.1,188.0,179.3,1,0
2021-08-19,2,UB,0.1,184.0,179.3,1,0
2021-08-19,2,UB,0.1,185.0,179.3,1,0
2021-08-19,2,UB,0.2,185.0,170.6,1,0
2021-08-19,2,UB,0.2,182.0,170.6,1,0
2021-08-19,2,UB,0.2,188.0,170.6,1,0
2021-08-19,2,UB,0.2,184.0,170.6,1,0
2021-08-19,2,UB,0.2,185.0,170.6,1,0
2021-08-19,2,UB,0.3,185.0,161.9,1,0
2021-08-19,2,UB,0.3,182.0,161.9,1,0
2021-08-19,2,UB,0.3,188.0,161.9,1,0
2021-08-19,2,UB,0.3,184.0,161.9,1,0
2021-08-19,2,UB,0.3,185.0,161.9,1,0
2021-08-20,2,A,0.1,193.0,193.0,4,4
2021-08-20,1,A,0.1,180.0,180.0,1,1
2021-08-20,2,A,0.1,184.0,184.0,1,1
2021-08-20,2,A,0.2,193.0,193.0,4,4
2021-08-20,1,A,0.2,180.0,180.0,1,1
2021-08-20,2,A,0.2,184.0,184.0,1,1
2021-08-20,2,A,0.3,193.0,193.0,4,4
2021-08-20,1,A,0.3,180.0,180.0,1,1
2021-08-20,2,A,0.3,184.0,184.0,1,1
2021-08-20,2,B,0.1,193.0,183.8,4,4
2021-08-20,1,B,0.1,180.0,180.0,1,1
2021-08-20,2,B,0.1,184.0,183.8,1,1
2021-08-20,2,B,0.2,193.0,180.0,4,4
2021-08-20,1,B,0.2,180.0,180.0,1,1
2021-08-20,2,B,0.2,184.0,180.0,1,1
2021-08-20,2,B,0.3,193.0,180.0,4,4
2021-08-20,1,B,0.3,180.0,180.0,1,1
2021-08-20,2,B,0.3,184.0,180.0,1,1
2021-08-20,2,AB,0.1,193.0,183.8,4,4
2021-08-20,1,AB,0.1,180.0,180.0,1,1
2021-08-20,2,AB,0.1,184.0,183.8,1,1
2021-08-20,2,AB,0.2,193.0,179.0,4,0
2021-08-20,1,AB,0.2,180.0,179.0,1,0
2021-08-20,2,AB,0.2,184.0,179.0,1,0
2021-08-20,2,AB,0.3,193.0,179.0,4,0
2021-08-20,1,AB,0.3,180.0,179.0,1,0
2021-08-20,2,AB,0.3,184.0,179.0,1,0
2021-08-20,2,UB,0.1,193.0,183.8,4,4
2021-08-20,1,UB,0.1,180.0,180.0,1,1
2021-08-20,2,UB,0.1,184.0,183.8,1,1
2021-08-20,2,UB,0.2,193.0,174.6,4,0
2021-08-20,1,UB,0.2,180.0,174.6,1,0
2021-08-20,2,UB,0.2,184.0,174.6,1,0
2021-08-20,2,UB,0.3,193.0,165.4,4,0
2021-08-20,1,UB,0.3,180.0,165.4,1,0
2021-08-20,2,UB,0.3,184.0,165.4,1,0
2021-08-23,1,A,0.1,187.0,187.0,6,6
2021-08-23,2,A,0.1,191.0,191.0,3,3
2021-08-23,1,A,0.1,196.0,196.0,10,10
2021-08-23,1,A,0.2,187.0,187.0,6,6
2021-08-23,2,A,0.2,191.0,191.0,3,3
2021-08-23,1,A,0.2,196.0,196.0,10,10
2021-08-23,1,A,0.3,187.0,187.0,6,6
2021-08-23,2,A,0.3,191.0,191.0,3,3
2021-08-23,1,A,0.3,196.0,196.0,10,10
2021-08-23,1,B,0.1,187.0,187.0,6,6
2021-08-23,2,B,0.1,191.0,191.0,3,3
2021-08-23,1,B,0.1,196.0,196.0,10,10
2021-08-23,1,B,0.2,187.0,187.0,6,6
2021-08-23,2,B,0.2,191.0,191.0,3,3
2021-08-23,1,B,0.2,196.0,196.0,10,10
2021-08-23,1,B,0.3,187.0,187.0,6,6
2021-08-23,2,B,0.3,191.0,191.0,3,3
2021-08-23,1,B,0.3,196.0,196.0,10,10
2021-08-23,1,AB,0.1,187.0,187.0,6,6
2021-08-23,2,AB,0.1,191.0,191.0,3,3
2021-08-23,1,AB,0.1,196.0,196.0,10,10
2021-08-23,1,AB,0.2,187.0,187.0,6,6
2021-08-23,2,AB,0.2,191.0,191.0,3,3
2021-08-23,1,AB,0.2,196.0,196.0,10,10
2021-08-23,1,AB,0.3,187.0,187.0,6,6
2021-08-23,2,AB,0.3,191.0,191.0,3,3
2021-08-23,1,AB,0.3,196.0,196.0,10,10
2021-08-23,1,UB,0.1,187.0,178.6,6,0
2021-08-23,2,UB,0.1,191.0,178.6,3,0
2021-08-23,1,UB,0.1,196.0,178.6,10,0
2021-08-23,1,UB,0.2,187.0,161.2,6,0
2021-08-23,2,UB,0.2,191.0,161.2,3,0
2021-08-23,1,UB,0.2,196.0,161.2,10,0
2021-08-23,1,UB,0.3,187.0,151.75,6,0
2021-08-23,2,UB,0.3,191.0,151.75,3,0
2021-08-23,1,UB,0.3,196.0,151.75,10,0
2021-08-24,1,A,0.1,196.0,196.0,7,7
2021-08-24,2,A,0.1,188.0,188.0,3,3
2021-08-24,1,A,0.1,190.0,190.0,6,6
2021-08-24,2,A,0.1,201.0,201.0,5,5
2021-08-24,1,A,0.2,196.0,196.0,7,7
2021-08-24,2,A,0.2,188.0,188.0,3,3
2021-08-24,1,A,0.2,190.0,190.0,6,6
2021-08-24,2,A,0.2,201.0,201.0,5,5
2021-08-24,1,A,0.3,196.0,196.0,7,7
2021-08-24,2,A,0.3,188.0,188.0,3,3
2021-08-24,1,A,0.3,190.0,190.0,6,6
2021-08-24,2,A,0.3,201.0,201.0,5,5
2021-08-24,1,B,0.1,196.0,196.0,7,7
2021-08-24,2,B,0.1,188.0,188.0,3,3
2021-08-24,1,B,0.1,190.0,190.0,6,6
2021-08-24,2,B,0.1,201.0,196.0,5,5
2021-08-24,1,B,0.2,196.0,196.0,7,7
2021-08-24,2,B,0.2,188.0,188.0,3,3
2021-08-24,1,B,0.2,190.0,190.0,6,6
2021-08-24,2,B,0.2,201.0,196.0,5,5
2021-08-24,1,B,0.3,196.0,196.0,7,7
2021-08-24,2,B,0.3,188.0,188.0,3,3
2021-08-24,1,B,0.3,190.0,190.0,6,6
2021-08-24,2,B,0.3,201.0,196.0,5,5
2021-08-24,1,AB,0.1,196.0,191.45,7,7
2021-08-24,2,AB,0.1,188.0,188.0,3,3
2021-08-24,1,AB,0.1,190.0,190.0,6,6
2021-08-24,2,AB,0.1,201.0,191.45,5,5
2021-08-24,1,AB,0.2,196.0,181.9,7,7
2021-08-24,2,AB,0.2,188.0,181.9,3,3
2021-08-24,1,AB,0.2,190.0,181.9,6,6
2021-08-24,2,AB,0.2,201.0,181.9,5,5
2021-08-24,1,AB,0.3,196.0,181.0,7,7
2021-08-24,2,AB,0.3,188.0,181.0,3,3
2021-08-24,1,AB,0.3,190.0,181.0,6,6
2021-08-24,2,AB,0.3,201.0,181.0,5,5
2021-08-24,1,UB,0.1,196.0,191.45,7,7
2021-08-24,2,UB,0.1,188.0,188.0,3,3
2021-08-24,1,UB,0.1,190.0,190.0,6,6
2021-08-24,2,UB,0.1,201.0,191.45,5,5
2021-08-24,1,UB,0.2,196.0,181.9,7,8
2021-08-24,2,UB,0.2,188.0,181.9,3,3
2021-08-24,1,UB,0.2,190.0,181.9,6,6
2021-08-24,2,UB,0.2,201.0,181.9,5,5
2021-08-24,1,UB,0.3,196.0,172.35,7,0
2021-08-24,2,UB,0.3,188.0,172.35,3,0
2021-08-24,1,UB,0.3,190.0,172.35,6,0
2021-08-24,2,UB,0.3,201.0,172.35,5,0
2021-08-25,2,A,0.1,182.0,182.0,1,1
2021-08-25,2,A,0.1,181.0,181.0,1,1
2021-08-25,2,A,0.1,189.0,189.0,2,2
2021-08-25,2,A,0.1,184.0,184.0,1,1
2021-08-25,1,A,0.1,180.0,180.0,1,1
2021-08-25,2,A,0.1,184.0,184.0,2,2
2021-08-25,2,A,0.1,180.0,180.0,1,1
2021-08-25,2,A,0.2,182.0,182.0,1,1
2021-08-25,2,A,0.2,181.0,181.0,1,1
2021-08-25,2,A,0.2,189.0,189.0,2,2
2021-08-25,2,A,0.2,184.0,184.0,1,1
2021-08-25,1,A,0.2,180.0,180.0,1,1
2021-08-25,2,A,0.2,184.0,184.0,2,2
2021-08-25,2,A,0.2,180.0,180.0,1,1
2021-08-25,2,A,0.3,182.0,182.0,1,1
2021-08-25,2,A,0.3,181.0,181.0,1,1
2021-08-25,2,A,0.3,189.0,189.0,2,2
2021-08-25,2,A,0.3,184.0,184.0,1,1
2021-08-25,1,A,0.3,180.0,180.0,1,1
2021-08-25,2,A,0.3,184.0,184.0,2,2
2021-08-25,2,A,0.3,180.0,180.0,1,1
2021-08-25,2,B,0.1,182.0,180.65,1,1
2021-08-25,2,B,0.1,181.0,180.65,1,1
2021-08-25,2,B,0.1,189.0,180.65,2,2
2021-08-25,2,B,0.1,184.0,180.65,1,1
2021-08-25,1,B,0.1,180.0,180.0,1,1
2021-08-25,2,B,0.1,184.0,180.65,2,2
2021-08-25,2,B,0.1,180.0,180.0,1,1
2021-08-25,2,B,0.2,182.0,180.0,1,1
2021-08-25,2,B,0.2,181.0,180.0,1,1
2021-08-25,2,B,0.2,189.0,180.0,2,2
2021-08-25,2,B,0.2,184.0,180.0,1,1
2021-08-25,1,B,0.2,180.0,180.0,1,1
2021-08-25,2,B,0.2,184.0,180.0,2,2
2021-08-25,2,B,0.2,180.0,180.0,1,1
2021-08-25,2,B,0.3,182.0,180.0,1,1
2021-08-25,2,B,0.3,181.0,180.0,1,1
2021-08-25,2,B,0.3,189.0,180.0,2,2
2021-08-25,2,B,0.3,184.0,180.0,1,1
2021-08-25,1,B,0.3,180.0,180.0,1,1
2021-08-25,2,B,0.3,184.0,180.0,2,2
2021-08-25,2,B,0.3,180.0,180.0,1,1
2021-08-25,2,AB,0.1,182.0,180.65,1,1
2021-08-25,2,AB,0.1,181.0,180.65,1,1
2021-08-25,2,AB,0.1,189.0,180.65,2,2
2021-08-25,2,AB,0.1,184.0,180.65,1,1
2021-08-25,1,AB,0.1,180.0,180.0,1,1
2021-08-25,2,AB,0.1,184.0,180.65,2,2
2021-08-25,2,AB,0.1,180.0,180.0,1,1
2021-08-25,2,AB,0.2,182.0,179.0,1,0
2021-08-25,2,AB,0.2,181.0,179.0,1,0
2021-08-25,2,AB,0.2,189.0,179.0,2,0
2021-08-25,2,AB,0.2,184.0,179.0,1,0
2021-08-25,1,AB,0.2,180.0,179.0,1,0
2021-08-25,2,AB,0.2,184.0,179.0,2,0
2021-08-25,2,AB,0.2,180.0,179.0,1,0
2021-08-25,2,AB,0.3,182.0,179.0,1,0
2021-08-25,2,AB,0.3,181.0,179.0,1,0
2021-08-25,2,AB,0.3,189.0,179.0,2,0
2021-08-25,2,AB,0.3,184.0,179.0,1,0
2021-08-25,1,AB,0.3,180.0,179.0,1,0
2021-08-25,2,AB,0.3,184.0,179.0,2,0
2021-08-25,2,AB,0.3,180.0,179.0,1,0
2021-08-25,2,UB,0.1,182.0,180.65,1,1
2021-08-25,2,UB,0.1,181.0,180.65,1,1
2021-08-25,2,UB,0.1,189.0,180.65,2,2
2021-08-25,2,UB,0.1,184.0,180.65,1,1
2021-08-25,1,UB,0.1,180.0,180.0,1,1
2021-08-25,2,UB,0.1,184.0,180.65,2,2
2021-08-25,2,UB,0.1,180.0,180.0,1,1
2021-08-25,2,UB,0.2,182.0,172.3,1,0
2021-08-25,2,UB,0.2,181.0,172.3,1,0
2021-08-25,2,UB,0.2,189.0,172.3,2,0
2021-08-25,2,UB,0.2,184.0,172.3,1,0
2021-08-25,1,UB,0.2,180.0,172.3,1,0
2021-08-25,2,UB,0.2,184.0,172.3,2,0
2021-08-25,2,UB,0.2,180.0,172.3,1,0
2021-08-25,2,UB,0.3,182.0,163.95,1,0
2021-08-25,2,UB,0.3,181.0,163.95,1,0
2021-08-25,2,UB,0.3,189.0,163.95,2,0
2021-08-25,2,UB,0.3,184.0,163.95,1,0
2021-08-25,1,UB,0.3,180.0,163.95,1,0
2021-08-25,2,UB,0.3,184.0,163.95,2,0
2021-08-25,2,UB,0.3,180.0,163.95,1,0
2021-08-26,1,A,0.1,199.0,199.0,14,14
2021-08-26,1,A,0.1,202.0,202.0,9,9
2021-08-26,1,A,0.2,199.0,199.0,14,14
2021-08-26,1,A,0.2,202.0,202.0,9,9
2021-08-26,1,A,0.3,199.0,199.0,14,14
2021-08-26,1,A,0.3,202.0,202.0,9,9
2021-08-26,1,B,0.1,199.0,199.0,14,14
2021-08-26,1,B,0.1,202.0,202.0,9,9
2021-08-26,1,B,0.2,199.0,199.0,14,14
2021-08-26,1,B,0.2,202.0,202.0,9,9
2021-08-26,1,B,0.3,199.0,199.0,14,14
2021-08-26,1,B,0.3,202.0,202.0,9,9
2021-08-26,1,AB,0.1,199.0,199.0,14,14
2021-08-26,1,AB,0.1,202.0,202.0,9,9
2021-08-26,1,AB,0.2,199.0,199.0,14,14
2021-08-26,1,AB,0.2,202.0,202.0,9,9
2021-08-26,1,AB,0.3,199.0,199.0,14,14
2021-08-26,1,AB,0.3,202.0,202.0,9,9
2021-08-26,1,UB,0.1,199.0,192.2,14,14
2021-08-26,1,UB,0.1,202.0,192.2,9,9
2021-08-26,1,UB,0.2,199.0,182.4,14,15
2021-08-26,1,UB,0.2,202.0,182.4,9,11
2021-08-26,1,UB,0.3,199.0,172.6,14,0
2021-08-26,1,UB,0.3,202.0,172.6,9,0
2021-08-27,1,A,0.1,190.0,182.0,4,4
2021-08-27,2,A,0.1,182.0,182.0,1,1
2021-08-27,1,A,0.2,190.0,182.0,4,4
2021-08-27,2,A,0.2,182.0,182.0,1,1
2021-08-27,1,A,0.3,190.0,182.0,4,4
2021-08-27,2,A,0.3,182.0,182.0,1,1
2021-08-27,1,B,0.1,190.0,190.0,4,4
2021-08-27,2,B,0.1,182.0,182.0,1,1
2021-08-27,1,B,0.2,190.0,190.0,4,4
2021-08-27,2,B,0.2,182.0,182.0,1,1
2021-08-27,1,B,0.3,190.0,190.0,4,4
2021-08-27,2,B,0.3,182.0,182.0,1,1
2021-08-27,1,AB,0.1,190.0,181.3,4,4
2021-08-27,2,AB,0.1,182.0,181.3,1,1
2021-08-27,1,AB,0.2,190.0,179.0,4,0
2021-08-27,2,AB,0.2,182.0,179.0,1,0
2021-08-27,1,AB,0.3,190.0,179.0,4,0
2021-08-27,2,AB,0.3,182.0,179.0,1,0
2021-08-27,1,UB,0.1,190.0,181.3,4,5
2021-08-27,2,UB,0.1,182.0,181.3,1,1
2021-08-27,1,UB,0.2,190.0,172.6,4,0
2021-08-27,2,UB,0.2,182.0,172.6,1,0
2021-08-27,1,UB,0.3,190.0,163.9,4,0
2021-08-27,2,UB,0.3,182.0,163.9,1,0
2021-08-30,2,A,0.1,183.0,183.0,1,1
2021-08-30,2,A,0.1,180.0,180.0,1,1
2021-08-30,2,A,0.1,186.0,186.0,2,2
2021-08-30,2,A,0.1,180.0,180.0,1,1
2021-08-30,2,A,0.2,183.0,183.0,1,1
2021-08-30,2,A,0.2,180.0,180.0,1,1
2021-08-30,2,A,0.2,186.0,186.0,2,2
2021-08-30,2,A,0.2,180.0,180.0,1,1
2021-08-30,2,A,0.3,183.0,183.0,1,1
2021-08-30,2,A,0.3,180.0,180.0,1,1
2021-08-30,2,A,0.3,186.0,186.0,2,2
2021-08-30,2,A,0.3,180.0,180.0,1,1
2021-08-30,2,B,0.1,183.0,178.0,1,0
2021-08-30,2,B,0.1,180.0,178.0,1,0
2021-08-30,2,B,0.1,186.0,178.0,2,0
2021-08-30,2,B,0.1,180.0,178.0,1,0
2021-08-30,2,B,0.2,183.0,178.0,1,0
2021-08-30,2,B,0.2,180.0,178.0,1,0
2021-08-30,2,B,0.2,186.0,178.0,2,0
2021-08-30,2,B,0.2,180.0,178.0,1,0
2021-08-30,2,B,0.3,183.0,178.0,1,0
2021-08-30,2,B,0.3,180.0,178.0,1,0
2021-08-30,2,B,0.3,186.0,178.0,2,0
2021-08-30,2,B,0.3,180.0,178.0,1,0
2021-08-30,2,AB,0.1,183.0,178.0,1,0
2021-08-30,2,AB,0.1,180.0,178.0,1,0
2021-08-30,2,AB,0.1,186.0,178.0,2,0
2021-08-30,2,AB,0.1,180.0,178.0,1,0
2021-08-30,2,AB,0.2,183.0,178.0,1,0
2021-08-30,2,AB,0.2,180.0,178.0,1,0
2021-08-30,2,AB,0.2,186.0,178.0,2,0
2021-08-30,2,AB,0.2,180.0,178.0,1,0
2021-08-30,2,AB,0.3,183.0,178.0,1,0
2021-08-30,2,AB,0.3,180.0,178.0,1,0
2021-08-30,2,AB,0.3,186.0,178.0,2,0
2021-08-30,2,AB,0.3,180.0,178.0,1,0
2021-08-30,2,UB,0.1,183.0,169.4,1,0
2021-08-30,2,UB,0.1,180.0,169.4,1,0
2021-08-30,2,UB,0.1,186.0,169.4,2,0
2021-08-30,2,UB,0.1,180.0,169.4,1,0
2021-08-30,2,UB,0.2,183.0,152.8,1,0
2021-08-30,2,UB,0.2,180.0,152.8,1,0
2021-08-30,2,UB,0.2,186.0,152.8,2,0
2021-08-30,2,UB,0.2,180.0,152.8,1,0
2021-08-30,2,UB,0.3,183.0,148.99,1,0
2021-08-30,2,UB,0.3,180.0,148.99,1,0
2021-08-30,2,UB,0.3,186.0,148.99,2,0
2021-08-30,2,UB,0.3,180.0,148.99,1,0
2021-08-31,2,A,0.1,187.0,187.0,4,4
2021-08-31,1,A,0.1,184.0,184.0,1,1
2021-08-31,2,A,0.1,187.0,187.0,2,2
2021-08-31,2,A,0.1,180.0,180.0,1,1
2021-08-31,2,A,0.2,187.0,187.0,4,4
2021-08-31,1,A,0.2,184.0,184.0,1,1
2021-08-31,2,A,0.2,187.0,187.0,2,2
2021-08-31,2,A,0.2,180.0,180.0,1,1
2021-08-31,2,A,0.3,187.0,187.0,4,4
2021-08-31,1,A,0.3,184.0,184.0,1,1
2021-08-31,2,A,0.3,187.0,187.0,2,2
2021-08-31,2,A,0.3,180.0,180.0,1,1
2021-08-31,2,B,0.1,187.0,184.0,4,4
2021-08-31,1,B,0.1,184.0,184.0,1,1
2021-08-31,2,B,0.1,187.0,184.0,2,2
2021-08-31,2,B,0.1,180.0,180.0,1,1
2021-08-31,2,B,0.2,187.0,184.0,4,4
2021-08-31,1,B,0.2,184.0,184.0,1,1
2021-08-31,2,B,0.2,187.0,184.0,2,2
2021-08-31,2,B,0.2,180.0,180.0,1,1
2021-08-31,2,B,0.3,187.0,184.0,4,4
2021-08-31,1,B,0.3,184.0,184.0,1,1
2021-08-31,2,B,0.3,187.0,184.0,2,2
2021-08-31,2,B,0.3,180.0,180.0,1,1
2021-08-31,2,AB,0.1,187.0,178.75,4,0
2021-08-31,1,AB,0.1,184.0,178.75,1,0
2021-08-31,2,AB,0.1,187.0,178.75,2,0
2021-08-31,2,AB,0.1,180.0,178.75,1,0
2021-08-31,2,AB,0.2,187.0,177.0,4,0
2021-08-31,1,AB,0.2,184.0,177.0,1,0
2021-08-31,2,AB,0.2,187.0,177.0,2,0
2021-08-31,2,AB,0.2,180.0,177.0,1,0
2021-08-31,2,AB,0.3,187.0,177.0,4,0
2021-08-31,1,AB,0.3,184.0,177.0,1,0
2021-08-31,2,AB,0.3,187.0,177.0,2,0
2021-08-31,2,AB,0.3,180.0,177.0,1,0
2021-08-31,2,UB,0.1,187.0,178.75,4,0
2021-08-31,1,UB,0.1,184.0,178.75,1,0
2021-08-31,2,UB,0.1,187.0,178.75,2,0
2021-08-31,2,UB,0.1,180.0,178.75,1,0
2021-08-31,2,UB,0.2,187.0,170.5,4,0
2021-08-31,1,UB,0.2,184.0,170.5,1,0
2021-08-31,2,UB,0.2,187.0,170.5,2,0
2021-08-31,2,UB,0.2,180.0,170.5,1,0
2021-08-31,2,UB,0.3,187.0,162.25,4,0
2021-08-31,1,UB,0.3,184.0,162.25,1,0
2021-08-31,2,UB,0.3,187.0,162.25,2,0
2021-08-31,2,UB,0.3,180.0,162.25,1,0
2021-09-01,1,A,0.1,198.0,196.0,9,9
2021-09-01,2,A,0.1,180.0,180.0,1,1
2021-09-01,1,A,0.1,192.0,192.0,6,6
2021-09-01,2,A,0.1,187.0,187.0,3,3
2021-09-01,2,A,0.1,180.0,180.0,1,1
2021-09-01,1,A,0.2,198.0,196.0,9,9
2021-09-01,2,A,0.2,180.0,180.0,1,1
2021-09-01,1,A,0.2,192.0,192.0,6,6
2021-09-01,2,A,0.2,187.0,187.0,3,3
2021-09-01,2,A,0.2,180.0,180.0,1,1
2021-09-01,1,A,0.3,198.0,196.0,9,9
2021-09-01,2,A,0.3,180.0,180.0,1,1
2021-09-01,1,A,0.3,192.0,192.0,6,6
2021-09-01,2,A,0.3,187.0,187.0,3,3
2021-09-01,2,A,0.3,180.0,180.0,1,1
2021-09-01,1,B,0.1,198.0,198.0,9,9
2021-09-01,2,B,0.1,180.0,180.0,1,1
2021-09-01,1,B,0.1,192.0,192.0,6,6
2021-09-01,2,B,0.1,187.0,187.0,3,3
2021-09-01,2,B,0.1,180.0,180.0,1,1
2021-09-01,1,B,0.2,198.0,198.0,9,9
2021-09-01,2,B,0.2,180.0,180.0,1,1
2021-09-01,1,B,0.2,192.0,192.0,6,6
2021-09-01,2,B,0.2,187.0,187.0,3,3
2021-09-01,2,B,0.2,180.0,180.0,1,1
2021-09-01,1,B,0.3,198.0,198.0,9,9
2021-09-01,2,B,0.3,180.0,180.0,1,1
2021-09-01,1,B,0.3,192.0,192.0,6,6
2021-09-01,2,B,0.3,187.0,187.0,3,3
2021-09-01,2,B,0.3,180.0,180.0,1,1
2021-09-01,1,AB,0.1,198.0,196.0,9,9
2021-09-01,2,AB,0.1,180.0,180.0,1,1
2021-09-01,1,AB,0.1,192.0,192.0,6,6
2021-09-01,2,AB,0.1,187.0,187.0,3,3
2021-09-01,2,AB,0.1,180.0,180.0,1,1
2021-09-01,1,AB,0.2,198.0,196.0,9,9
2021-09-01,2,AB,0.2,180.0,180.0,1,1
2021-09-01,1,AB,0.2,192.0,192.0,6,6
2021-09-01,2,AB,0.2,187.0,187.0,3,3
2021-09-01,2,AB,0.2,180.0,180.0,1,1
2021-09-01,1,AB,0.3,198.0,196.0,9,9
2021-09-01,2,AB,0.3,180.0,180.0,1,1
2021-09-01,1,AB,0.3,192.0,192.0,6,6
2021-09-01,2,AB,0.3,187.0,187.0,3,3
2021-09-01,2,AB,0.3,180.0,180.0,1,1
2021-09-01,1,UB,0.1,198.0,188.6,9,10
2021-09-01,2,UB,0.1,180.0,180.0,1,1
2021-09-01,1,UB,0.1,192.0,188.6,6,6
2021-09-01,2,UB,0.1,187.0,187.0,3,3
2021-09-01,2,UB,0.1,180.0,180.0,1,1
2021-09-01,1,UB,0.2,198.0,179.2,9,0
2021-09-01,2,UB,0.2,180.0,179.2,1,0
2021-09-01,1,UB,0.2,192.0,179.2,6,0
2021-09-01,2,UB,0.2,187.0,179.2,3,0
2021-09-01,2,UB,0.2,180.0,179.2,1,0
2021-09-01,1,UB,0.3,198.0,169.8,9,0
2021-09-01,2,UB,0.3,180.0,169.8,1,0
2021-09-01,1,UB,0.3,192.0,169.8,6,0
2021-09-01,2,UB,0.3,187.0,169.8,3,0
2021-09-01,2,UB,0.3,180.0,169.8,1,0
2021-09-02,2,A,0.1,198.0,198.0,7,7
2021-09-02,2,A,0.1,195.0,195.0,5,5
2021-09-02,2,A,0.1,181.0,181.0,1,1
2021-09-02,2,A,0.2,198.0,198.0,7,7
2021-09-02,2,A,0.2,195.0,195.0,5,5
2021-09-02,2,A,0.2,181.0,181.0,1,1
2021-09-02,2,A,0.3,198.0,198.0,7,7
2021-09-02,2,A,0.3,195.0,195.0,5,5
2021-09-02,2,A,0.3,181.0,181.0,1,1
2021-09-02,2,B,0.1,198.0,189.1,7,7
2021-09-02,2,B,0.1,195.0,189.1,5,5
2021-09-02,2,B,0.1,181.0,181.0,1,1
2021-09-02,2,B,0.2,198.0,180.2,7,7
2021-09-02,2,B,0.2,195.0,180.2,5,5
2021-09-02,2,B,0.2,181.0,180.2,1,1
2021-09-02,2,B,0.3,198.0,177.0,7,0
2021-09-02,2,B,0.3,195.0,177.0,5,0
2021-09-02,2,B,0.3,181.0,177.0,1,0
2021-09-02,2,AB,0.1,198.0,189.1,7,7
2021-09-02,2,AB,0.1,195.0,189.1,5,5
2021-09-02,2,AB,0.1,181.0,181.0,1,1
2021-09-02,2,AB,0.2,198.0,180.2,7,7
2021-09-02,2,AB,0.2,195.0,180.2,5,5
2021-09-02,2,AB,0.2,181.0,180.2,1,1
2021-09-02,2,AB,0.3,198.0,177.0,7,0
2021-09-02,2,AB,0.3,195.0,177.0,5,0
2021-09-02,2,AB,0.3,181.0,177.0,1,0
2021-09-02,2,UB,0.1,198.0,189.1,7,7
2021-09-02,2,UB,0.1,195.0,189.1,5,5
2021-09-02,2,UB,0.1,181.0,181.0,1,1
2021-09-02,2,UB,0.2,198.0,180.2,7,10
2021-09-02,2,UB,0.2,195.0,180.2,5,5
2021-09-02,2,UB,0.2,181.0,180.2,1,1
2021-09-02,2,UB,0.3,198.0,171.3,7,0
2021-09-02,2,UB,0.3,195.0,171.3,5,0
2021-09-02,2,UB,0.3,181.0,171.3,1,0
2021-09-03,2,A,0.1,190.0,190.0,4,4
2021-09-03,2,A,0.1,181.0,181.0,1,1
2021-09-03,2,A,0.2,190.0,190.0,4,4
2021-09-03,2,A,0.2,181.0,181.0,1,1
2021-09-03,2,A,0.3,190.0,190.0,4,4
2021-09-03,2,A,0.3,181.0,181.0,1,1
2021-09-03,2,B,0.1,190.0,181.55,4,4
2021-09-03,2,B,0.1,181.0,181.0,1,1
2021-09-03,2,B,0.2,190.0,179.0,4,0
2021-09-03,2,B,0.2,181.0,179.0,1,0
2021-09-03,2,B,0.3,190.0,179.0,4,0
2021-09-03,2,B,0.3,181.0,179.0,1,0
2021-09-03,2,AB,0.1,190.0,181.55,4,4
2021-09-03,2,AB,0.1,181.0,181.0,1,1
2021-09-03,2,AB,0.2,190.0,179.0,4,0
2021-09-03,2,AB,0.2,181.0,179.0,1,0
2021-09-03,2,AB,0.3,190.0,179.0,4,0
2021-09-03,2,AB,0.3,181.0,179.0,1,0
2021-09-03,2,UB,0.1,190.0,181.55,4,4
2021-09-03,2,UB,0.1,181.0,181.0,1,1
2021-09-03,2,UB,0.2,190.0,173.1,4,0
2021-09-03,2,UB,0.2,181.0,173.1,1,0
2021-09-03,2,UB,0.3,190.0,164.65,4,0
2021-09-03,2,UB,0.3,181.0,164.65,1,0
2021-09-06,1,A,0.1,180.0,180.0,1,1
2021-09-06,2,A,0.1,190.0,190.0,1,1
2021-09-06,2,A,0.1,180.0,180.0,1,1
2021-09-06,1,A,0.2,180.0,180.0,1,1
2021-09-06,2,A,0.2,190.0,190.0,1,1
2021-09-06,2,A,0.2,180.0,180.0,1,1
2021-09-06,1,A,0.3,180.0,180.0,1,1
2021-09-06,2,A,0.3,190.0,190.0,1,1
2021-09-06,2,A,0.3,180.0,180.0,1,1
2021-09-06,1,B,0.1,180.0,180.0,1,1
2021-09-06,2,B,0.1,190.0,180.0,1,1
2021-09-06,2,B,0.1,180.0,180.0,1,1
2021-09-06,1,B,0.2,180.0,180.0,1,1
2021-09-06,2,B,0.2,190.0,180.0,1,1
2021-09-06,2,B,0.2,180.0,180.0,1,1
2021-09-06,1,B,0.3,180.0,180.0,1,1
2021-09-06,2,B,0.3,190.0,180.0,1,1
2021-09-06,2,B,0.3,180.0,180.0,1,1
2021-09-06,1,AB,0.1,180.0,176.0,1,0
2021-09-06,2,AB,0.1,190.0,176.0,1,0
2021-09-06,2,AB,0.1,180.0,176.0,1,0
2021-09-06,1,AB,0.2,180.0,176.0,1,0
2021-09-06,2,AB,0.2,190.0,176.0,1,0
2021-09-06,2,AB,0.2,180.0,176.0,1,0
2021-09-06,1,AB,0.3,180.0,176.0,1,0
2021-09-06,2,AB,0.3,190.0,176.0,1,0
2021-09-06,2,AB,0.3,180.0,176.0,1,0
2021-09-06,1,UB,0.1,180.0,173.2,1,0
2021-09-06,2,UB,0.1,190.0,173.2,1,0
2021-09-06,2,UB,0.1,180.0,173.2,1,0
2021-09-06,1,UB,0.2,180.0,156.4,1,0
2021-09-06,2,UB,0.2,190.0,156.4,1,0
2021-09-06,2,UB,0.2,180.0,156.4,1,0
2021-09-06,1,UB,0.3,180.0,142.61,1,0
2021-09-06,2,UB,0.3,190.0,142.61,1,0
2021-09-06,2,UB,0.3,180.0,142.61,1,0
2021-09-07,2,A,0.1,192.0,192.0,1,1
2021-09-07,2,A,0.1,183.0,183.0,1,1
2021-09-07,1,A,0.1,189.0,189.0,3,3
2021-09-07,2,A,0.1,191.0,191.0,2,2
2021-09-07,2,A,0.2,192.0,192.0,1,1
2021-09-07,2,A,0.2,183.0,183.0,1,1
2021-09-07,1,A,0.2,189.0,189.0,3,3
2021-09-07,2,A,0.2,191.0,191.0,2,2
2021-09-07,2,A,0.3,192.0,192.0,1,1
2021-09-07,2,A,0.3,183.0,183.0,1,1
2021-09-07,1,A,0.3,189.0,189.0,3,3
2021-09-07,2,A,0.3,191.0,191.0,2,2
2021-09-07,2,B,0.1,192.0,189.0,1,1
2021-09-07,2,B,0.1,183.0,183.0,1,1
2021-09-07,1,B,0.1,189.0,189.0,3,3
2021-09-07,2,B,0.1,191.0,189.0,2,2
2021-09-07,2,B,0.2,192.0,189.0,1,1
2021-09-07,2,B,0.2,183.0,183.0,1,1
2021-09-07,1,B,0.2,189.0,189.0,3,3
2021-09-07,2,B,0.2,191.0,189.0,2,2
2021-09-07,2,B,0.3,192.0,189.0,1,1
2021-09-07,2,B,0.3,183.0,183.0,1,1
2021-09-07,1,B,0.3,189.0,189.0,3,3
2021-09-07,2,B,0.3,191.0,189.0,2,2
2021-09-07,2,AB,0.1,192.0,183.25,1,1
2021-09-07,2,AB,0.1,183.0,183.0,1,1
2021-09-07,1,AB,0.1,189.0,183.25,3,3
2021-09-07,2,AB,0.1,191.0,183.25,2,2
2021-09-07,2,AB,0.2,192.0,178.0,1,0
2021-09-07,2,AB,0.2,183.0,178.0,1,0
2021-09-07,1,AB,0.2,189.0,178.0,3,0
2021-09-07,2,AB,0.2,191.0,178.0,2,0
2021-09-07,2,AB,0.3,192.0,178.0,1,0
2021-09-07,2,AB,0.3,183.0,178.0,1,0
2021-09-07,1,AB,0.3,189.0,178.0,3,0
2021-09-07,2,AB,0.3,191.0,178.0,2,0
2021-09-07,2,UB,0.1,192.0,183.25,1,1
2021-09-07,2,UB,0.1,183.0,183.0,1,1
2021-09-07,1,UB,0.1,189.0,183.25,3,3
2021-09-07,2,UB,0.1,191.0,183.25,2,2
2021-09-07,2,UB,0.2,192.0,174.5,1,0
2021-09-07,2,UB,0.2,183.0,174.5,1,0
2021-09-07,1,UB,0.2,189.0,174.5,3,0
2021-09-07,2,UB,0.2,191.0,174.5,2,0
2021-09-07,2,UB,0.3,192.0,165.75,1,0
2021-09-07,2,UB,0.3,183.0,165.75,1,0
2021-09-07,1,UB,0.3,189.0,165.75,3,0
2021-09-07,2,UB,0.3,191.0,165.75,2,0
2021-09-08,2,A,0.1,181.0,181.0,1,1
2021-09-08,2,A,0.1,183.0,183.0,1,1
2021-09-08,2,A,0.1,182.0,182.0,1,1
2021-09-08,2,A,0.2,181.0,181.0,1,1
2021-09-08,2,A,0.2,183.0,183.0,1,1
2021-09-08,2,A,0.2,182.0,182.0,1,1
2021-09-08,2,A,0.3,181.0,181.0,1,1
2021-09-08,2,A,0.3,183.0,183.0,1,1
2021-09-08,2,A,0.3,182.0,182.0,1,1
2021-09-08,2,B,0.1,181.0,178.0,1,0
2021-09-08,2,B,0.1,183.0,178.0,1,0
2021-09-08,2,B,0.1,182.0,178.0,1,0
2021-09-08,2,B,0.2,181.0,178.0,1,0
2021-09-08,2,B,0.2,183.0,178.0,1,0
2021-09-08,2,B,0.2,182.0,178.0,1,0
2021-09-08,2,B,0.3,181.0,178.0,1,0
2021-09-08,2,B,0.3,183.0,178.0,1,0
2021-09-08,2,B,0.3,182.0,178.0,1,0
2021-09-08,2,AB,0.1,181.0,178.0,1,0
2021-09-08,2,AB,0.1,183.0,178.0,1,0
2021-09-08,2,AB,0.1,182.0,178.0,1,0
2021-09-08,2,AB,0.2,181.0,178.0,1,0
2021-09-08,2,AB,0.2,183.0,178.0,1,0
2021-09-08,2,AB,0.2,182.0,178.0,1,0
2021-09-08,2,AB,0.3,181.0,178.0,1,0
2021-09-08,2,AB,0.3,183.0,178.0,1,0
2021-09-08,2,AB,0.3,182.0,178.0,1,0
2021-09-08,2,UB,0.1,181.0,175.85,1,0
2021-09-08,2,UB,0.1,183.0,175.85,1,0
2021-09-08,2,UB,0.1,182.0,175.85,1,0
2021-09-08,2,UB,0.2,181.0,168.7,1,0
2021-09-08,2,UB,0.2,183.0,168.7,1,0
2021-09-08,2,UB,0.2,182.0,168.7,1,0
2021-09-08,2,UB,0.3,181.0,161.55,1,0
2021-09-08,2,UB,0.3,183.0,161.55,1,0
2021-09-08,2,UB,0.3,182.0,161.55,1,0
2021-09-09,2,A,0.1,187.0,187.0,1,1
2021-09-09,2,A,0.1,190.0,190.0,1,1
2021-09-09,2,A,0.1,185.0,185.0,2,2
2021-09-09,2,A,0.2,187.0,187.0,1,1
2021-09-09,2,A,0.2,190.0,190.0,1,1
2021-09-09,2,A,0.2,185.0,185.0,2,2
2021-09-09,2,A,0.3,187.0,187.0,1,1
2021-09-09,2,A,0.3,190.0,190.0,1,1
2021-09-09,2,A,0.3,185.0,185.0,2,2
2021-09-09,2,B,0.1,187.0,181.1,1,1
2021-09-09,2,B,0.1,190.0,181.1,1,1
2021-09-09,2,B,0.1,185.0,181.1,2,2
2021-09-09,2,B,0.2,187.0,176.0,1,0
2021-09-09,2,B,0.2,190.0,176.0,1,0
2021-09-09,2,B,0.2,185.0,176.0,2,0
2021-09-09,2,B,0.3,187.0,176.0,1,0
2021-09-09,2,B,0.3,190.0,176.0,1,0
2021-09-09,2,B,0.3,185.0,176.0,2,0
2021-09-09,2,AB,0.1,187.0,181.1,1,1
2021-09-09,2,AB,0.1,190.0,181.1,1,1
2021-09-09,2,AB,0.1,185.0,181.1,2,2
2021-09-09,2,AB,0.2,187.0,176.0,1,0
2021-09-09,2,AB,0.2,190.0,176.0,1,0
2021-09-09,2,AB,0.2,185.0,176.0,2,0
2021-09-09,2,AB,0.3,187.0,176.0,1,0
2021-09-09,2,AB,0.3,190.0,176.0,1,0
2021-09-09,2,AB,0.3,185.0,176.0,2,0
2021-09-09,2,UB,0.1,187.0,181.1,1,1
2021-09-09,2,UB,0.1,190.0,181.1,1,1
2021-09-09,2,UB,0.1,185.0,181.1,2,2
2021-09-09,2,UB,0.2,187.0,172.2,1,0
2021-09-09,2,UB,0.2,190.0,172.2,1,0
2021-09-09,2,UB,0.2,185.0,172.2,2,0
2021-09-09,2,UB,0.3,187.0,163.3,1,0
2021-09-09,2,UB,0.3,190.0,163.3,1,0
2021-09-09,2,UB,0.3,185.0,163.3,2,0
2021-09-10,1,A,0.1,192.0,192.0,3,3
2021-09-10,2,A,0.1,204.0,204.0,2,2
2021-09-10,2,A,0.1,188.0,188.0,2,2
2021-09-10,1,A,0.1,191.0,191.0,4,4
2021-09-10,2,A,0.1,191.0,191.0,1,1
2021-09-10,1,A,0.2,192.0,192.0,3,3
2021-09-10,2,A,0.2,204.0,204.0,2,2
2021-09-10,2,A,0.2,188.0,188.0,2,2
2021-09-10,1,A,0.2,191.0,191.0,4,4
2021-09-10,2,A,0.2,191.0,191.0,1,1
2021-09-10,1,A,0.3,192.0,192.0,3,3
2021-09-10,2,A,0.3,204.0,204.0,2,2
2021-09-10,2,A,0.3,188.0,188.0,2,2
2021-09-10,1,A,0.3,191.0,191.0,4,4
2021-09-10,2,A,0.3,191.0,191.0,1,1
2021-09-10,1,B,0.1,192.0,192.0,3,3
2021-09-10,2,B,0.1,204.0,193.85,2,2
2021-09-10,2,B,0.1,188.0,188.0,2,2
2021-09-10,1,B,0.1,191.0,191.0,4,4
2021-09-10,2,B,0.1,191.0,191.0,1,1
2021-09-10,1,B,0.2,192.0,192.0,3,3
2021-09-10,2,B,0.2,204.0,192.0,2,2
2021-09-10,2,B,0.2,188.0,188.0,2,2
2021-09-10,1,B,0.2,191.0,191.0,4,4
2021-09-10,2,B,0.2,191.0,191.0,1,1
2021-09-10,1,B,0.3,192.0,192.0,3,3
2021-09-10,2,B,0.3,204.0,192.0,2,2
2021-09-10,2,B,0.3,188.0,188.0,2,2
2021-09-10,1,B,0.3,191.0,191.0,4,4
2021-09-10,2,B,0.3,191.0,191.0,1,1
2021-09-10,1,AB,0.1,192.0,192.0,3,3
2021-09-10,2,AB,0.1,204.0,193.85,2,2
2021-09-10,2,AB,0.1,188.0,188.0,2,2
2021-09-10,1,AB,0.1,191.0,191.0,4,4
2021-09-10,2,AB,0.1,191.0,191.0,1,1
2021-09-10,1,AB,0.2,192.0,183.7,3,3
2021-09-10,2,AB,0.2,204.0,183.7,2,2
2021-09-10,2,AB,0.2,188.0,183.7,2,2
2021-09-10,1,AB,0.2,191.0,183.7,4,4
2021-09-10,2,AB,0.2,191.0,183.7,1,1
2021-09-10,1,AB,0.3,192.0,179.0,3,0
2021-09-10,2,AB,0.3,204.0,179.0,2,0
2021-09-10,2,AB,0.3,188.0,179.0,2,0
2021-09-10,1,AB,0.3,191.0,179.0,4,0
2021-09-10,2,AB,0.3,191.0,179.0,1,0
2021-09-10,1,UB,0.1,192.0,192.0,3,3
2021-09-10,2,UB,0.1,204.0,193.85,2,2
2021-09-10,2,UB,0.1,188.0,188.0,2,2
2021-09-10,1,UB,0.1,191.0,191.0,4,4
2021-09-10,2,UB,0.1,191.0,191.0,1,1
2021-09-10,1,UB,0.2,192.0,183.7,3,3
2021-09-10,2,UB,0.2,204.0,183.7,2,2
2021-09-10,2,UB,0.2,188.0,183.7,2,2
2021-09-10,1,UB,0.2,191.0,183.7,4,5
2021-09-10,2,UB,0.2,191.0,183.7,1,1
2021-09-10,1,UB,0.3,192.0,173.55,3,0
2021-09-10,2,UB,0.3,204.0,173.55,2,0
2021-09-10,2,UB,0.3,188.0,173.55,2,0
2021-09-10,1,UB,0.3,191.0,173.55,4,0
2021-09-10,2,UB,0.3,191.0,173.55,1,0
2021-09-13,1,A,0.1,196.0,191.0,6,6
2021-09-13,2,A,0.1,189.0,189.0,2,2
2021-09-13,2,A,0.1,191.0,191.0,2,2
2021-09-13,1,A,0.1,191.0,191.0,5,5
2021-09-13,2,A,0.1,182.0,182.0,2,2
2021-09-13,1,A,0.2,196.0,191.0,6,6
2021-09-13,2,A,0.2,189.0,189.0,2,2
2021-09-13,2,A,0.2,191.0,191.0,2,2
2021-09-13,1,A,0.2,191.0,191.0,5,5
2021-09-13,2,A,0.2,182.0,182.0,2,2
2021-09-13,1,A,0.3,196.0,191.0,6,6
2021-09-13,2,A,0.3,189.0,189.0,2,2
2021-09-13,2,A,0.3,191.0,191.0,2,2
2021-09-13,1,A,0.3,191.0,191.0,5,5
2021-09-13,2,A,0.3,182.0,182.0,2,2
2021-09-13,1,B,0.1,196.0,196.0,6,6
2021-09-13,2,B,0.1,189.0,189.0,2,2
2021-09-13,2,B,0.1,191.0,191.0,2,2
2021-09-13,1,B,0.1,191.0,191.0,5,5
2021-09-13,2,B,0.1,182.0,182.0,2,2
2021-09-13,1,B,0.2,196.0,196.0,6,6
2021-09-13,2,B,0.2,189.0,189.0,2,2
2021-09-13,2,B,0.2,191.0,191.0,2,2
2021-09-13,1,B,0.2,191.0,191.0,5,5
2021-09-13,2,B,0.2,182.0,182.0,2,2
2021-09-13,1,B,0.3,196.0,196.0,6,6
2021-09-13,2,B,0.3,189.0,189.0,2,2
2021-09-13,2,B,0.3,191.0,191.0,2,2
2021-09-13,1,B,0.3,191.0,191.0,5,5
2021-09-13,2,B,0.3,182.0,182.0,2,2
2021-09-13,1,AB,0.1,196.0,178.7,6,0
2021-09-13,2,AB,0.1,189.0,178.7,2,0
2021-09-13,2,AB,0.1,191.0,178.7,2,0
2021-09-13,1,AB,0.1,191.0,178.7,5,0
2021-09-13,2,AB,0.1,182.0,178.7,2,0
2021-09-13,1,AB,0.2,196.0,178.0,6,0
2021-09-13,2,AB,0.2,189.0,178.0,2,0
2021-09-13,2,AB,0.2,191.0,178.0,2,0
2021-09-13,1,AB,0.2,191.0,178.0,5,0
2021-09-13,2,AB,0.2,182.0,178.0,2,0
2021-09-13,1,AB,0.3,196.0,178.0,6,0
2021-09-13,2,AB,0.3,189.0,178.0,2,0
2021-09-13,2,AB,0.3,191.0,178.0,2,0
2021-09-13,1,AB,0.3,191.0,178.0,5,0
2021-09-13,2,AB,0.3,182.0,178.0,2,0
2021-09-13,1,UB,0.1,196.0,178.7,6,0
2021-09-13,2,UB,0.1,189.0,178.7,2,0
2021-09-13,2,UB,0.1,191.0,178.7,2,0
2021-09-13,1,UB,0.1,191.0,178.7,5,0
2021-09-13,2,UB,0.1,182.0,178.7,2,0
2021-09-13,1,UB,0.2,196.0,161.4,6,0
2021-09-13,2,UB,0.2,189.0,161.4,2,0
2021-09-13,2,UB,0.2,191.0,161.4,2,0
2021-09-13,1,UB,0.2,191.0,161.4,5,0
2021-09-13,2,UB,0.2,182.0,161.4,2,0
2021-09-13,1,UB,0.3,196.0,153.32,6,0
2021-09-13,2,UB,0.3,189.0,153.32,2,0
2021-09-13,2,UB,0.3,191.0,153.32,2,0
2021-09-13,1,UB,0.3,191.0,153.32,5,0
2021-09-13,2,UB,0.3,182.0,153.32,2,0
2021-09-14,2,A,0.1,184.0,184.0,1,1
2021-09-14,2,A,0.1,180.0,180.0,2,2
2021-09-14,2,A,0.2,184.0,184.0,1,1
2021-09-14,2,A,0.2,180.0,180.0,2,2
2021-09-14,2,A,0.3,184.0,184.0,1,1
2021-09-14,2,A,0.3,180.0,180.0,2,2
2021-09-14,2,B,0.1,184.0,178.0,1,0
2021-09-14,2,B,0.1,180.0,178.0,2,0
2021-09-14,2,B,0.2,184.0,178.0,1,0
2021-09-14,2,B,0.2,180.0,178.0,2,0
2021-09-14,2,B,0.3,184.0,178.0,1,0
2021-09-14,2,B,0.3,180.0,178.0,2,0
2021-09-14,2,AB,0.1,184.0,178.0,1,0
2021-09-14,2,AB,0.1,180.0,178.0,2,0
2021-09-14,2,AB,0.2,184.0,178.0,1,0
2021-09-14,2,AB,0.2,180.0,178.0,2,0
2021-09-14,2,AB,0.3,184.0,178.0,1,0
2021-09-14,2,AB,0.3,180.0,178.0,2,0
2021-09-14,2,UB,0.1,184.0,176.35,1,0
2021-09-14,2,UB,0.1,180.0,176.35,2,0
2021-09-14,2,UB,0.2,184.0,168.7,1,0
2021-09-14,2,UB,0.2,180.0,168.7,2,0
2021-09-14,2,UB,0.3,184.0,161.05,1,0
2021-09-14,2,UB,0.3,180.0,161.05,2,0
