모델,시도,MAE,기본값,p_n_estimators,p_learning_rate,p_num_leaves,p_min_child_samples,p_subsample,p_colsample_bytree,p_reg_lambda,p_objective,p_max_depth,p_min_child_weight,p_iterations,p_depth,p_l2_leaf_reg,p_설정
LightGBM,0,8.192659629776312,1,900.0,0.03,31.0,30.0,0.8,0.8,1.0,regression,,,,,,
LightGBM,1,8.448553244314784,0,700.0,0.08927180304353628,48.0,52.0,0.6624074561769746,0.5779972601681014,0.014936568554617643,regression,,,,,,
LightGBM,2,8.165144929731902,0,300.0,0.09330606024425668,54.0,25.0,0.6727299868828402,0.5917022549267169,0.08179499475211674,regression,,,,,,
LightGBM,3,8.5715626363731,0,1000.0,0.013787764619353767,23.0,36.0,0.7824279936868144,0.8925879806965068,0.039721107273819126,l1,,,,,,
LightGBM,4,9.462020405560558,0,1000.0,0.014808945119975192,10.0,77.0,0.9862528132298237,0.9041986740582306,0.08200518402245831,l1,,,,,,
LightGBM,5,9.80780989197331,0,400.0,0.03127353036780371,8.0,74.0,0.7035119926400067,0.831261142176991,0.08612579192594885,l1,,,,,,
LightGBM,6,9.48750503937626,0,1500.0,0.05958443469672518,60.0,73.0,0.8391599915244341,0.9609371175115584,0.01842797040686454,huber,,,,,,
LightGBM,7,41.5144659439418,0,800.0,0.01867880257107068,54.0,35.0,0.7123738038749523,0.7713480415791243,0.026471141828218175,huber,,,,,,
LightGBM,8,9.545633649206827,0,1300.0,0.01580213186410389,7.0,67.0,0.8827429375390469,0.8645035840204937,2.059733535743719,l1,,,,,,
LightGBM,9,8.479213791351313,0,1400.0,0.042004723167022,25.0,14.0,0.7243929286862648,0.6625916610133735,1.5446089075047074,l1,,,,,,
LightGBM,10,8.392589799516742,0,400.0,0.020776114830648475,44.0,26.0,0.8409337248381991,0.6964713484077957,0.10978744399571572,regression,,,,,,
LightGBM,11,8.48643434266271,0,1100.0,0.058999298925526134,37.0,34.0,0.716797092804813,0.8016648114468877,0.580288333016946,regression,,,,,,
LightGBM,12,8.601987294047351,0,700.0,0.06340881244586591,26.0,12.0,0.7482279620697626,0.723103135603073,0.02738185876274014,regression,,,,,,
LightGBM,13,8.508021999623843,0,700.0,0.0858990129837024,35.0,27.0,0.6056768921165985,0.6478523495903803,0.5796548071092074,regression,,,,,,
LightGBM,14,8.427068045626408,0,1100.0,0.06188956053885916,56.0,25.0,0.7766813711568163,0.610053222012932,0.2349322933307248,regression,,,,,,
LightGBM,15,8.456997200153959,0,300.0,0.05730250752465989,40.0,40.0,0.7134606380016363,0.7644792388669528,0.7752477693233312,regression,,,,,,
LightGBM,16,8.403023061995428,0,600.0,0.06077339989731262,52.0,33.0,0.690073616369795,0.8822532674825279,0.9088530071755563,regression,,,,,,
LightGBM,17,8.569010656168341,0,1100.0,0.09699702780877031,38.0,27.0,0.7767630440257781,0.6794195196505171,0.11355652233186006,regression,,,,,,
LightGBM,18,8.436839265361002,0,900.0,0.02341649549218361,52.0,32.0,0.7548427834893131,0.7356576728599297,0.5478898100866668,regression,,,,,,
LightGBM,19,8.378754552296188,0,500.0,0.05222246669856446,45.0,38.0,0.7281553042727827,0.5249823107987219,0.25577248195763747,regression,,,,,,
LightGBM,20,8.489239903369374,0,400.0,0.08709843963814093,61.0,30.0,0.74669664823708,0.6013121682871665,0.28683727865200065,regression,,,,,,
LightGBM,21,8.520975054688984,0,300.0,0.07359905514299912,57.0,27.0,0.6916203707348224,0.6886332468628822,0.01793485882271504,regression,,,,,,
LightGBM,22,8.433614917305944,0,300.0,0.06681111104182601,55.0,10.0,0.6391237225951665,0.6437085854876433,0.0734776291088852,regression,,,,,,
LightGBM,23,8.410112393396535,0,600.0,0.08598007502677953,42.0,35.0,0.7225357605342906,0.6507275644008516,0.10635585225146259,regression,,,,,,
LightGBM,24,8.565431062784503,0,300.0,0.064515965051252,55.0,34.0,0.6771995043701523,0.5608921729652441,0.07463209153102106,regression,,,,,,
LightGBM,25,8.721852713366442,0,400.0,0.08337640343797492,61.0,16.0,0.7984665895119749,0.5241331654355645,0.11355301579469121,regression,,,,,,
LightGBM,26,8.376654472662407,0,400.0,0.07684653306585743,53.0,12.0,0.711273693074589,0.8363299373764157,0.019751271102231672,regression,,,,,,
LightGBM,27,8.398716632881339,0,300.0,0.07655214630258685,62.0,18.0,0.791744419921798,0.7810059692036271,0.07628830446689466,regression,,,,,,
LightGBM,28,8.404094906702651,0,300.0,0.06725261837490909,55.0,16.0,0.6066591739780656,0.8473165412463851,0.20716388474315098,regression,,,,,,
LightGBM,29,8.439022017068064,0,500.0,0.07582709037859156,53.0,41.0,0.6305588352333809,0.7591740083866084,0.02492326000732378,regression,,,,,,
XGBoost,0,8.062552212922599,1,800.0,0.03,,,0.8,0.8,0.13292918943162169,,6.0,5.0,,,,
XGBoost,1,8.38579498322357,0,1500.0,0.05395030966670229,,,0.662397808134481,0.5290418060840998,3.9676050770529874,,6.0,4.0,,,,
XGBoost,2,10.743349797008573,0,1000.0,0.051059032093947576,,,0.9329770563201687,0.6061695553391381,0.035113563139704075,,3.0,20.0,,,,
XGBoost,3,8.252997228423942,0,500.0,0.02014847788415866,,,0.7164916560792167,0.8059264473611898,0.02621087878265441,,6.0,9.0,,,,
XGBoost,4,8.476804913489472,0,600.0,0.023246728489504348,,,0.6798695128633439,0.7571172192068059,0.5987474910461401,,5.0,16.0,,,,
XGBoost,5,9.890679736838841,0,300.0,0.04050837781329675,,,0.9795542149013333,0.9828160165372797,2.661901888489056,,4.0,2.0,,,,
XGBoost,6,8.000491164286558,0,600.0,0.012521954287060391,,,0.6488152939379115,0.7475884550556351,0.012681352169084602,,7.0,9.0,,,,
XGBoost,7,8.075624085554681,0,1400.0,0.01814596135349025,,,0.8080272084711243,0.7733551396716398,0.03585612610345397,,6.0,7.0,,,,
XGBoost,8,8.106534345422366,0,1500.0,0.05958443469672518,,,0.8391599915244341,0.9609371175115584,0.01842797040686454,,8.0,18.0,,,,
XGBoost,9,10.220932934392414,0,500.0,0.011097554561103107,,,0.7085396127095583,0.9143687545759647,0.11756010900231852,,4.0,8.0,,,,
XGBoost,10,8.198630607930333,0,500.0,0.08261708029446929,,,0.7820796890599867,0.7888932353477544,0.01358086353001672,,7.0,1.0,,,,
XGBoost,11,7.854382978731851,0,700.0,0.021307397342630312,,,0.6754976016954568,0.748703545206028,0.34722082070987254,,8.0,11.0,,,,
XGBoost,12,8.050336880676436,0,700.0,0.012240080488105444,,,0.7295046114635602,0.7334227224847824,6.059008070409043,,7.0,8.0,,,,
XGBoost,13,7.8338198478979315,0,800.0,0.012632005147150741,,,0.6953724216210624,0.5887017882026007,0.10282511854406028,,8.0,10.0,,,,
XGBoost,14,8.063590212233937,0,800.0,0.02533040833522284,,,0.6380114573427561,0.8995688239016106,0.07325828128581792,,7.0,13.0,,,,
XGBoost,15,7.8257759699425975,0,600.0,0.017541628220742914,,,0.7156780189612898,0.6753471444589749,0.14306783772522835,,8.0,13.0,,,,
XGBoost,16,7.850589498481094,0,700.0,0.011750216505096308,,,0.659376523196461,0.5786214073364924,0.06538742823933737,,8.0,7.0,,,,
XGBoost,17,7.802908825389283,0,700.0,0.010594104373045544,,,0.6690122164778423,0.6152482158045756,0.39623564347520707,,8.0,12.0,,,,
XGBoost,18,8.103893773656496,0,700.0,0.015350859120393719,,,0.6142734646784627,0.6149601656126971,0.2903787853118888,,7.0,10.0,,,,
XGBoost,19,7.908079053314639,0,500.0,0.010232936831204659,,,0.7117536426298945,0.6335097847414849,0.4449933334647541,,8.0,9.0,,,,
XGBoost,20,7.896753570096966,0,300.0,0.018289857102376433,,,0.6813567943791312,0.7081756974820808,0.18847696294388921,,8.0,7.0,,,,
XGBoost,21,7.788575107502825,0,1000.0,0.011450994261798695,,,0.7009491627855757,0.597392329340617,0.400723873125113,,8.0,10.0,,,,
XGBoost,22,8.066135660210312,0,800.0,0.010813733319621792,,,0.6859222304908129,0.529195545971538,0.6016605908975061,,7.0,12.0,,,,
XGBoost,23,7.813070610282193,0,1100.0,0.012236986885958175,,,0.6957902759041996,0.6434253299686644,0.7423286968221592,,8.0,5.0,,,,
XGBoost,24,7.746381703676752,0,1200.0,0.010530955003248244,,,0.649207772328176,0.7280595244346797,0.7202519832502359,,8.0,3.0,,,,
XGBoost,25,7.904249590514039,0,800.0,0.01597036087354284,,,0.6858614697303062,0.5702007954520256,0.642733402372794,,8.0,19.0,,,,
XGBoost,26,7.882161116562726,0,1100.0,0.01040210922521076,,,0.6831922695325443,0.5153562803238922,1.4779666548401658,,8.0,8.0,,,,
XGBoost,27,7.83361914236221,0,800.0,0.011695750087217913,,,0.7518300683127859,0.5204985808433534,0.2919312863826615,,8.0,13.0,,,,
XGBoost,28,8.020493269339786,0,1200.0,0.015376277481842358,,,0.6414980988580296,0.7500517072292316,0.8720876374185444,,7.0,6.0,,,,
XGBoost,29,7.969535926511403,0,1300.0,0.012101678160341875,,,0.7072522760783421,0.5719806299740768,0.6912740885501075,,7.0,9.0,,,,
CatBoost,0,8.780581434160132,1,,0.05,,,,,,,,,1500.0,6.0,2.368863950364078,
CatBoost,1,8.923582813827704,0,,0.09744578609310868,,,,,,,,,1500.0,6.0,1.4322493718230251,
CatBoost,2,8.59198782334811,0,,0.032939724109789965,,,,,,,,,500.0,8.0,3.9913058785616786,
CatBoost,3,8.200193514214249,0,,0.031010530712092203,,,,,,,,,1250.0,8.0,6.798962421591129,
CatBoost,4,10.286182861284159,0,,0.040198648566549054,,,,,,,,,750.0,4.0,2.0148477884158655,
CatBoost,5,9.235822635186887,0,,0.06012261562962467,,,,,,,,,1000.0,5.0,4.091220574443785,
CatBoost,6,9.408603835329613,0,,0.048008882934877484,,,,,,,,,500.0,5.0,2.858051065806936,
CatBoost,7,8.873678176603454,0,,0.041370163673017685,,,,,,,,,1250.0,6.0,3.9121416285496955,
CatBoost,8,10.202654476182797,0,,0.07975848251366931,,,,,,,,,500.0,4.0,1.1615865989246452,
CatBoost,9,8.636236985069003,0,,0.1419283262069553,,,,,,,,,1500.0,8.0,2.0165721691808587,
CatBoost,10,8.373115733547163,0,,0.11452225085273361,,,,,,,,,1500.0,8.0,5.58155365663254,
CatBoost,11,8.306635030071494,0,,0.05907157132539793,,,,,,,,,1500.0,8.0,6.76835406692215,
CatBoost,12,8.361780629459897,0,,0.05343112908667124,,,,,,,,,1250.0,8.0,7.336020628246524,
CatBoost,13,8.28612858970491,0,,0.030739715587261476,,,,,,,,,1500.0,8.0,6.430283419885628,
CatBoost,14,8.305155645530887,0,,0.03304058360539956,,,,,,,,,1500.0,8.0,8.753163776234848,
RandomForest,0,9.423441960690857,1,,,,,,,,,,,,,,"{'n_estimators': 300, 'max_depth': 20}"
RandomForest,1,9.536833135625743,0,,,,,,,,,,,,,,"{'n_estimators': 300, 'max_depth': 12, 'min_samples_leaf': 5}"
RandomForest,2,8.576803458085893,0,,,,,,,,,,,,,,"{'n_estimators': 500, 'max_depth': None, 'min_samples_leaf': 3, 'max_features': 0.5}"
ExtraTrees,0,7.361072244423331,1,,,,,,,,,,,,,,"{'n_estimators': 300, 'max_depth': None, 'min_samples_leaf': 3}"
ExtraTrees,1,7.3795343367782404,0,,,,,,,,,,,,,,"{'n_estimators': 500, 'max_depth': 20, 'min_samples_leaf': 5, 'max_features': 0.7}"
HistGradientBoosting,0,8.093634573550183,1,,,,,,,,,,,,,,"{'max_iter': 600, 'learning_rate': 0.05, 'max_leaf_nodes': 31}"
HistGradientBoosting,1,9.00370611010542,0,,,,,,,,,,,,,,"{'max_iter': 1000, 'learning_rate': 0.03, 'max_leaf_nodes': 15, 'l2_regularization': 1.0}"
MLP,0,15.745883836714064,1,,,,,,,,,,,,,,"{'hidden_layer_sizes': (128, 64), 'alpha': 0.001, 'learning_rate_init': 0.001}"
MLP,1,14.934059705081443,0,,,,,,,,,,,,,,"{'hidden_layer_sizes': (64, 32), 'alpha': 0.01, 'learning_rate_init': 0.001}"
MLP,2,12.644557412473254,0,,,,,,,,,,,,,,"{'hidden_layer_sizes': (256, 128, 64), 'alpha': 0.001, 'learning_rate_init': 0.0005}"
