,0
생산계획량(당시간),26.545
슬롯(cos),9.162
마지막 생산 시각,6.404
연중 일차,5.409
마지막 생산까지 남은h,4.193
하루 내 슬롯,3.729
공장인원(환산),3.515
일 생산계획량,3.501
다음1h 생산계획,2.506
일 공장인원 합,2.499
슬롯(sin),2.337
전일 생산계획,1.646
직전 가동일 경과일,1.62
점심시간,1.613
월,1.473
시각,1.451
15분 구간,1.326
요일,1.213
일 생산 중 비중,1.108
일 평균기온,0.939
첫 생산 후 경과h,0.928
다음1h 공장인원,0.789
습도,0.752
익일 생산계획,0.742
일 최고기온,0.737
재가동일,0.638
일 생산시간 수,0.597
기온,0.503
직전2h 생산계획,0.41
생산 시간 여부,0.41
공휴일,0.406
다음2h 생산계획,0.389
풍속,0.343
난방도(18-기온),0.295
직전1h 생산계획,0.218
첫 생산 시각,0.199
정상 가동일,0.076
생산 시작 시간,0.067
주말,0.067
냉방도(기온-24),0.04
시간 강수량,0.022
생산일,0.0
