모델,구간,판정 기준,F1,정밀도,재현율,PR-AUC,ROC-AUC,Brier
베이스라인1 지난주 같은 시각,백테스트(7~8월),180kW 이상,0.5,0.55,0.459,0.485,0.807,
베이스라인1 지난주 같은 시각,시험(9/1~14),180kW 이상,0.368,0.347,0.391,0.308,0.918,
베이스라인2 직전 가동일 프로파일,백테스트(7~8월),180kW 이상,0.632,0.632,0.631,0.695,0.957,
베이스라인2 직전 가동일 프로파일,시험(9/1~14),180kW 이상,0.391,0.38,0.402,0.334,0.923,
전력량 예측값 기준(회귀),백테스트(7~8월),170kW 이상,0.688,0.583,0.841,0.664,0.954,
전력량 예측값 기준(회귀),시험(9/1~14),170kW 이상,0.463,0.341,0.724,0.36,0.934,
로지스틱 회귀(불균형 가중),백테스트(7~8월),확률 0.65 이상,0.597,0.465,0.834,0.565,0.928,0.116
로지스틱 회귀(불균형 가중),시험(9/1~14),확률 0.65 이상,0.434,0.345,0.586,0.329,0.92,0.081
로지스틱 회귀(불균형 가중) + 확률보정,백테스트(7~8월),확률 0.23 이상,0.599,0.467,0.832,0.557,0.931,0.064
로지스틱 회귀(불균형 가중) + 확률보정,시험(9/1~14),확률 0.23 이상,0.429,0.342,0.575,0.324,0.921,0.048
LightGBM 분류,백테스트(7~8월),확률 0.13 이상,0.656,0.541,0.832,0.617,0.945,0.064
LightGBM 분류,시험(9/1~14),확률 0.13 이상,0.453,0.343,0.667,0.361,0.931,0.049
LightGBM 분류 + 확률보정,백테스트(7~8월),확률 0.31 이상,0.658,0.537,0.851,0.615,0.947,0.057
LightGBM 분류 + 확률보정,시험(9/1~14),확률 0.31 이상,0.439,0.324,0.678,0.329,0.928,0.047
LightGBM 분류(불균형 가중),백테스트(7~8월),확률 0.28 이상,0.644,0.506,0.887,0.592,0.941,0.076
LightGBM 분류(불균형 가중),시험(9/1~14),확률 0.28 이상,0.48,0.325,0.92,0.319,0.93,0.072
LightGBM 분류(불균형 가중) + 확률보정,백테스트(7~8월),확률 0.28 이상,0.645,0.506,0.887,0.593,0.944,0.058
LightGBM 분류(불균형 가중) + 확률보정,시험(9/1~14),확률 0.28 이상,0.482,0.327,0.92,0.338,0.93,0.048
