date,start_slot,end_slot,start_hour,시작시각,지속시간(분),최대(kW),직전1시간 평균(kW),직후1시간 평균(kW),상승폭(kW),직전30분 상승(kW),생산계획량(시작 시간),직전 시간 생산계획량,생산계획 변화(개/h),일 생산계획량,재가동일,기온,요일,월,운영상태,복사그룹크기,고유일,유형
2021-01-07,34,35,8,08:30,30,182.0,119.25,166.0,62.75,31.0,538.0,2841.0,-2303.0,16805.0,1,-8.6,4,1,오전 가동 시작(7~9시),2,1,1
2021-01-07,54,54,13,13:30,15,182.0,144.25,174.0,37.75,13.0,1293.0,797.0,496.0,16805.0,1,-6.7,4,1,점심 정지·재개(12~14시),2,1,2
2021-01-07,58,58,14,14:30,15,180.0,174.5,163.25,5.5,15.0,2314.0,1293.0,1021.0,16805.0,1,-6.3,4,1,오후 가동 중(14~17시),2,1,2
2021-01-08,63,63,15,15:45,15,180.0,160.25,158.0,19.75,7.0,3947.0,1270.0,2677.0,21783.0,0,-5.0,5,1,오후 가동 중(14~17시),4,1,2
2021-01-09,55,55,13,13:45,15,181.0,154.5,22.5,26.5,19.0,0.0,0.0,0.0,667.0,0,-3.7,6,1,점심 정지·재개(12~14시),1,1,2
2021-01-14,34,36,8,08:30,45,204.0,128.0,171.25,76.0,43.0,844.0,280.0,564.0,17561.0,1,0.3,4,1,오전 가동 시작(7~9시),3,1,1
2021-01-14,39,42,9,09:45,60,180.0,184.25,179.25,-4.25,2.0,1104.0,844.0,260.0,17561.0,1,5.9,4,1,오전 가동 중(9~12시),3,1,2
2021-01-14,45,46,11,11:15,30,190.0,175.0,127.5,15.0,23.0,1465.0,498.0,967.0,17561.0,1,9.0,4,1,오전 가동 중(9~12시),3,1,2
2021-01-14,53,56,13,13:15,60,192.0,131.75,167.5,60.25,47.0,898.0,6345.0,-5447.0,17561.0,1,12.7,4,1,점심 정지·재개(12~14시),3,1,1
2021-01-14,61,64,15,15:15,60,192.0,167.5,158.75,24.5,5.0,550.0,535.0,15.0,17561.0,1,12.3,4,1,오후 가동 중(14~17시),3,1,2
2021-01-14,72,73,18,18:00,30,182.0,146.25,162.25,35.75,23.0,1016.0,249.0,767.0,17561.0,1,7.9,4,1,저녁·야간(17시~),3,1,2
2021-01-15,33,39,8,08:15,105,198.0,147.25,164.25,50.75,46.0,560.0,457.0,103.0,14345.0,0,3.4,5,1,오전 가동 시작(7~9시),4,1,1
2021-01-15,42,42,10,10:30,15,181.0,169.0,168.25,12.0,43.0,1090.0,624.0,466.0,14345.0,0,11.7,5,1,오전 가동 중(9~12시),4,1,2
2021-01-15,45,47,11,11:15,45,184.0,170.25,111.75,13.75,16.0,908.0,1090.0,-182.0,14345.0,0,14.6,5,1,오전 가동 중(9~12시),4,1,2
2021-01-15,56,57,14,14:00,30,182.0,171.25,162.5,10.75,12.0,2022.0,946.0,1076.0,14345.0,0,15.3,5,1,오후 가동 중(14~17시),4,1,2
2021-01-15,66,66,16,16:30,15,181.0,171.25,133.75,9.75,15.0,1324.0,614.0,710.0,14345.0,0,16.0,5,1,오후 가동 중(14~17시),4,1,2
2021-01-16,33,34,8,08:15,30,185.0,80.5,59.75,104.5,156.0,0.0,424.0,-424.0,699.0,0,2.3,6,1,오전 가동 시작(7~9시),1,1,1
2021-01-16,62,62,15,15:30,15,180.0,165.25,56.25,14.75,42.0,0.0,0.0,0.0,699.0,0,6.6,6,1,오후 가동 중(14~17시),1,1,2
2021-01-17,33,37,8,08:15,75,197.0,155.5,166.0,41.5,35.0,0.0,0.0,0.0,24.0,0,-4.1,7,1,오전 가동 시작(7~9시),4,1,2
2021-01-17,44,45,11,11:00,30,190.0,166.0,139.5,24.0,11.0,0.0,0.0,0.0,24.0,0,-1.0,7,1,오전 가동 중(9~12시),4,1,2
2021-01-17,53,55,13,13:15,45,192.0,116.25,178.75,75.75,65.0,0.0,0.0,0.0,24.0,0,0.5,7,1,점심 정지·재개(12~14시),4,1,1
2021-01-17,59,59,14,14:45,15,189.0,177.0,169.75,12.0,10.0,0.0,0.0,0.0,24.0,0,0.8,7,1,오후 가동 중(14~17시),4,1,2
2021-01-18,39,39,9,09:45,15,186.0,168.25,164.75,17.75,24.0,622.0,592.0,30.0,15145.0,1,-1.0,1,1,오전 가동 중(9~12시),4,1,2
2021-01-18,45,46,11,11:15,30,185.0,167.0,114.75,18.0,29.0,1300.0,3127.0,-1827.0,15145.0,1,3.2,1,1,오전 가동 중(9~12시),4,1,2
2021-01-18,53,53,13,13:15,15,180.0,118.0,170.75,62.0,56.0,902.0,60.0,842.0,15145.0,1,4.4,1,1,점심 정지·재개(12~14시),4,1,1
2021-01-21,33,42,8,08:15,150,208.0,87.25,178.25,120.75,95.0,489.0,1617.0,-1128.0,17215.0,1,0.4,4,1,오전 가동 시작(7~9시),2,1,1
2021-01-21,46,47,11,11:30,30,191.0,179.5,114.5,11.5,17.0,1164.0,1884.0,-720.0,17215.0,1,9.6,4,1,오전 가동 중(9~12시),2,1,2
2021-01-21,53,59,13,13:15,105,201.0,126.0,168.5,75.0,64.0,1692.0,85.0,1607.0,17215.0,1,13.0,4,1,점심 정지·재개(12~14시),2,1,1
2021-01-21,62,62,15,15:30,15,184.0,180.5,160.75,3.5,33.0,562.0,796.0,-234.0,17215.0,1,12.2,4,1,오후 가동 중(14~17시),2,1,2
2021-01-22,42,43,10,10:30,30,189.0,158.75,172.25,30.25,49.0,915.0,786.0,129.0,15307.0,0,8.2,5,1,오전 가동 중(9~12시),4,1,2
2021-01-22,46,46,11,11:30,15,180.0,178.75,122.25,1.25,11.0,452.0,915.0,-463.0,15307.0,0,8.5,5,1,오전 가동 중(9~12시),4,1,2
2021-01-22,55,55,13,13:45,15,186.0,150.25,156.5,35.75,31.0,1215.0,286.0,929.0,15307.0,0,9.1,5,1,점심 정지·재개(12~14시),4,1,2
2021-01-24,33,35,8,08:15,45,188.0,162.0,161.75,26.0,16.0,0.0,0.0,0.0,0.0,0,8.9,7,1,오전 가동 시작(7~9시),4,1,2
2021-01-24,54,55,13,13:30,30,190.0,131.25,163.25,58.75,35.0,0.0,0.0,0.0,0.0,0,8.7,7,1,점심 정지·재개(12~14시),4,1,1
2021-01-24,63,63,15,15:45,15,180.0,144.75,162.25,35.25,39.0,0.0,0.0,0.0,0.0,0,8.7,7,1,오후 가동 중(14~17시),4,1,2
2021-01-25,43,44,10,10:45,30,184.0,168.5,168.25,15.5,6.0,383.0,417.0,-34.0,14441.0,1,9.7,1,1,오전 가동 중(9~12시),4,1,2
2021-01-25,47,47,11,11:45,15,183.0,180.0,121.75,3.0,6.0,1971.0,383.0,1588.0,14441.0,1,9.9,1,1,오전 가동 중(9~12시),4,1,2
2021-01-25,52,53,13,13:00,30,185.0,121.75,177.25,63.25,80.0,1330.0,0.0,1330.0,14441.0,1,10.7,1,1,점심 정지·재개(12~14시),4,1,1
2021-01-25,56,56,14,14:00,15,184.0,179.25,169.0,4.75,10.0,1732.0,1330.0,402.0,14441.0,1,10.6,1,1,오후 가동 중(14~17시),4,1,2
2021-01-25,61,62,15,15:15,30,186.0,169.0,166.75,17.0,4.0,926.0,1732.0,-806.0,14441.0,1,10.2,1,1,오후 가동 중(14~17시),4,1,2
2021-01-25,71,71,17,17:45,15,180.0,140.0,141.5,40.0,76.0,797.0,2269.0,-1472.0,14441.0,1,9.3,1,1,저녁·야간(17시~),4,1,2
2021-01-28,34,37,8,08:30,60,198.0,117.25,166.25,80.75,46.0,375.0,16.0,359.0,13830.0,1,2.0,4,1,오전 가동 시작(7~9시),2,1,1
2021-01-28,41,42,10,10:15,30,184.0,165.75,178.75,18.25,12.0,810.0,347.0,463.0,13830.0,1,5.7,4,1,오전 가동 중(9~12시),2,1,2
2021-01-28,46,47,11,11:30,30,193.0,176.0,121.25,17.0,17.0,1049.0,810.0,239.0,13830.0,1,9.3,4,1,오전 가동 중(9~12시),2,1,2
2021-01-28,53,56,13,13:15,60,191.0,130.75,173.25,60.25,54.0,1034.0,309.0,725.0,13830.0,1,11.0,4,1,점심 정지·재개(12~14시),2,1,1
2021-01-28,59,63,14,14:45,75,194.0,180.75,167.75,13.25,18.0,2238.0,1034.0,1204.0,13830.0,1,11.3,4,1,오후 가동 중(14~17시),2,1,2
2021-01-28,72,73,18,18:00,30,185.0,150.0,166.5,35.0,17.0,971.0,512.0,459.0,13830.0,1,0.9,4,1,저녁·야간(17시~),2,1,2
2021-01-29,32,36,8,08:00,75,222.0,136.75,168.25,85.25,36.0,364.0,1288.0,-924.0,16340.0,0,-6.8,5,1,오전 가동 시작(7~9시),3,1,1
2021-01-29,44,47,11,11:00,60,200.0,162.75,117.75,37.25,7.0,1135.0,601.0,534.0,16340.0,0,-4.2,5,1,오전 가동 중(9~12시),3,1,2
2021-01-29,53,58,13,13:15,90,194.0,129.0,166.25,65.0,61.0,809.0,2095.0,-1286.0,16340.0,0,-2.0,5,1,점심 정지·재개(12~14시),3,1,1
2021-01-30,34,37,8,08:30,60,193.0,156.5,164.25,36.5,21.0,0.0,783.0,-783.0,1532.0,0,-5.0,6,1,오전 가동 시작(7~9시),3,1,2
2021-01-30,55,55,13,13:45,15,184.0,147.75,165.75,36.25,18.0,0.0,0.0,0.0,1532.0,0,8.2,6,1,점심 정지·재개(12~14시),3,1,2
2021-01-30,70,70,17,17:30,15,181.0,147.75,160.0,33.25,48.0,0.0,0.0,0.0,1532.0,0,8.6,6,1,저녁·야간(17시~),3,1,2
2021-02-01,35,35,8,08:45,15,195.0,165.25,173.0,29.75,17.0,541.0,0.0,541.0,20368.0,1,9.9,1,2,오전 가동 시작(7~9시),3,1,2
2021-02-01,39,45,9,09:45,105,187.0,176.25,126.5,10.75,15.0,432.0,541.0,-109.0,20368.0,1,9.8,1,2,오전 가동 중(9~12시),3,1,2
2021-02-02,37,37,9,09:15,15,180.0,172.75,166.75,7.25,3.0,1354.0,789.0,565.0,20128.0,0,-0.4,2,2,오전 가동 중(9~12시),3,1,2
2021-02-02,42,44,10,10:30,45,191.0,166.75,147.0,24.25,58.0,847.0,1354.0,-507.0,20128.0,0,0.2,2,2,오전 가동 중(9~12시),3,1,2
2021-02-02,53,55,13,13:15,45,189.0,121.25,177.0,67.75,58.0,2071.0,25.0,2046.0,20128.0,0,2.0,2,2,점심 정지·재개(12~14시),3,1,1
2021-02-02,58,58,14,14:30,15,180.0,177.5,163.5,2.5,5.0,1125.0,2071.0,-946.0,20128.0,0,2.2,2,2,오후 가동 중(14~17시),3,1,2
2021-02-03,33,33,8,08:15,15,181.0,141.75,170.0,39.25,32.0,234.0,873.0,-639.0,14536.0,0,-3.9,3,2,오전 가동 시작(7~9시),3,1,2
2021-02-08,63,63,15,15:45,15,180.0,160.25,158.0,19.75,7.0,1722.0,2129.0,-407.0,15707.0,1,4.9,1,2,오후 가동 중(14~17시),4,0,2
2021-02-09,41,41,10,10:15,15,180.0,164.0,171.0,16.0,16.0,477.0,636.0,-159.0,15164.0,0,0.6,2,2,오전 가동 중(9~12시),3,1,2
2021-02-09,55,55,13,13:45,15,181.0,154.5,165.25,26.5,19.0,1161.0,65.0,1096.0,15164.0,0,6.0,2,2,점심 정지·재개(12~14시),3,1,2
2021-02-15,33,39,8,08:15,105,198.0,147.25,164.25,50.75,46.0,635.0,0.0,635.0,15827.0,1,10.2,1,2,오전 가동 시작(7~9시),4,0,1
2021-02-15,42,42,10,10:30,15,181.0,169.0,168.25,12.0,43.0,825.0,1362.0,-537.0,15827.0,1,11.5,1,2,오전 가동 중(9~12시),4,0,2
2021-02-15,45,47,11,11:15,45,184.0,170.25,111.75,13.75,16.0,2724.0,825.0,1899.0,15827.0,1,12.8,1,2,오전 가동 중(9~12시),4,0,2
2021-02-15,56,57,14,14:00,30,182.0,171.25,162.5,10.75,12.0,2004.0,2776.0,-772.0,15827.0,1,12.6,1,2,오후 가동 중(14~17시),4,0,2
2021-02-15,66,66,16,16:30,15,181.0,171.25,133.75,9.75,15.0,903.0,154.0,749.0,15827.0,1,11.2,1,2,오후 가동 중(14~17시),4,0,2
2021-02-16,33,34,8,08:15,30,185.0,148.75,174.75,36.25,24.0,453.0,2149.0,-1696.0,19266.0,0,-1.6,2,2,오전 가동 시작(7~9시),3,1,2
2021-02-16,38,39,9,09:30,30,192.0,173.0,178.0,19.0,16.0,518.0,453.0,65.0,19266.0,0,0.2,2,2,오전 가동 중(9~12시),3,1,2
2021-02-16,42,44,10,10:30,45,193.0,177.0,159.25,16.0,43.0,803.0,518.0,285.0,19266.0,0,1.5,2,2,오전 가동 중(9~12시),3,1,2
2021-02-16,62,62,15,15:30,15,180.0,165.25,167.5,14.75,42.0,2195.0,3995.0,-1800.0,19266.0,0,6.4,2,2,오후 가동 중(14~17시),3,1,2
2021-02-17,33,37,8,08:15,75,197.0,155.5,166.0,41.5,35.0,479.0,1612.0,-1133.0,19628.0,0,-4.9,3,2,오전 가동 시작(7~9시),4,0,2
2021-02-17,44,45,11,11:00,30,190.0,166.0,139.5,24.0,11.0,792.0,1510.0,-718.0,19628.0,0,-2.4,3,2,오전 가동 중(9~12시),4,0,2
2021-02-17,53,55,13,13:15,45,192.0,116.25,178.75,75.75,65.0,819.0,269.0,550.0,19628.0,0,-1.6,3,2,점심 정지·재개(12~14시),4,0,1
2021-02-17,59,59,14,14:45,15,189.0,177.0,169.75,12.0,10.0,1272.0,819.0,453.0,19628.0,0,-1.2,3,2,오후 가동 중(14~17시),4,0,2
2021-02-18,39,39,9,09:45,15,186.0,168.25,164.75,17.75,24.0,1493.0,197.0,1296.0,16183.0,0,-6.3,4,2,오전 가동 중(9~12시),4,0,2
2021-02-18,45,46,11,11:15,30,185.0,167.0,114.75,18.0,29.0,772.0,801.0,-29.0,16183.0,0,-4.2,4,2,오전 가동 중(9~12시),4,0,2
2021-02-18,53,53,13,13:15,15,180.0,118.0,170.75,62.0,56.0,768.0,74.0,694.0,16183.0,0,-1.7,4,2,점심 정지·재개(12~14시),4,0,1
2021-02-22,42,43,10,10:30,30,189.0,158.75,172.25,30.25,49.0,873.0,976.0,-103.0,20273.0,1,16.9,1,2,오전 가동 중(9~12시),4,0,2
2021-02-22,46,46,11,11:30,15,180.0,178.75,122.25,1.25,11.0,2168.0,873.0,1295.0,20273.0,1,19.0,1,2,오전 가동 중(9~12시),4,0,2
2021-02-22,55,55,13,13:45,15,186.0,150.25,156.5,35.75,31.0,773.0,84.0,689.0,20273.0,1,22.2,1,2,점심 정지·재개(12~14시),4,0,2
2021-02-24,33,35,8,08:15,45,188.0,162.0,161.75,26.0,16.0,711.0,1196.0,-485.0,14979.0,0,3.1,3,2,오전 가동 시작(7~9시),4,0,2
2021-02-24,54,55,13,13:30,30,190.0,131.25,163.25,58.75,35.0,1761.0,24.0,1737.0,14979.0,0,9.3,3,2,점심 정지·재개(12~14시),4,0,1
2021-02-24,63,63,15,15:45,15,180.0,144.75,162.25,35.25,39.0,678.0,814.0,-136.0,14979.0,0,8.5,3,2,오후 가동 중(14~17시),4,0,2
2021-02-25,43,44,10,10:45,30,184.0,168.5,168.25,15.5,6.0,1117.0,1265.0,-148.0,19571.0,0,10.1,4,2,오전 가동 중(9~12시),4,0,2
2021-02-25,47,47,11,11:45,15,183.0,180.0,121.75,3.0,6.0,3784.0,1117.0,2667.0,19571.0,0,10.1,4,2,오전 가동 중(9~12시),4,0,2
2021-02-25,52,53,13,13:00,30,185.0,121.75,177.25,63.25,80.0,1573.0,144.0,1429.0,19571.0,0,10.4,4,2,점심 정지·재개(12~14시),4,0,1
2021-02-25,56,56,14,14:00,15,184.0,179.25,169.0,4.75,10.0,887.0,1573.0,-686.0,19571.0,0,10.9,4,2,오후 가동 중(14~17시),4,0,2
2021-02-25,61,62,15,15:15,30,186.0,169.0,166.75,17.0,4.0,599.0,887.0,-288.0,19571.0,0,11.4,4,2,오후 가동 중(14~17시),4,0,2
2021-02-25,71,71,17,17:45,15,180.0,140.0,141.5,40.0,76.0,1389.0,1763.0,-374.0,19571.0,0,9.4,4,2,저녁·야간(17시~),4,0,2
2021-03-01,35,35,8,08:45,15,195.0,165.25,173.0,29.75,17.0,0.0,0.0,0.0,0.0,0,13.1,1,3,오전 가동 시작(7~9시),3,0,2
2021-03-01,39,45,9,09:45,105,187.0,176.25,126.5,10.75,15.0,0.0,0.0,0.0,0.0,0,14.2,1,3,오전 가동 중(9~12시),3,0,2
2021-03-02,37,37,9,09:15,15,180.0,172.75,166.75,7.25,3.0,660.0,375.0,285.0,18267.0,1,2.8,2,3,오전 가동 중(9~12시),3,0,2
2021-03-02,42,44,10,10:30,45,191.0,166.75,147.0,24.25,58.0,527.0,660.0,-133.0,18267.0,1,3.1,2,3,오전 가동 중(9~12시),3,0,2
2021-03-02,53,55,13,13:15,45,189.0,121.25,177.0,67.75,58.0,869.0,305.0,564.0,18267.0,1,4.3,2,3,점심 정지·재개(12~14시),3,0,1
2021-03-02,58,58,14,14:30,15,180.0,177.5,163.5,2.5,5.0,884.0,869.0,15.0,18267.0,1,4.5,2,3,오후 가동 중(14~17시),3,0,2
2021-03-03,33,33,8,08:15,15,181.0,141.75,170.0,39.25,32.0,321.0,1251.0,-930.0,17220.0,0,0.9,3,3,오전 가동 시작(7~9시),3,0,2
2021-03-07,34,35,8,08:30,30,182.0,119.25,166.0,62.75,31.0,0.0,0.0,0.0,0.0,0,4.5,7,3,오전 가동 시작(7~9시),1,1,1
2021-03-07,54,54,13,13:30,15,182.0,144.25,174.0,37.75,13.0,0.0,0.0,0.0,0.0,0,6.7,7,3,점심 정지·재개(12~14시),1,1,2
2021-03-07,58,58,14,14:30,15,180.0,174.5,163.25,5.5,15.0,0.0,0.0,0.0,0.0,0,8.1,7,3,오후 가동 중(14~17시),1,1,2
2021-03-08,63,63,15,15:45,15,180.0,160.25,158.0,19.75,7.0,1024.0,1976.0,-952.0,14362.0,1,10.2,1,3,오후 가동 중(14~17시),4,0,2
2021-03-09,41,41,10,10:15,15,180.0,164.0,171.0,16.0,16.0,688.0,727.0,-39.0,17492.0,0,8.3,2,3,오전 가동 중(9~12시),3,0,2
2021-03-09,55,55,13,13:45,15,181.0,154.5,165.25,26.5,19.0,851.0,20.0,831.0,17492.0,0,12.4,2,3,점심 정지·재개(12~14시),3,0,2
2021-03-14,34,36,8,08:30,45,204.0,128.0,171.25,76.0,43.0,0.0,0.0,0.0,0.0,0,7.5,7,3,오전 가동 시작(7~9시),3,0,1
2021-03-14,39,42,9,09:45,60,180.0,184.25,179.25,-4.25,2.0,0.0,0.0,0.0,0.0,0,9.7,7,3,오전 가동 중(9~12시),3,0,2
2021-03-14,45,46,11,11:15,30,190.0,175.0,127.5,15.0,23.0,0.0,0.0,0.0,0.0,0,13.8,7,3,오전 가동 중(9~12시),3,0,2
2021-03-14,53,56,13,13:15,60,192.0,131.75,167.5,60.25,47.0,0.0,0.0,0.0,0.0,0,14.6,7,3,점심 정지·재개(12~14시),3,0,1
2021-03-14,61,64,15,15:15,60,192.0,167.5,158.75,24.5,5.0,0.0,0.0,0.0,0.0,0,16.0,7,3,오후 가동 중(14~17시),3,0,2
2021-03-14,72,73,18,18:00,30,182.0,146.25,162.25,35.75,23.0,0.0,0.0,0.0,0.0,0,12.6,7,3,저녁·야간(17시~),3,0,2
2021-03-15,33,39,8,08:15,105,198.0,147.25,164.25,50.75,46.0,1007.0,0.0,1007.0,16373.0,1,8.0,1,3,오전 가동 시작(7~9시),4,0,1
2021-03-15,42,42,10,10:30,15,181.0,169.0,168.25,12.0,43.0,686.0,1074.0,-388.0,16373.0,1,13.6,1,3,오전 가동 중(9~12시),4,0,2
2021-03-15,45,47,11,11:15,45,184.0,170.25,111.75,13.75,16.0,1661.0,686.0,975.0,16373.0,1,16.0,1,3,오전 가동 중(9~12시),4,0,2
2021-03-15,56,57,14,14:00,30,182.0,171.25,162.5,10.75,12.0,635.0,1059.0,-424.0,16373.0,1,17.6,1,3,오후 가동 중(14~17시),4,0,2
2021-03-15,66,66,16,16:30,15,181.0,171.25,133.75,9.75,15.0,1163.0,564.0,599.0,16373.0,1,17.2,1,3,오후 가동 중(14~17시),4,0,2
2021-03-16,33,34,8,08:15,30,185.0,148.75,174.75,36.25,24.0,931.0,546.0,385.0,19441.0,0,13.4,2,3,오전 가동 시작(7~9시),3,0,2
2021-03-16,38,39,9,09:30,30,192.0,173.0,178.0,19.0,16.0,818.0,931.0,-113.0,19441.0,0,16.5,2,3,오전 가동 중(9~12시),3,0,2
2021-03-16,42,44,10,10:30,45,193.0,177.0,159.25,16.0,43.0,951.0,818.0,133.0,19441.0,0,17.4,2,3,오전 가동 중(9~12시),3,0,2
2021-03-16,62,62,15,15:30,15,180.0,165.25,167.5,14.75,42.0,1848.0,891.0,957.0,19441.0,0,21.2,2,3,오후 가동 중(14~17시),3,0,2
2021-03-17,33,37,8,08:15,75,197.0,155.5,166.0,41.5,35.0,258.0,334.0,-76.0,15807.0,0,8.1,3,3,오전 가동 시작(7~9시),4,0,2
2021-03-17,44,45,11,11:00,30,190.0,166.0,139.5,24.0,11.0,1685.0,512.0,1173.0,15807.0,0,13.2,3,3,오전 가동 중(9~12시),4,0,2
2021-03-17,53,55,13,13:15,45,192.0,116.25,178.75,75.75,65.0,1088.0,0.0,1088.0,15807.0,0,13.6,3,3,점심 정지·재개(12~14시),4,0,1
2021-03-17,59,59,14,14:45,15,189.0,177.0,169.75,12.0,10.0,636.0,1088.0,-452.0,15807.0,0,13.1,3,3,오후 가동 중(14~17시),4,0,2
2021-03-18,39,39,9,09:45,15,186.0,168.25,164.75,17.75,24.0,2626.0,309.0,2317.0,15939.0,0,10.0,4,3,오전 가동 중(9~12시),4,0,2
2021-03-18,45,46,11,11:15,30,185.0,167.0,114.75,18.0,29.0,644.0,597.0,47.0,15939.0,0,12.7,4,3,오전 가동 중(9~12시),4,0,2
2021-03-18,53,53,13,13:15,15,180.0,118.0,170.75,62.0,56.0,3045.0,203.0,2842.0,15939.0,0,13.0,4,3,점심 정지·재개(12~14시),4,0,1
2021-03-21,33,42,8,08:15,150,208.0,55.5,178.25,152.5,171.0,0.0,0.0,0.0,0.0,0,8.8,7,3,오전 가동 시작(7~9시),1,1,1
2021-03-21,46,47,11,11:30,30,191.0,179.5,114.5,11.5,17.0,0.0,0.0,0.0,0.0,0,11.5,7,3,오전 가동 중(9~12시),1,1,2
2021-03-21,53,59,13,13:15,105,201.0,126.0,168.5,75.0,64.0,0.0,0.0,0.0,0.0,0,12.3,7,3,점심 정지·재개(12~14시),1,1,1
2021-03-21,62,62,15,15:30,15,184.0,180.5,160.75,3.5,33.0,0.0,0.0,0.0,0.0,0,12.0,7,3,오후 가동 중(14~17시),1,1,2
2021-03-22,42,43,10,10:30,30,189.0,158.75,172.25,30.25,49.0,2924.0,710.0,2214.0,20869.0,1,7.0,1,3,오전 가동 중(9~12시),4,0,2
2021-03-22,46,46,11,11:30,15,180.0,178.75,122.25,1.25,11.0,1318.0,2924.0,-1606.0,20869.0,1,8.6,1,3,오전 가동 중(9~12시),4,0,2
2021-03-22,55,55,13,13:45,15,186.0,150.25,156.5,35.75,31.0,781.0,1133.0,-352.0,20869.0,1,10.7,1,3,점심 정지·재개(12~14시),4,0,2
2021-03-24,33,35,8,08:15,45,188.0,162.0,161.75,26.0,16.0,524.0,969.0,-445.0,16284.0,0,9.8,3,3,오전 가동 시작(7~9시),4,0,2
2021-03-24,54,55,13,13:30,30,190.0,131.25,163.25,58.75,35.0,1998.0,89.0,1909.0,16284.0,0,16.4,3,3,점심 정지·재개(12~14시),4,0,1
2021-03-24,63,63,15,15:45,15,180.0,144.75,162.25,35.25,39.0,1070.0,2394.0,-1324.0,16284.0,0,17.5,3,3,오후 가동 중(14~17시),4,0,2
2021-03-25,43,44,10,10:45,30,184.0,168.5,168.25,15.5,6.0,1223.0,866.0,357.0,18867.0,0,15.2,4,3,오전 가동 중(9~12시),4,0,2
2021-03-25,47,47,11,11:45,15,183.0,180.0,121.75,3.0,6.0,727.0,1223.0,-496.0,18867.0,0,16.4,4,3,오전 가동 중(9~12시),4,0,2
2021-03-25,52,53,13,13:00,30,185.0,121.75,177.25,63.25,80.0,1322.0,0.0,1322.0,18867.0,0,19.0,4,3,점심 정지·재개(12~14시),4,0,1
2021-03-25,56,56,14,14:00,15,184.0,179.25,169.0,4.75,10.0,6064.0,1322.0,4742.0,18867.0,0,18.7,4,3,오후 가동 중(14~17시),4,0,2
2021-03-25,61,62,15,15:15,30,186.0,169.0,166.75,17.0,4.0,2397.0,6064.0,-3667.0,18867.0,0,17.8,4,3,오후 가동 중(14~17시),4,0,2
2021-03-25,71,71,17,17:45,15,180.0,140.0,141.5,40.0,76.0,396.0,635.0,-239.0,18867.0,0,16.5,4,3,저녁·야간(17시~),4,0,2
2021-03-28,34,37,8,08:30,60,198.0,90.5,166.25,107.5,46.0,0.0,0.0,0.0,0.0,0,16.4,7,3,오전 가동 시작(7~9시),1,1,1
2021-03-28,41,42,10,10:15,30,184.0,165.75,178.75,18.25,12.0,0.0,0.0,0.0,0.0,0,17.7,7,3,오전 가동 중(9~12시),1,1,2
2021-03-28,46,47,11,11:30,30,193.0,176.0,121.25,17.0,17.0,0.0,0.0,0.0,0.0,0,18.6,7,3,오전 가동 중(9~12시),1,1,2
2021-03-28,53,56,13,13:15,60,191.0,130.75,173.25,60.25,54.0,0.0,0.0,0.0,0.0,0,20.4,7,3,점심 정지·재개(12~14시),1,1,1
2021-03-28,59,63,14,14:45,75,194.0,180.75,167.75,13.25,18.0,0.0,0.0,0.0,0.0,0,20.7,7,3,오후 가동 중(14~17시),1,1,2
2021-03-28,72,73,18,18:00,30,185.0,150.0,166.5,35.0,17.0,0.0,0.0,0.0,0.0,0,20.3,7,3,저녁·야간(17시~),1,1,2
2021-03-29,32,36,8,08:00,75,222.0,136.75,168.25,85.25,36.0,1644.0,10.0,1634.0,15502.0,1,14.0,1,3,오전 가동 시작(7~9시),3,0,1
2021-03-29,44,47,11,11:00,60,200.0,162.75,117.75,37.25,7.0,1059.0,720.0,339.0,15502.0,1,17.3,1,3,오전 가동 중(9~12시),3,0,2
2021-03-29,53,58,13,13:15,90,194.0,129.0,166.25,65.0,61.0,669.0,52.0,617.0,15502.0,1,18.6,1,3,점심 정지·재개(12~14시),3,0,1
2021-03-30,34,37,8,08:30,60,193.0,156.5,164.25,36.5,21.0,736.0,534.0,202.0,24212.0,0,11.6,2,3,오전 가동 시작(7~9시),3,0,2
2021-03-30,55,55,13,13:45,15,184.0,147.75,165.75,36.25,18.0,946.0,7208.0,-6262.0,24212.0,0,18.3,2,3,점심 정지·재개(12~14시),3,0,2
2021-03-30,70,70,17,17:30,15,181.0,147.75,160.0,33.25,48.0,1514.0,1290.0,224.0,24212.0,0,16.2,2,3,저녁·야간(17시~),3,0,2
2021-04-01,33,36,8,08:15,60,184.0,91.5,156.0,92.5,87.0,398.0,1231.0,-833.0,14821.0,1,13.7,4,4,오전 가동 시작(7~9시),3,1,1
2021-04-01,54,54,13,13:30,15,182.0,145.25,170.25,36.75,5.0,529.0,35.0,494.0,14821.0,1,16.4,4,4,점심 정지·재개(12~14시),3,1,2
2021-04-02,33,33,8,08:15,15,181.0,139.5,166.5,41.5,42.0,0.0,1172.0,-1172.0,2134.0,0,12.9,5,4,오전 가동 시작(7~9시),3,1,2
2021-04-02,59,59,14,14:45,15,180.0,161.25,159.0,18.75,17.0,0.0,0.0,0.0,2134.0,0,17.0,5,4,오후 가동 중(14~17시),3,1,2
2021-04-05,33,36,8,08:15,60,184.0,91.5,156.0,92.5,87.0,1029.0,0.0,1029.0,17709.0,1,8.9,1,4,오전 가동 시작(7~9시),3,0,1
2021-04-05,54,54,13,13:30,15,182.0,145.25,170.25,36.75,5.0,1267.0,72.0,1195.0,17709.0,1,13.7,1,4,점심 정지·재개(12~14시),3,0,2
2021-04-06,33,33,8,08:15,15,181.0,139.5,166.5,41.5,42.0,1007.0,531.0,476.0,18060.0,0,8.5,2,4,오전 가동 시작(7~9시),3,0,2
2021-04-06,59,59,14,14:45,15,180.0,161.25,159.0,18.75,17.0,1218.0,960.0,258.0,18060.0,0,17.9,2,4,오후 가동 중(14~17시),3,0,2
2021-04-07,33,39,8,08:15,105,199.0,90.25,164.5,108.75,96.0,669.0,593.0,76.0,16556.0,0,13.6,3,4,오전 가동 시작(7~9시),2,1,1
2021-04-08,34,35,8,08:30,30,181.0,146.5,170.0,34.5,27.0,458.0,826.0,-368.0,15068.0,0,13.4,4,4,오전 가동 시작(7~9시),2,1,2
2021-04-09,33,35,8,08:15,45,184.0,97.0,158.0,87.0,49.0,342.0,440.0,-98.0,15895.0,0,10.7,5,4,오전 가동 시작(7~9시),3,1,1
2021-04-12,52,52,13,13:00,15,182.0,98.75,170.75,83.25,99.0,580.0,305.0,275.0,16126.0,1,14.4,1,4,점심 정지·재개(12~14시),6,1,1
2021-04-13,52,52,13,13:00,15,182.0,98.75,170.75,83.25,99.0,1208.0,44.0,1164.0,20850.0,0,19.4,2,4,점심 정지·재개(12~14시),6,0,1
2021-04-14,52,52,13,13:00,15,182.0,98.75,170.75,83.25,99.0,1032.0,532.0,500.0,17711.0,0,14.5,3,4,점심 정지·재개(12~14시),6,0,1
2021-04-15,52,52,13,13:00,15,182.0,98.75,170.75,83.25,99.0,1022.0,21.0,1001.0,16202.0,0,15.6,4,4,점심 정지·재개(12~14시),6,0,1
2021-04-16,52,52,13,13:00,15,182.0,98.75,170.75,83.25,99.0,1657.0,3130.0,-1473.0,19753.0,0,18.9,5,4,점심 정지·재개(12~14시),6,0,1
2021-05-03,33,36,8,08:15,60,184.0,91.5,156.0,92.5,87.0,784.0,0.0,784.0,14606.0,1,13.3,1,5,오전 가동 시작(7~9시),3,0,1
2021-05-03,54,54,13,13:30,15,182.0,145.25,170.25,36.75,5.0,505.0,680.0,-175.0,14606.0,1,21.1,1,5,점심 정지·재개(12~14시),3,0,2
2021-05-04,33,33,8,08:15,15,181.0,139.5,166.5,41.5,42.0,473.0,1140.0,-667.0,16356.0,0,17.3,2,5,오전 가동 시작(7~9시),3,0,2
2021-05-04,59,59,14,14:45,15,180.0,161.25,159.0,18.75,17.0,658.0,1749.0,-1091.0,16356.0,0,19.5,2,5,오후 가동 중(14~17시),3,0,2
2021-05-06,33,39,8,08:15,105,199.0,90.25,164.5,108.75,96.0,424.0,0.0,424.0,21648.0,1,14.6,4,5,오전 가동 시작(7~9시),2,0,1
2021-05-07,34,35,8,08:30,30,181.0,146.5,170.0,34.5,27.0,321.0,1465.0,-1144.0,15641.0,0,17.6,5,5,오전 가동 시작(7~9시),2,0,2
2021-05-09,33,35,8,08:15,45,184.0,97.0,158.0,87.0,49.0,0.0,0.0,0.0,0.0,0,17.1,7,5,오전 가동 시작(7~9시),3,0,1
2021-05-10,33,35,8,08:15,45,184.0,97.0,158.0,87.0,49.0,837.0,0.0,837.0,16646.0,1,13.9,1,5,오전 가동 시작(7~9시),3,0,1
2021-05-11,52,52,13,13:00,15,185.0,100.0,170.75,85.0,98.0,2483.0,0.0,2483.0,22088.0,0,18.0,2,5,점심 정지·재개(12~14시),1,1,1
2021-05-12,45,45,11,11:15,15,183.0,158.5,124.0,24.5,17.0,952.0,941.0,11.0,20189.0,0,17.0,3,5,오전 가동 중(9~12시),1,1,2
2021-05-12,53,53,13,13:15,15,184.0,114.25,172.0,69.75,59.0,1820.0,104.0,1716.0,20189.0,0,19.3,3,5,점심 정지·재개(12~14시),1,1,1
2021-05-17,35,36,8,08:45,30,192.0,147.25,145.5,44.75,14.0,468.0,24.0,444.0,13391.0,1,14.5,1,5,오전 가동 시작(7~9시),1,1,2
2021-05-17,42,43,10,10:30,30,180.0,152.0,169.0,28.0,56.0,293.0,1009.0,-716.0,13391.0,1,14.9,1,5,오전 가동 중(9~12시),1,1,2
2021-05-17,47,47,11,11:45,15,186.0,167.5,103.75,18.5,28.0,1178.0,293.0,885.0,13391.0,1,15.6,1,5,오전 가동 중(9~12시),1,1,2
2021-05-18,52,52,13,13:00,15,182.0,98.75,170.75,83.25,99.0,996.0,204.0,792.0,23411.0,0,17.4,2,5,점심 정지·재개(12~14시),6,0,1
2021-05-20,52,52,13,13:00,15,181.0,105.5,162.0,75.5,91.0,1467.0,124.0,1343.0,15890.0,1,16.5,4,5,점심 정지·재개(12~14시),1,1,1
2021-06-01,35,35,8,08:45,15,195.0,165.25,173.0,29.75,17.0,1518.0,1235.0,283.0,17704.0,0,21.8,2,6,오전 가동 시작(7~9시),3,0,2
2021-06-01,39,45,9,09:45,105,187.0,176.25,126.5,10.75,15.0,966.0,1518.0,-552.0,17704.0,0,22.3,2,6,오전 가동 중(9~12시),3,0,2
2021-06-02,37,37,9,09:15,15,180.0,172.75,166.75,7.25,3.0,1944.0,338.0,1606.0,23620.0,0,25.1,3,6,오전 가동 중(9~12시),3,0,2
2021-06-02,42,44,10,10:30,45,191.0,166.75,147.0,24.25,58.0,764.0,1944.0,-1180.0,23620.0,0,25.8,3,6,오전 가동 중(9~12시),3,0,2
2021-06-02,53,55,13,13:15,45,189.0,121.25,177.0,67.75,58.0,5882.0,343.0,5539.0,23620.0,0,25.7,3,6,점심 정지·재개(12~14시),3,0,1
2021-06-02,58,58,14,14:30,15,180.0,177.5,163.5,2.5,5.0,1072.0,5882.0,-4810.0,23620.0,0,25.1,3,6,오후 가동 중(14~17시),3,0,2
2021-06-03,33,33,8,08:15,15,181.0,141.75,170.0,39.25,32.0,1187.0,935.0,252.0,22814.0,0,20.0,4,6,오전 가동 시작(7~9시),3,0,2
2021-06-07,34,35,8,08:30,30,182.0,119.25,166.0,62.75,31.0,876.0,0.0,876.0,16624.0,1,25.8,1,6,오전 가동 시작(7~9시),2,0,1
2021-06-07,54,54,13,13:30,15,182.0,144.25,174.0,37.75,13.0,1242.0,100.0,1142.0,16624.0,1,27.8,1,6,점심 정지·재개(12~14시),2,0,2
2021-06-07,58,58,14,14:30,15,180.0,174.5,163.25,5.5,15.0,1430.0,1242.0,188.0,16624.0,1,29.2,1,6,오후 가동 중(14~17시),2,0,2
2021-06-08,63,63,15,15:45,15,180.0,160.25,158.0,19.75,7.0,1058.0,1321.0,-263.0,17157.0,0,26.3,2,6,오후 가동 중(14~17시),4,0,2
2021-06-09,41,41,10,10:15,15,180.0,164.0,171.0,16.0,16.0,5042.0,1219.0,3823.0,16670.0,0,26.5,3,6,오전 가동 중(9~12시),3,0,2
2021-06-09,55,55,13,13:45,15,181.0,154.5,165.25,26.5,19.0,1455.0,0.0,1455.0,16670.0,0,26.6,3,6,점심 정지·재개(12~14시),3,0,2
2021-06-14,34,36,8,08:30,45,204.0,128.0,171.25,76.0,43.0,218.0,0.0,218.0,13133.0,1,23.0,1,6,오전 가동 시작(7~9시),3,0,1
2021-06-14,39,42,9,09:45,60,180.0,184.25,179.25,-4.25,2.0,701.0,218.0,483.0,13133.0,1,25.1,1,6,오전 가동 중(9~12시),3,0,2
2021-06-14,45,46,11,11:15,30,190.0,175.0,127.5,15.0,23.0,1351.0,434.0,917.0,13133.0,1,24.4,1,6,오전 가동 중(9~12시),3,0,2
2021-06-14,53,56,13,13:15,60,192.0,131.75,167.5,60.25,47.0,2839.0,0.0,2839.0,13133.0,1,22.4,1,6,점심 정지·재개(12~14시),3,0,1
2021-06-14,61,64,15,15:15,60,192.0,167.5,158.75,24.5,5.0,960.0,984.0,-24.0,13133.0,1,23.0,1,6,오후 가동 중(14~17시),3,0,2
2021-06-14,72,73,18,18:00,30,182.0,146.25,162.25,35.75,23.0,829.0,1417.0,-588.0,13133.0,1,21.3,1,6,저녁·야간(17시~),3,0,2
2021-06-15,33,39,8,08:15,105,198.0,147.25,164.25,50.75,46.0,2120.0,1228.0,892.0,21534.0,0,22.0,2,6,오전 가동 시작(7~9시),4,0,1
2021-06-15,42,42,10,10:30,15,181.0,169.0,168.25,12.0,43.0,1189.0,1455.0,-266.0,21534.0,0,21.9,2,6,오전 가동 중(9~12시),4,0,2
2021-06-15,45,47,11,11:15,45,184.0,170.25,111.75,13.75,16.0,1370.0,1189.0,181.0,21534.0,0,21.8,2,6,오전 가동 중(9~12시),4,0,2
2021-06-15,56,57,14,14:00,30,182.0,171.25,162.5,10.75,12.0,923.0,2845.0,-1922.0,21534.0,0,21.2,2,6,오후 가동 중(14~17시),4,0,2
2021-06-15,66,66,16,16:30,15,181.0,171.25,133.75,9.75,15.0,3214.0,994.0,2220.0,21534.0,0,20.6,2,6,오후 가동 중(14~17시),4,0,2
2021-06-16,33,34,8,08:15,30,185.0,148.75,174.75,36.25,24.0,1140.0,682.0,458.0,16985.0,0,19.3,3,6,오전 가동 시작(7~9시),3,0,2
2021-06-16,38,39,9,09:30,30,192.0,173.0,178.0,19.0,16.0,1405.0,1140.0,265.0,16985.0,0,19.2,3,6,오전 가동 중(9~12시),3,0,2
2021-06-16,42,44,10,10:30,45,193.0,177.0,159.25,16.0,43.0,873.0,1405.0,-532.0,16985.0,0,19.3,3,6,오전 가동 중(9~12시),3,0,2
2021-06-16,62,62,15,15:30,15,180.0,165.25,167.5,14.75,42.0,1068.0,2028.0,-960.0,16985.0,0,19.9,3,6,오후 가동 중(14~17시),3,0,2
2021-06-17,33,37,8,08:15,75,197.0,155.5,166.0,41.5,35.0,1191.0,591.0,600.0,16681.0,0,18.3,4,6,오전 가동 시작(7~9시),4,0,2
2021-06-17,44,45,11,11:00,30,190.0,166.0,139.5,24.0,11.0,3403.0,711.0,2692.0,16681.0,0,19.6,4,6,오전 가동 중(9~12시),4,0,2
2021-06-17,53,55,13,13:15,45,192.0,116.25,178.75,75.75,65.0,1735.0,202.0,1533.0,16681.0,0,20.2,4,6,점심 정지·재개(12~14시),4,0,1
2021-06-17,59,59,14,14:45,15,189.0,177.0,169.75,12.0,10.0,802.0,1735.0,-933.0,16681.0,0,20.2,4,6,오후 가동 중(14~17시),4,0,2
2021-06-18,39,39,9,09:45,15,186.0,168.25,164.75,17.75,24.0,680.0,470.0,210.0,16376.0,0,20.3,5,6,오전 가동 중(9~12시),4,0,2
2021-06-18,45,46,11,11:15,30,185.0,167.0,114.75,18.0,29.0,982.0,771.0,211.0,16376.0,0,23.2,5,6,오전 가동 중(9~12시),4,0,2
2021-06-18,53,53,13,13:15,15,180.0,118.0,170.75,62.0,56.0,2310.0,235.0,2075.0,16376.0,0,25.0,5,6,점심 정지·재개(12~14시),4,0,1
2021-06-21,33,42,8,08:15,150,208.0,87.25,178.25,120.75,95.0,180.0,0.0,180.0,15640.0,1,25.2,1,6,오전 가동 시작(7~9시),2,0,1
2021-06-21,46,47,11,11:30,30,191.0,179.5,114.5,11.5,17.0,2287.0,1175.0,1112.0,15640.0,1,27.8,1,6,오전 가동 중(9~12시),2,0,2
2021-06-21,53,59,13,13:15,105,201.0,126.0,168.5,75.0,64.0,642.0,24.0,618.0,15640.0,1,24.8,1,6,점심 정지·재개(12~14시),2,0,1
2021-06-21,62,62,15,15:30,15,184.0,180.5,160.75,3.5,33.0,1258.0,1038.0,220.0,15640.0,1,21.1,1,6,오후 가동 중(14~17시),2,0,2
2021-06-22,42,43,10,10:30,30,189.0,158.75,172.25,30.25,49.0,1033.0,4451.0,-3418.0,19284.0,0,20.4,2,6,오전 가동 중(9~12시),4,0,2
2021-06-22,46,46,11,11:30,15,180.0,178.75,122.25,1.25,11.0,1559.0,1033.0,526.0,19284.0,0,21.7,2,6,오전 가동 중(9~12시),4,0,2
2021-06-22,55,55,13,13:45,15,186.0,150.25,156.5,35.75,31.0,628.0,351.0,277.0,19284.0,0,22.3,2,6,점심 정지·재개(12~14시),4,0,2
2021-06-24,33,35,8,08:15,45,188.0,162.0,161.75,26.0,16.0,429.0,1695.0,-1266.0,17643.0,0,20.8,4,6,오전 가동 시작(7~9시),4,0,2
2021-06-24,54,55,13,13:30,30,190.0,131.25,163.25,58.75,35.0,814.0,328.0,486.0,17643.0,0,24.0,4,6,점심 정지·재개(12~14시),4,0,1
2021-06-24,63,63,15,15:45,15,180.0,144.75,162.25,35.25,39.0,2131.0,1221.0,910.0,17643.0,0,23.7,4,6,오후 가동 중(14~17시),4,0,2
2021-06-25,43,44,10,10:45,30,184.0,168.5,168.25,15.5,6.0,1426.0,620.0,806.0,17958.0,0,25.9,5,6,오전 가동 중(9~12시),4,0,2
2021-06-25,47,47,11,11:45,15,183.0,180.0,121.75,3.0,6.0,1382.0,1426.0,-44.0,17958.0,0,26.0,5,6,오전 가동 중(9~12시),4,0,2
2021-06-25,52,53,13,13:00,30,185.0,121.75,177.25,63.25,80.0,1234.0,262.0,972.0,17958.0,0,26.0,5,6,점심 정지·재개(12~14시),4,0,1
2021-06-25,56,56,14,14:00,15,184.0,179.25,169.0,4.75,10.0,705.0,1234.0,-529.0,17958.0,0,25.1,5,6,오후 가동 중(14~17시),4,0,2
2021-06-25,61,62,15,15:15,30,186.0,169.0,166.75,17.0,4.0,414.0,705.0,-291.0,17958.0,0,24.8,5,6,오후 가동 중(14~17시),4,0,2
2021-06-25,71,71,17,17:45,15,180.0,140.0,141.5,40.0,76.0,758.0,790.0,-32.0,17958.0,0,24.3,5,6,저녁·야간(17시~),4,0,2
2021-06-28,34,37,8,08:30,60,198.0,117.25,166.25,80.75,46.0,277.0,0.0,277.0,17807.0,1,24.1,1,6,오전 가동 시작(7~9시),2,0,1
2021-06-28,41,42,10,10:15,30,184.0,165.75,178.75,18.25,12.0,1376.0,767.0,609.0,17807.0,1,25.3,1,6,오전 가동 중(9~12시),2,0,2
2021-06-28,46,47,11,11:30,30,193.0,176.0,121.25,17.0,17.0,2873.0,1376.0,1497.0,17807.0,1,25.8,1,6,오전 가동 중(9~12시),2,0,2
2021-06-28,53,56,13,13:15,60,191.0,130.75,173.25,60.25,54.0,1350.0,452.0,898.0,17807.0,1,25.5,1,6,점심 정지·재개(12~14시),2,0,1
2021-06-28,59,63,14,14:45,75,194.0,180.75,167.75,13.25,18.0,1903.0,1350.0,553.0,17807.0,1,25.3,1,6,오후 가동 중(14~17시),2,0,2
2021-06-28,72,73,18,18:00,30,185.0,150.0,166.5,35.0,17.0,2365.0,1626.0,739.0,17807.0,1,22.7,1,6,저녁·야간(17시~),2,0,2
2021-06-29,32,36,8,08:00,75,222.0,136.75,168.25,85.25,36.0,893.0,1052.0,-159.0,21196.0,0,23.3,2,6,오전 가동 시작(7~9시),3,0,1
2021-06-29,44,47,11,11:00,60,200.0,162.75,117.75,37.25,7.0,1340.0,1301.0,39.0,21196.0,0,25.0,2,6,오전 가동 중(9~12시),3,0,2
2021-06-29,53,58,13,13:15,90,194.0,129.0,166.25,65.0,61.0,1288.0,530.0,758.0,21196.0,0,25.3,2,6,점심 정지·재개(12~14시),3,0,1
2021-06-30,34,37,8,08:30,60,193.0,156.5,164.25,36.5,21.0,808.0,1446.0,-638.0,18575.0,0,23.7,3,6,오전 가동 시작(7~9시),3,0,2
2021-06-30,55,55,13,13:45,15,184.0,147.75,165.75,36.25,18.0,750.0,203.0,547.0,18575.0,0,26.1,3,6,점심 정지·재개(12~14시),3,0,2
2021-06-30,70,70,17,17:30,15,181.0,147.75,160.0,33.25,48.0,3212.0,774.0,2438.0,18575.0,0,23.4,3,6,저녁·야간(17시~),3,0,2
2021-07-01,33,38,8,08:15,90,194.0,143.5,171.25,50.5,42.0,676.0,752.0,-76.0,18353.0,0,23.8,4,7,오전 가동 시작(7~9시),1,1,1
2021-07-01,42,47,10,10:30,90,190.0,170.75,111.25,19.25,38.0,2373.0,1028.0,1345.0,18353.0,0,26.0,4,7,오전 가동 중(9~12시),1,1,2
2021-07-01,53,58,13,13:15,90,206.0,123.25,157.75,82.75,81.0,474.0,340.0,134.0,18353.0,0,26.4,4,7,점심 정지·재개(12~14시),1,1,1
2021-07-01,63,64,15,15:45,30,197.0,157.75,154.25,39.25,53.0,354.0,3036.0,-2682.0,18353.0,0,26.4,4,7,오후 가동 중(14~17시),1,1,2
2021-07-02,36,36,9,09:00,15,187.0,161.0,163.0,26.0,19.0,852.0,813.0,39.0,19849.0,0,23.4,5,7,오전 가동 중(9~12시),1,1,2
2021-07-02,44,46,11,11:00,45,186.0,164.0,120.25,22.0,5.0,1301.0,512.0,789.0,19849.0,0,23.0,5,7,오전 가동 중(9~12시),1,1,2
2021-07-02,58,58,14,14:30,15,183.0,173.75,147.5,9.25,16.0,855.0,1376.0,-521.0,19849.0,0,24.5,5,7,오후 가동 중(14~17시),1,1,2
2021-07-05,34,34,8,08:30,15,183.0,122.5,172.5,60.5,38.0,982.0,0.0,982.0,15715.0,1,23.4,1,7,오전 가동 시작(7~9시),1,1,1
2021-07-05,41,44,10,10:15,60,185.0,164.0,154.25,21.0,17.0,814.0,2566.0,-1752.0,15715.0,1,24.6,1,7,오전 가동 중(9~12시),1,1,2
2021-07-05,55,55,13,13:45,15,181.0,147.25,168.5,33.75,16.0,613.0,31.0,582.0,15715.0,1,26.0,1,7,점심 정지·재개(12~14시),1,1,2
2021-07-05,63,63,15,15:45,15,183.0,155.75,158.25,27.25,43.0,711.0,2781.0,-2070.0,15715.0,1,25.5,1,7,오후 가동 중(14~17시),1,1,2
2021-07-06,34,35,8,08:30,30,193.0,155.0,179.75,38.0,16.0,313.0,2041.0,-1728.0,16581.0,0,24.2,2,7,오전 가동 시작(7~9시),1,1,2
2021-07-06,38,39,9,09:30,30,185.0,181.75,168.25,3.25,9.0,734.0,313.0,421.0,16581.0,0,24.6,2,7,오전 가동 중(9~12시),1,1,2
2021-07-06,45,45,11,11:15,15,182.0,175.0,146.0,7.0,7.0,568.0,792.0,-224.0,16581.0,0,23.2,2,7,오전 가동 중(9~12시),1,1,2
2021-07-06,56,56,14,14:00,15,182.0,158.5,170.0,23.5,13.0,648.0,2227.0,-1579.0,16581.0,0,23.5,2,7,오후 가동 중(14~17시),1,1,2
2021-07-06,59,59,14,14:45,15,185.0,171.0,158.25,14.0,9.0,648.0,2227.0,-1579.0,16581.0,0,23.5,2,7,오후 가동 중(14~17시),1,1,2
2021-07-07,34,37,8,08:30,60,203.0,153.0,170.0,50.0,35.0,675.0,1847.0,-1172.0,19407.0,0,25.0,3,7,오전 가동 시작(7~9시),1,1,1
2021-07-07,41,42,10,10:15,30,186.0,169.25,176.75,16.75,10.0,3638.0,1990.0,1648.0,19407.0,0,24.9,3,7,오전 가동 중(9~12시),1,1,2
2021-07-07,45,46,11,11:15,30,183.0,178.5,128.5,4.5,12.0,954.0,3638.0,-2684.0,19407.0,0,23.3,3,7,오전 가동 중(9~12시),1,1,2
2021-07-07,54,57,13,13:30,60,185.0,133.5,154.0,51.5,39.0,320.0,0.0,320.0,19407.0,0,23.8,3,7,점심 정지·재개(12~14시),1,1,1
2021-07-07,65,65,16,16:15,15,181.0,166.25,141.75,14.75,8.0,1579.0,1208.0,371.0,19407.0,0,23.6,3,7,오후 가동 중(14~17시),1,1,2
2021-07-08,35,47,8,08:45,195,201.0,155.75,119.75,45.25,33.0,560.0,436.0,124.0,19519.0,0,23.7,4,7,오전 가동 시작(7~9시),1,1,1
2021-07-08,53,58,13,13:15,90,201.0,128.5,154.75,72.5,66.0,2140.0,0.0,2140.0,19519.0,0,24.1,4,7,점심 정지·재개(12~14시),1,1,1
2021-07-08,63,66,15,15:45,60,186.0,154.75,126.75,31.25,42.0,350.0,1434.0,-1084.0,19519.0,0,24.6,4,7,오후 가동 중(14~17시),1,1,2
2021-07-09,34,35,8,08:30,30,188.0,157.5,166.0,30.5,34.0,564.0,536.0,28.0,16527.0,0,22.7,5,7,오전 가동 시작(7~9시),1,1,2
2021-07-09,53,54,13,13:15,30,186.0,110.5,175.0,75.5,87.0,1119.0,0.0,1119.0,16527.0,0,24.0,5,7,점심 정지·재개(12~14시),1,1,1
2021-07-09,57,59,14,14:15,45,192.0,176.0,167.25,16.0,14.0,2229.0,1119.0,1110.0,16527.0,0,22.6,5,7,오후 가동 중(14~17시),1,1,2
2021-07-09,63,63,15,15:45,15,188.0,168.25,171.0,19.75,39.0,774.0,2229.0,-1455.0,16527.0,0,22.7,5,7,오후 가동 중(14~17시),1,1,2
2021-07-12,33,47,8,08:15,225,198.0,95.5,114.75,102.5,73.0,522.0,0.0,522.0,17043.0,1,28.4,1,7,오전 가동 시작(7~9시),1,1,1
2021-07-12,57,59,14,14:15,45,190.0,174.5,164.0,15.5,10.0,5121.0,676.0,4445.0,17043.0,1,31.4,1,7,오후 가동 중(14~17시),1,1,2
2021-07-12,62,63,15,15:30,30,188.0,165.25,173.75,22.75,39.0,1018.0,5121.0,-4103.0,17043.0,1,30.6,1,7,오후 가동 중(14~17시),1,1,2
2021-07-14,33,46,8,08:15,210,195.0,143.5,119.25,51.5,49.0,530.0,582.0,-52.0,17253.0,0,29.4,3,7,오전 가동 시작(7~9시),1,1,1
2021-07-14,56,56,14,14:00,15,186.0,165.75,166.5,20.25,18.0,1154.0,1564.0,-410.0,17253.0,0,32.1,3,7,오후 가동 중(14~17시),1,1,2
2021-07-16,33,39,8,08:15,105,194.0,152.75,168.75,41.25,36.0,555.0,563.0,-8.0,24412.0,0,27.5,5,7,오전 가동 시작(7~9시),1,1,1
2021-07-16,42,47,10,10:30,90,197.0,169.5,116.25,27.5,57.0,4118.0,1863.0,2255.0,24412.0,0,29.0,5,7,오전 가동 중(9~12시),1,1,2
2021-07-16,55,55,13,13:45,15,181.0,156.5,165.5,24.5,5.0,2135.0,248.0,1887.0,24412.0,0,28.5,5,7,점심 정지·재개(12~14시),1,1,2
2021-07-16,59,59,14,14:45,15,181.0,165.5,158.0,15.5,34.0,2010.0,2135.0,-125.0,24412.0,0,28.3,5,7,오후 가동 중(14~17시),1,1,2
2021-07-16,62,62,15,15:30,15,189.0,155.25,169.75,33.75,55.0,1731.0,2010.0,-279.0,24412.0,0,27.4,5,7,오후 가동 중(14~17시),1,1,2
2021-07-19,33,38,8,08:15,90,200.0,101.5,177.75,98.5,81.0,604.0,0.0,604.0,13584.0,1,27.3,1,7,오전 가동 시작(7~9시),1,1,1
2021-07-19,41,47,10,10:15,105,222.0,170.25,117.25,51.75,4.0,568.0,1431.0,-863.0,13584.0,1,27.9,1,7,오전 가동 중(9~12시),1,1,2
2021-07-19,53,54,13,13:15,30,193.0,123.0,179.0,70.0,75.0,645.0,0.0,645.0,13584.0,1,28.8,1,7,점심 정지·재개(12~14시),1,1,1
2021-07-19,57,57,14,14:15,15,190.0,182.5,157.25,7.5,16.0,2075.0,645.0,1430.0,13584.0,1,28.5,1,7,오후 가동 중(14~17시),1,1,2
2021-07-19,62,66,15,15:30,75,201.0,157.25,146.25,43.75,53.0,2253.0,2075.0,178.0,13584.0,1,28.9,1,7,오후 가동 중(14~17시),1,1,2
2021-07-19,71,72,17,17:45,30,190.0,146.25,162.25,43.75,80.0,389.0,1495.0,-1106.0,13584.0,1,29.0,1,7,저녁·야간(17시~),1,1,2
2021-07-20,33,47,8,08:15,225,201.0,148.5,121.0,52.5,45.0,1248.0,1086.0,162.0,23473.0,0,29.7,2,7,오전 가동 시작(7~9시),1,1,1
2021-07-20,54,59,13,13:30,90,194.0,138.75,167.0,55.25,26.0,1234.0,0.0,1234.0,23473.0,0,30.1,2,7,점심 정지·재개(12~14시),1,1,1
2021-07-20,62,64,15,15:30,45,201.0,164.25,163.75,36.75,35.0,419.0,823.0,-404.0,23473.0,0,30.2,2,7,오후 가동 중(14~17시),1,1,2
2021-07-20,67,67,16,16:45,15,181.0,189.5,131.75,-8.5,2.0,2403.0,419.0,1984.0,23473.0,0,29.7,2,7,오후 가동 중(14~17시),1,1,2
2021-07-20,73,73,18,18:15,15,182.0,147.5,171.5,34.5,23.0,2031.0,881.0,1150.0,23473.0,0,27.5,2,7,저녁·야간(17시~),1,1,2
2021-07-21,33,47,8,08:15,225,214.0,143.0,127.5,71.0,52.0,933.0,842.0,91.0,19461.0,0,28.3,3,7,오전 가동 시작(7~9시),1,1,1
2021-07-21,53,59,13,13:15,105,204.0,134.25,171.0,69.75,65.0,1911.0,88.0,1823.0,19461.0,0,29.2,3,7,점심 정지·재개(12~14시),1,1,1
2021-07-21,62,67,15,15:30,90,199.0,174.25,137.75,24.75,48.0,4021.0,972.0,3049.0,19461.0,0,28.9,3,7,오후 가동 중(14~17시),1,1,2
2021-07-22,32,47,8,08:00,240,213.0,121.75,103.5,91.25,52.0,709.0,1255.0,-546.0,15801.0,0,27.7,4,7,오전 가동 시작(7~9시),1,1,1
2021-07-22,58,59,14,14:30,30,189.0,176.75,163.5,12.25,4.0,383.0,2297.0,-1914.0,15801.0,0,28.6,4,7,오후 가동 중(14~17시),1,1,2
2021-07-22,62,63,15,15:30,30,182.0,165.75,165.25,16.25,33.0,727.0,383.0,344.0,15801.0,0,28.7,4,7,오후 가동 중(14~17시),1,1,2
2021-07-23,33,47,8,08:15,225,202.0,140.0,113.0,62.0,58.0,999.0,2387.0,-1388.0,23560.0,0,26.8,5,7,오전 가동 시작(7~9시),1,1,1
2021-07-23,53,59,13,13:15,105,192.0,122.0,175.25,70.0,83.0,979.0,0.0,979.0,23560.0,0,29.2,5,7,점심 정지·재개(12~14시),1,1,1
2021-07-23,62,66,15,15:30,75,206.0,169.0,138.0,37.0,40.0,923.0,1335.0,-412.0,23560.0,0,28.4,5,7,오후 가동 중(14~17시),1,1,2
2021-07-26,33,47,8,08:15,225,217.0,107.25,113.0,109.75,90.0,805.0,0.0,805.0,24022.0,1,29.4,1,7,오전 가동 시작(7~9시),1,1,1
2021-07-26,54,54,13,13:30,15,180.0,135.0,181.0,45.0,29.0,1969.0,0.0,1969.0,24022.0,1,31.1,1,7,점심 정지·재개(12~14시),1,1,2
2021-07-26,57,59,14,14:15,45,199.0,175.25,157.5,23.75,15.0,669.0,1969.0,-1300.0,24022.0,1,30.5,1,7,오후 가동 중(14~17시),1,1,2
2021-07-26,62,62,15,15:30,15,180.0,164.25,170.0,15.75,43.0,2463.0,669.0,1794.0,24022.0,1,30.4,1,7,오후 가동 중(14~17시),1,1,2
2021-07-26,72,73,18,18:00,30,186.0,135.75,169.25,50.25,42.0,1120.0,6579.0,-5459.0,24022.0,1,27.3,1,7,저녁·야간(17시~),1,1,1
2021-07-27,33,35,8,08:15,45,207.0,152.5,180.75,54.5,46.0,1862.0,1262.0,600.0,20776.0,0,27.8,2,7,오전 가동 시작(7~9시),1,1,1
2021-07-27,38,47,9,09:30,150,211.0,183.0,109.5,28.0,17.0,593.0,1862.0,-1269.0,20776.0,0,29.9,2,7,오전 가동 중(9~12시),1,1,2
2021-07-27,53,59,13,13:15,105,199.0,117.5,179.25,81.5,74.0,606.0,184.0,422.0,20776.0,0,29.7,2,7,점심 정지·재개(12~14시),1,1,1
2021-07-27,62,67,15,15:30,90,201.0,177.75,158.75,23.25,44.0,1224.0,1654.0,-430.0,20776.0,0,29.2,2,7,오후 가동 중(14~17시),1,1,2
2021-07-27,71,71,17,17:45,15,184.0,159.25,168.75,24.75,48.0,350.0,1271.0,-921.0,20776.0,0,28.4,2,7,저녁·야간(17시~),1,1,2
2021-07-27,78,78,19,19:30,15,180.0,170.0,148.75,10.0,8.0,3392.0,5796.0,-2404.0,20776.0,0,26.4,2,7,저녁·야간(17시~),1,1,2
2021-07-28,32,47,8,08:00,240,212.0,156.0,120.75,56.0,13.0,2013.0,1841.0,172.0,24285.0,0,27.2,3,7,오전 가동 시작(7~9시),2,1,1
2021-07-28,53,59,13,13:15,105,203.0,129.0,161.25,74.0,84.0,1488.0,296.0,1192.0,24285.0,0,30.2,3,7,점심 정지·재개(12~14시),2,1,1
2021-07-28,62,64,15,15:30,45,187.0,169.25,159.0,17.75,52.0,300.0,1197.0,-897.0,24285.0,0,28.6,3,7,오후 가동 중(14~17시),2,1,2
2021-07-28,71,75,17,17:45,75,190.0,140.75,151.0,49.25,84.0,682.0,2747.0,-2065.0,24285.0,0,28.7,3,7,저녁·야간(17시~),2,1,1
2021-07-29,33,47,8,08:15,225,211.0,154.0,112.0,57.0,30.0,909.0,925.0,-16.0,25698.0,0,28.6,4,7,오전 가동 시작(7~9시),1,1,1
2021-07-29,53,59,13,13:15,105,206.0,121.25,163.5,84.75,95.0,1480.0,200.0,1280.0,25698.0,0,31.6,4,7,점심 정지·재개(12~14시),1,1,1
2021-07-29,62,62,15,15:30,15,186.0,170.5,167.25,15.5,43.0,2184.0,3092.0,-908.0,25698.0,0,30.3,4,7,오후 가동 중(14~17시),1,1,2
2021-07-29,74,74,18,18:30,15,180.0,157.5,173.75,22.5,15.0,5687.0,735.0,4952.0,25698.0,0,28.2,4,7,저녁·야간(17시~),1,1,2
2021-07-29,78,78,19,19:30,15,181.0,173.5,135.75,7.5,9.0,2616.0,5687.0,-3071.0,25698.0,0,27.5,4,7,저녁·야간(17시~),1,1,2
2021-07-30,32,47,8,08:00,240,212.0,156.0,120.75,56.0,13.0,1134.0,1229.0,-95.0,12688.0,0,30.3,5,7,오전 가동 시작(7~9시),2,0,1
2021-07-30,53,59,13,13:15,105,203.0,129.0,161.25,74.0,84.0,1769.0,0.0,1769.0,12688.0,0,32.1,5,7,점심 정지·재개(12~14시),2,0,1
2021-07-30,62,64,15,15:30,45,187.0,169.25,159.0,17.75,52.0,790.0,1204.0,-414.0,12688.0,0,33.2,5,7,오후 가동 중(14~17시),2,0,2
2021-07-30,71,75,17,17:45,75,190.0,140.75,151.0,49.25,84.0,0.0,1575.0,-1575.0,12688.0,0,30.7,5,7,저녁·야간(17시~),2,0,1
2021-08-09,33,47,8,08:15,225,215.0,102.5,129.25,112.5,79.0,749.0,10.0,739.0,20689.0,1,23.6,1,8,오전 가동 시작(7~9시),1,1,1
2021-08-09,54,58,13,13:30,75,200.0,147.0,164.5,53.0,30.0,7569.0,120.0,7449.0,20689.0,1,29.2,1,8,점심 정지·재개(12~14시),1,1,1
2021-08-09,63,66,15,15:45,60,191.0,164.5,160.25,26.5,25.0,1087.0,3753.0,-2666.0,20689.0,1,28.7,1,8,오후 가동 중(14~17시),1,1,2
2021-08-10,33,47,8,08:15,225,195.0,138.5,107.25,56.5,57.0,503.0,1883.0,-1380.0,17425.0,0,23.2,2,8,오전 가동 시작(7~9시),1,1,1
2021-08-10,53,56,13,13:15,60,190.0,117.75,158.5,72.25,77.0,1199.0,0.0,1199.0,17425.0,0,26.5,2,8,점심 정지·재개(12~14시),1,1,1
2021-08-10,63,65,15,15:45,45,182.0,150.75,132.5,31.25,43.0,687.0,1693.0,-1006.0,17425.0,0,25.4,2,8,오후 가동 중(14~17시),1,1,2
2021-08-11,33,36,8,08:15,60,218.0,147.25,173.5,70.75,56.0,783.0,527.0,256.0,19587.0,0,25.6,3,8,오전 가동 시작(7~9시),1,1,1
2021-08-11,39,43,9,09:45,75,192.0,184.25,184.0,7.75,18.0,885.0,783.0,102.0,19587.0,0,27.3,3,8,오전 가동 중(9~12시),1,1,2
2021-08-11,46,47,11,11:30,30,192.0,182.25,113.25,9.75,14.0,1856.0,4050.0,-2194.0,19587.0,0,27.6,3,8,오전 가동 중(9~12시),1,1,2
2021-08-11,54,57,13,13:30,60,207.0,136.25,156.25,70.75,36.0,500.0,187.0,313.0,19587.0,0,28.7,3,8,점심 정지·재개(12~14시),1,1,1
2021-08-11,64,67,16,16:00,60,187.0,152.75,150.75,34.25,8.0,330.0,1734.0,-1404.0,19587.0,0,27.0,3,8,오후 가동 중(14~17시),1,1,2
2021-08-11,72,73,18,18:00,30,194.0,150.75,165.5,43.25,26.0,2420.0,251.0,2169.0,19587.0,0,25.2,3,8,저녁·야간(17시~),1,1,2
2021-08-12,33,38,8,08:15,90,196.0,142.25,173.25,53.75,45.0,1250.0,702.0,548.0,22339.0,0,25.3,4,8,오전 가동 시작(7~9시),1,1,1
2021-08-12,41,43,10,10:15,45,186.0,172.75,187.5,13.25,16.0,990.0,1195.0,-205.0,22339.0,0,28.8,4,8,오전 가동 중(9~12시),1,1,2
2021-08-12,46,47,11,11:30,30,199.0,179.5,119.5,19.5,20.0,1075.0,990.0,85.0,22339.0,0,28.2,4,8,오전 가동 중(9~12시),1,1,2
2021-08-12,54,59,13,13:30,90,193.0,133.0,165.25,60.0,33.0,1315.0,85.0,1230.0,22339.0,0,28.2,4,8,점심 정지·재개(12~14시),1,1,1
2021-08-12,62,63,15,15:30,30,197.0,163.5,169.75,33.5,53.0,768.0,1222.0,-454.0,22339.0,0,27.1,4,8,오후 가동 중(14~17시),1,1,2
2021-08-12,77,77,19,19:15,15,182.0,170.5,134.25,11.5,21.0,3692.0,1081.0,2611.0,22339.0,0,25.4,4,8,저녁·야간(17시~),1,1,2
2021-08-13,32,47,8,08:00,240,207.0,135.75,110.5,71.25,41.0,1107.0,352.0,755.0,17668.0,0,24.9,5,8,오전 가동 시작(7~9시),1,1,1
2021-08-13,53,59,13,13:15,105,200.0,117.5,167.0,82.5,92.0,1393.0,30.0,1363.0,17668.0,0,25.9,5,8,점심 정지·재개(12~14시),1,1,1
2021-08-13,62,66,15,15:30,75,195.0,163.5,149.5,31.5,44.0,1316.0,1512.0,-196.0,17668.0,0,26.2,5,8,오후 가동 중(14~17시),1,1,2
2021-08-16,33,38,8,08:15,90,190.0,91.75,147.0,98.25,58.0,566.0,27.0,539.0,10238.0,1,23.1,1,8,오전 가동 시작(7~9시),1,1,1
2021-08-18,46,46,11,11:30,15,183.0,171.75,112.5,11.25,10.0,2090.0,1429.0,661.0,20063.0,0,23.3,3,8,오전 가동 중(9~12시),1,1,2
2021-08-18,58,59,14,14:30,30,185.0,174.75,169.75,10.25,6.0,1872.0,565.0,1307.0,20063.0,0,24.9,3,8,오후 가동 중(14~17시),1,1,2
2021-08-18,62,64,15,15:30,45,188.0,170.75,148.0,17.25,43.0,1482.0,1872.0,-390.0,20063.0,0,24.4,3,8,오후 가동 중(14~17시),1,1,2
2021-08-18,71,71,17,17:45,15,186.0,132.25,163.5,53.75,87.0,558.0,1933.0,-1375.0,20063.0,0,23.2,3,8,저녁·야간(17시~),1,1,2
2021-08-19,33,33,8,08:15,15,185.0,143.75,167.75,41.25,42.0,670.0,745.0,-75.0,25976.0,0,23.9,4,8,오전 가동 시작(7~9시),1,1,2
2021-08-19,38,38,9,09:30,15,182.0,167.75,163.0,14.25,20.0,942.0,670.0,272.0,25976.0,0,24.6,4,8,오전 가동 중(9~12시),1,1,2
2021-08-19,45,45,11,11:15,15,188.0,171.0,138.25,17.0,11.0,2542.0,1599.0,943.0,25976.0,0,25.2,4,8,오전 가동 중(9~12시),1,1,2
2021-08-19,59,59,14,14:45,15,184.0,172.0,170.25,12.0,17.0,2843.0,2129.0,714.0,25976.0,0,25.7,4,8,오후 가동 중(14~17시),1,1,2
2021-08-19,62,62,15,15:30,15,185.0,169.75,169.0,15.25,40.0,349.0,2843.0,-2494.0,25976.0,0,25.5,4,8,오후 가동 중(14~17시),1,1,2
2021-08-20,44,47,11,11:00,60,193.0,157.25,110.75,35.75,21.0,3707.0,1450.0,2257.0,25213.0,0,24.9,5,8,오전 가동 중(9~12시),1,1,2
2021-08-20,53,53,13,13:15,15,180.0,125.0,172.75,55.0,46.0,1382.0,5245.0,-3863.0,25213.0,0,25.6,5,8,점심 정지·재개(12~14시),1,1,1
2021-08-20,58,58,14,14:30,15,184.0,172.75,161.5,11.25,7.0,3002.0,1382.0,1620.0,25213.0,0,26.7,5,8,오후 가동 중(14~17시),1,1,2
2021-08-23,35,42,8,08:45,120,187.0,144.75,180.25,42.25,18.0,759.0,0.0,759.0,16580.0,1,24.9,1,8,오전 가동 시작(7~9시),1,1,1
2021-08-23,45,47,11,11:15,45,191.0,176.75,115.5,14.25,14.0,1300.0,884.0,416.0,16580.0,1,26.3,1,8,오전 가동 중(9~12시),1,1,2
2021-08-23,52,63,13,13:00,180,196.0,115.5,171.5,80.5,81.0,1758.0,333.0,1425.0,16580.0,1,23.4,1,8,점심 정지·재개(12~14시),1,1,1
2021-08-24,33,41,8,08:15,135,196.0,143.75,178.25,52.25,47.0,2623.0,583.0,2040.0,16955.0,0,25.0,2,8,오전 가동 시작(7~9시),1,1,1
2021-08-24,45,47,11,11:15,45,188.0,177.75,114.75,10.25,9.0,901.0,1007.0,-106.0,16955.0,0,25.7,2,8,오전 가동 중(9~12시),1,1,2
2021-08-24,54,59,13,13:30,90,190.0,141.25,174.5,48.75,15.0,2240.0,164.0,2076.0,16955.0,0,27.1,2,8,점심 정지·재개(12~14시),1,1,1
2021-08-24,62,66,15,15:30,75,201.0,170.5,143.5,30.5,44.0,1537.0,510.0,1027.0,16955.0,0,28.4,2,8,오후 가동 중(14~17시),1,1,2
2021-08-25,34,34,8,08:30,15,182.0,161.25,170.5,20.75,26.0,470.0,506.0,-36.0,22076.0,0,25.6,3,8,오전 가동 시작(7~9시),1,1,2
2021-08-25,39,39,9,09:45,15,181.0,170.5,177.0,10.5,14.0,2173.0,470.0,1703.0,22076.0,0,25.6,3,8,오전 가동 중(9~12시),1,1,2
2021-08-25,42,43,10,10:30,30,189.0,172.0,173.0,17.0,34.0,1134.0,2173.0,-1039.0,22076.0,0,25.8,3,8,오전 가동 중(9~12시),1,1,2
2021-08-25,46,46,11,11:30,15,184.0,176.5,124.25,7.5,12.0,1409.0,1134.0,275.0,22076.0,0,26.3,3,8,오전 가동 중(9~12시),1,1,2
2021-08-25,53,53,13,13:15,15,180.0,122.0,172.25,58.0,60.0,1825.0,162.0,1663.0,22076.0,0,26.0,3,8,점심 정지·재개(12~14시),1,1,1
2021-08-25,58,59,14,14:30,30,184.0,172.25,168.5,11.75,1.0,2166.0,1825.0,341.0,22076.0,0,26.0,3,8,오후 가동 중(14~17시),1,1,2
2021-08-25,63,63,15,15:45,15,180.0,169.5,161.75,10.5,2.0,1786.0,2166.0,-380.0,22076.0,0,25.8,3,8,오후 가동 중(14~17시),1,1,2
2021-08-26,33,47,8,08:15,225,199.0,146.75,110.5,52.25,42.0,592.0,1981.0,-1389.0,20064.0,0,28.1,4,8,오전 가동 시작(7~9시),1,1,1
2021-08-26,54,64,13,13:30,165,202.0,141.25,156.0,60.75,26.0,1792.0,37.0,1755.0,20064.0,0,31.8,4,8,점심 정지·재개(12~14시),1,1,1
2021-08-27,33,37,8,08:15,75,190.0,139.75,165.5,50.25,48.0,263.0,698.0,-435.0,25769.0,0,25.0,5,8,오전 가동 시작(7~9시),1,1,1
2021-08-27,45,45,11,11:15,15,182.0,177.0,136.0,5.0,6.0,2214.0,1056.0,1158.0,25769.0,0,28.0,5,8,오전 가동 중(9~12시),1,1,2
2021-08-30,35,35,8,08:45,15,183.0,141.25,169.75,41.75,8.0,879.0,0.0,879.0,10719.0,1,25.5,1,8,오전 가동 시작(7~9시),1,1,2
2021-08-30,38,38,9,09:30,15,180.0,171.25,173.5,8.75,13.0,1343.0,879.0,464.0,10719.0,1,26.4,1,8,오전 가동 중(9~12시),1,1,2
2021-08-30,41,42,10,10:15,30,186.0,166.5,167.5,19.5,6.0,844.0,1343.0,-499.0,10719.0,1,27.1,1,8,오전 가동 중(9~12시),1,1,2
2021-08-30,47,47,11,11:45,15,180.0,167.5,114.25,12.5,2.0,766.0,844.0,-78.0,10719.0,1,27.3,1,8,오전 가동 중(9~12시),1,1,2
2021-08-31,39,44,9,09:45,90,187.0,161.75,146.25,25.25,23.0,942.0,653.0,289.0,16443.0,0,22.5,2,8,오전 가동 중(9~12시),1,1,2
2021-08-31,53,53,13,13:15,15,184.0,125.75,177.75,58.25,49.0,710.0,194.0,516.0,16443.0,0,26.1,2,8,점심 정지·재개(12~14시),1,1,1
2021-08-31,56,58,14,14:00,45,187.0,173.75,160.25,13.25,12.0,1198.0,710.0,488.0,16443.0,0,25.3,2,8,오후 가동 중(14~17시),1,1,2
2021-08-31,65,65,16,16:15,15,180.0,167.5,135.5,12.5,13.0,2164.0,1803.0,361.0,16443.0,0,24.7,2,8,오후 가동 중(14~17시),1,1,2
2021-09-01,33,43,8,08:15,165,198.0,134.0,173.75,64.0,47.0,829.0,1747.0,-918.0,19638.0,0,21.7,3,9,오전 가동 시작(7~9시),1,1,1
2021-09-01,46,46,11,11:30,15,180.0,186.5,122.25,-6.5,1.0,1677.0,806.0,871.0,19638.0,0,25.0,3,9,오전 가동 중(9~12시),1,1,2
2021-09-01,53,59,13,13:15,105,192.0,131.0,173.0,61.0,46.0,1498.0,36.0,1462.0,19638.0,0,27.9,3,9,점심 정지·재개(12~14시),1,1,1
2021-09-01,63,66,15,15:45,60,187.0,172.5,135.5,14.5,7.0,1155.0,2107.0,-952.0,19638.0,0,23.7,3,9,오후 가동 중(14~17시),1,1,2
2021-09-01,71,71,17,17:45,15,180.0,135.5,163.25,44.5,75.0,437.0,1460.0,-1023.0,19638.0,0,21.8,3,9,저녁·야간(17시~),1,1,2
2021-09-02,38,47,9,09:30,150,198.0,169.75,111.75,28.25,23.0,990.0,811.0,179.0,19351.0,0,21.2,4,9,오전 가동 중(9~12시),1,1,2
2021-09-02,55,59,13,13:45,75,195.0,158.75,170.25,36.25,15.0,1379.0,73.0,1306.0,19351.0,0,23.3,4,9,점심 정지·재개(12~14시),1,1,2
2021-09-02,64,64,16,16:00,15,181.0,170.25,161.75,10.75,4.0,1385.0,929.0,456.0,19351.0,0,22.0,4,9,오후 가동 중(14~17시),1,1,2
2021-09-03,44,47,11,11:00,60,190.0,162.5,108.0,27.5,21.0,337.0,517.0,-180.0,12845.0,0,21.0,5,9,오전 가동 중(9~12시),1,1,2
2021-09-03,58,58,14,14:30,15,181.0,176.25,160.0,4.75,3.0,280.0,1240.0,-960.0,12845.0,0,22.2,5,9,오후 가동 중(14~17시),1,1,2
2021-09-06,34,34,8,08:30,15,180.0,117.25,160.0,62.75,23.0,158.0,0.0,158.0,16628.0,1,23.3,1,9,오전 가동 시작(7~9시),1,1,1
2021-09-06,41,41,10,10:15,15,190.0,152.0,176.25,38.0,25.0,615.0,976.0,-361.0,16628.0,1,24.6,1,9,오전 가동 중(9~12시),1,1,2
2021-09-06,45,45,11,11:15,15,180.0,178.75,141.0,1.25,6.0,2362.0,615.0,1747.0,16628.0,1,23.9,1,9,오전 가동 중(9~12시),1,1,2
2021-09-07,35,35,8,08:45,15,192.0,161.0,169.75,31.0,21.0,1236.0,548.0,688.0,16424.0,0,21.7,2,9,오전 가동 시작(7~9시),1,1,2
2021-09-07,47,47,11,11:45,15,183.0,172.75,115.75,10.25,12.0,1540.0,1118.0,422.0,16424.0,0,24.5,2,9,오전 가동 중(9~12시),1,1,2
2021-09-07,52,54,13,13:00,45,189.0,115.75,175.5,73.25,87.0,1548.0,1184.0,364.0,16424.0,0,27.3,2,9,점심 정지·재개(12~14시),1,1,1
2021-09-07,58,59,14,14:30,30,191.0,173.75,166.0,17.25,13.0,1395.0,1548.0,-153.0,16424.0,0,26.5,2,9,오후 가동 중(14~17시),1,1,2
2021-09-08,33,33,8,08:15,15,181.0,144.0,168.5,37.0,48.0,476.0,2206.0,-1730.0,20831.0,0,23.3,3,9,오전 가동 시작(7~9시),1,1,2
2021-09-08,63,63,15,15:45,15,183.0,157.75,165.5,25.25,12.0,1042.0,6214.0,-5172.0,20831.0,0,24.7,3,9,오후 가동 중(14~17시),1,1,2
2021-09-08,71,71,17,17:45,15,182.0,140.0,163.5,42.0,73.0,616.0,513.0,103.0,20831.0,0,23.4,3,9,저녁·야간(17시~),1,1,2
2021-09-09,35,35,8,08:45,15,187.0,162.0,169.75,25.0,19.0,434.0,2056.0,-1622.0,17162.0,0,22.4,4,9,오전 가동 시작(7~9시),1,1,2
2021-09-09,46,46,11,11:30,15,190.0,164.75,122.5,25.25,31.0,688.0,1248.0,-560.0,17162.0,0,26.3,4,9,오전 가동 중(9~12시),1,1,2
2021-09-09,62,63,15,15:30,30,185.0,163.5,160.25,21.5,40.0,888.0,2666.0,-1778.0,17162.0,0,26.7,4,9,오후 가동 중(14~17시),1,1,2
2021-09-10,33,36,8,08:15,60,192.0,147.0,177.25,45.0,38.0,196.0,1777.0,-1581.0,18789.0,0,21.9,5,9,오전 가동 시작(7~9시),1,1,1
2021-09-10,39,41,9,09:45,45,204.0,181.0,172.5,23.0,33.0,1038.0,196.0,842.0,18789.0,0,21.8,5,9,오전 가동 중(9~12시),1,1,2
2021-09-10,46,47,11,11:30,30,188.0,172.5,116.25,15.5,3.0,1647.0,1409.0,238.0,18789.0,0,23.2,5,9,오전 가동 중(9~12시),1,1,2
2021-09-10,54,58,13,13:30,75,191.0,143.25,168.5,47.75,23.0,838.0,480.0,358.0,18789.0,0,24.9,5,9,점심 정지·재개(12~14시),1,1,1
2021-09-10,62,62,15,15:30,15,191.0,165.75,166.5,25.25,48.0,1214.0,968.0,246.0,18789.0,0,25.3,5,9,오후 가동 중(14~17시),1,1,2
2021-09-13,33,38,8,08:15,90,196.0,98.75,176.0,97.25,75.0,630.0,196.0,434.0,14174.0,1,23.6,1,9,오전 가동 시작(7~9시),1,1,1
2021-09-13,41,42,10,10:15,30,189.0,174.75,178.25,14.25,13.0,1924.0,1043.0,881.0,14174.0,1,23.9,1,9,오전 가동 중(9~12시),1,1,2
2021-09-13,46,47,11,11:30,30,191.0,180.25,117.0,10.75,3.0,946.0,1924.0,-978.0,14174.0,1,24.3,1,9,오전 가동 중(9~12시),1,1,2
2021-09-13,53,59,13,13:15,105,191.0,127.75,167.5,63.25,54.0,1996.0,20.0,1976.0,14174.0,1,24.6,1,9,점심 정지·재개(12~14시),1,1,1
2021-09-13,66,67,16,16:30,30,182.0,167.25,132.25,14.75,15.0,982.0,1138.0,-156.0,14174.0,1,23.4,1,9,오후 가동 중(14~17시),1,1,2
2021-09-14,34,34,8,08:30,15,184.0,162.25,164.25,21.75,22.0,432.0,1110.0,-678.0,19318.0,0,21.8,2,9,오전 가동 시작(7~9시),1,1,2
2021-09-14,46,47,11,11:30,30,180.0,157.5,118.0,22.5,25.0,2099.0,840.0,1259.0,19318.0,0,21.5,2,9,오전 가동 중(9~12시),1,1,2
